{"n_qubits": 8, "qubits": [1, 2, 3, 4, 5, 6, 7, 8], "fci_energy": -24.799985362719767, "hf_energy": -24.746345907080688, "CS_SRE": [0.23217839322954156, 0.36718124518582734, 0.3922660867795231, 0.42309447772532355, 0.4566301124070659, 0.46856337882371707, 0.4680642224907922, 0.4673088905047626], "CS_energy": [-24.761118503764045, -24.772157868070302, -24.776706704387166, -24.786110359683633, -24.79902267172586, -24.79967195361073, -24.799793035565298, -24.799985362720314], "overlaps": [0.9523142384563518, 0.9289902591453122, 0.9258370070737907, 0.9228518758041142, 0.917982764756599, 0.9160592887632664, 0.9161590493886322, 0.9163070353270764], "solver": "scipy", "data": {"molecule_id": "BH_singlet_Coov", "qubit_encoding": "JW", "unit": "Angstrom", "basis": "sto-3g", "charge": 0, "multiplicity": 1, "spin": 0, "geometry": "B 0.0000000000 0.0000000000 0.0616200000\nH 0.0000000000 0.0000000000 1.1707800000", "n_qubits": 12, "n_particles": {"total": 6, "alpha": 3, "beta": 3}, "hf_array": [1, 1, 1, 1, 1, 1, 0, 0, 0, 0, 0, 0], "hf_method": "pyscf.scf.hf_symm.SymAdaptedRHF", "convergence_threshold": 1e-06, "point_group": {"groupname": "Coov", "topgroup": "Coov"}, "alpha": 0.9, "calculated_properties": {"HF": {"energy": -24.746345907080688, "converged": true}, "MP2": {"energy": -24.77358919865753, "converged": null}, "CISD": {"energy": -24.798477849058326, "converged": true}, "CCSD": {"energy": -24.79981110760844, "converged": true, "t1_diagnostic": 0.007957678238153784}, "FCI": {"energy": -24.799985362719767, "converged": true, "spin_matches_target": true, "multiplicity": 1.0000000000000018, "oscillatory_converged": false, "oscillation_energy_change": null}}, "auxiliary_operators": {"number_operator": {"IIIIIIIIIIII": 6.0, "ZIIIIIIIIIII": -0.5, "IZIIIIIIIIII": -0.5, "IIZIIIIIIIII": -0.5, "IIIZIIIIIIII": -0.5, "IIIIZIIIIIII": -0.5, "IIIIIZIIIIII": -0.5, "IIIIIIZIIIII": -0.5, "IIIIIIIZIIII": -0.5, "IIIIIIIIZIII": -0.5, "IIIIIIIIIZII": -0.5, "IIIIIIIIIIZI": -0.5, "IIIIIIIIIIIZ": -0.5}, "N_alpha": {"IIIIIIIIIIII": 3.0, "ZIIIIIIIIIII": -0.5, "IIZIIIIIIIII": -0.5, "IIIIZIIIIIII": -0.5, "IIIIIIZIIIII": -0.5, "IIIIIIIIZIII": -0.5, "IIIIIIIIIIZI": -0.5}, "N_beta": {"IIIIIIIIIIII": 3.0, "IZIIIIIIIIII": -0.5, "IIIZIIIIIIII": -0.5, "IIIIIZIIIIII": -0.5, "IIIIIIIZIIII": -0.5, "IIIIIIIIIZII": -0.5, "IIIIIIIIIIIZ": -0.5}, "S^2_operator": {"IIIIIIIIIIII": 2.25, "IIZZIIIIIIII": -0.375, "IIIIIIIIIIZZ": -0.375, "IIIIZZIIIIII": -0.375, "IIIIIIZZIIII": -0.375, "IIIIIIIIZZII": -0.375, "ZZIIIIIIIIII": -0.375, "IIIIIIYXYXII": 0.125, "IIIIIIIIYYYY": 0.125, "IIIIIIIIYYXX": 0.125, "IIIIIIIIXYYX": -0.125, "IIIIIIIIXYXY": 0.125, "IIIIYYIIIIXX": 0.125, "ZIZIIIIIIIII": 0.125, "ZIIZIIIIIIII": -0.125, "ZIIIZIIIIIII": 0.125, "ZIIIIZIIIIII": -0.125, "ZIIIIIZIIIII": 0.125, "ZIIIIIIZIIII": -0.125, "ZIIIIIIIZIII": 0.125, "ZIIIIIIIIZII": -0.125, "ZIIIIIIIIIZI": 0.125, "ZIIIIIIIIIIZ": -0.125, "IZZIIIIIIIII": -0.125, "IIIIIIIIXXXX": 0.125, "IIIIXYIIIIXY": 0.125, "IIIIIIIIXXYY": 0.125, "IIIIIIIIYXYX": 0.125, "IIIIIIYXXYII": -0.125, "IIIIIIXXYYII": 0.125, "IIIIIIXXXXII": 0.125, "IIIIIIYYYYII": 0.125, "IIIIIIYYXXII": 0.125, "IIIIIIXYYXII": -0.125, "IIIIIIXYXYII": 0.125, "IIIIIIYXIIYX": 0.125, "IIIIIIYXIIXY": -0.125, "IIIIIIXXIIYY": 0.125, "IIIIIIXXIIXX": 0.125, "IIIIXYIIIIYX": -0.125, "IIIIIIYYIIYY": 0.125, "IIIIIIYYIIXX": 0.125, "IIIIIIXYIIYX": -0.125, "IIIIIIXYIIXY": 0.125, "IZIZIIIIIIII": 0.125, "IIIIIIIIYXXY": -0.125, "IZIIZIIIIIII": -0.125, "IZIIIIZIIIII": -0.125, "IIIIYYIIIIYY": 0.125, "IIIIZIIIIZII": -0.125, "IIIIZIIIIIZI": 0.125, "IIIIZIIIIIIZ": -0.125, "IIIIIZZIIIII": -0.125, "IIIIIZIZIIII": 0.125, "IIIIIZIIZIII": -0.125, "IIIIIZIIIZII": 0.125, "IIIIIZIIIIZI": -0.125, "IIIIIZIIIIIZ": 0.125, "IIIIIIZIZIII": 0.125, "IIIIIIZIIZII": -0.125, "IIIIIIZIIIZI": 0.125, "IIIIIIZIIIIZ": -0.125, "IIIIIIIZZIII": -0.125, "IIIIIIIZIZII": 0.125, "IIIIIIIZIIZI": -0.125, "IIIIIIIZIIIZ": 0.125, "IIIIIIIIZIZI": 0.125, "IIIIIIIIZIIZ": -0.125, "IIIIZIIIZIII": 0.125, "IIIIZIIZIIII": -0.125, "IIIIZIZIIIII": 0.125, "IIIZIIIIIIIZ": 0.125, "IZIIIIIZIIII": 0.125, "IZIIIIIIZIII": -0.125, "IZIIIIIIIZII": 0.125, "IZIIIIIIIIZI": -0.125, "IZIIIIIIIIIZ": 0.125, "IIZIZIIIIIII": 0.125, "IIZIIZIIIIII": -0.125, "IIZIIIZIIIII": 0.125, "IIZIIIIZIIII": -0.125, "IZIIIZIIIIII": 0.125, "IIZIIIIIZIII": 0.125, "IIZIIIIIIIZI": 0.125, "IIZIIIIIIIIZ": -0.125, "IIIZZIIIIIII": -0.125, "IIIZIZIIIIII": 0.125, "IIIZIIZIIIII": -0.125, "IIIZIIIZIIII": 0.125, "IIIZIIIIZIII": -0.125, "IIIZIIIIIZII": 0.125, "IIIZIIIIIIZI": -0.125, "IIZIIIIIIZII": -0.125, "IIIIXXIIIIXX": 0.125, "IIIIYXIIIIXY": -0.125, "IIIIIIIIIZZI": -0.125, "XYIIIIXYIIII": 0.125, "YXIIIIIIYXII": 0.125, "YXIIIIIIXYII": -0.125, "XXIIIIIIYYII": 0.125, "XXIIIIIIXXII": 0.125, "YYIIIIIIYYII": 0.125, "YYIIIIIIXXII": 0.125, "XYIIIIIIYXII": -0.125, "XYIIIIIIXYII": 0.125, "YXIIIIIIIIYX": 0.125, "YXIIIIIIIIXY": -0.125, "XXIIIIIIIIYY": 0.125, "XXIIIIIIIIXX": 0.125, "YYIIIIIIIIYY": 0.125, "YYIIIIIIIIXX": 0.125, "XYIIIIIIIIYX": -0.125, "XYIIIIIIIIXY": 0.125, "IIYXYXIIIIII": 0.125, "IIYXXYIIIIII": -0.125, "XYIIIIYXIIII": -0.125, "IIXXYYIIIIII": 0.125, "YYIIIIXXIIII": 0.125, "XXIIIIXXIIII": 0.125, "YXYXIIIIIIII": 0.125, "YXXYIIIIIIII": -0.125, "XXYYIIIIIIII": 0.125, "XXXXIIIIIIII": 0.125, "YYYYIIIIIIII": 0.125, "YYXXIIIIIIII": 0.125, "XYYXIIIIIIII": -0.125, "XYXYIIIIIIII": 0.125, "YXIIYXIIIIII": 0.125, "YXIIXYIIIIII": -0.125, "XXIIYYIIIIII": 0.125, "XXIIXXIIIIII": 0.125, "YYIIYYIIIIII": 0.125, "YYIIXXIIIIII": 0.125, "XYIIYXIIIIII": -0.125, "XYIIXYIIIIII": 0.125, "YXIIIIYXIIII": 0.125, "YXIIIIXYIIII": -0.125, "XXIIIIYYIIII": 0.125, "YYIIIIYYIIII": 0.125, "IIXXXXIIIIII": 0.125, "IIYYYYIIIIII": 0.125, "IIYYXXIIIIII": 0.125, "IIXYIIIIIIYX": -0.125, "IIXYIIIIIIXY": 0.125, "IIIIYXYXIIII": 0.125, "IIIIYXXYIIII": -0.125, "IIIIXXYYIIII": 0.125, "IIIIXXXXIIII": 0.125, "IIIIYYYYIIII": 0.125, "IIIIYYXXIIII": 0.125, "IIIIXYYXIIII": -0.125, "IIIIXYXYIIII": 0.125, "IIIIYXIIYXII": 0.125, "IIIIYXIIXYII": -0.125, "IIIIXXIIYYII": 0.125, "IIIIXXIIXXII": 0.125, "IIIIYYIIYYII": 0.125, "IIIIYYIIXXII": 0.125, "IIIIXYIIYXII": -0.125, "IIIIXYIIXYII": 0.125, "IIIIYXIIIIYX": 0.125, "IIYYIIIIIIXX": 0.125, "IIYYIIIIIIYY": 0.125, "IIXXIIIIIIXX": 0.125, "IIXXIIIIIIYY": 0.125, "IIXYYXIIIIII": -0.125, "IIXYXYIIIIII": 0.125, "IIYXIIYXIIII": 0.125, "IIYXIIXYIIII": -0.125, "IIXXIIYYIIII": 0.125, "IIXXIIXXIIII": 0.125, "IIYYIIYYIIII": 0.125, "IIYYIIXXIIII": 0.125, "IIXYIIYXIIII": -0.125, "IIIIXXIIIIYY": 0.125, "IIXYIIXYIIII": 0.125, "IIYXIIIIXYII": -0.125, "IIXXIIIIYYII": 0.125, "IIXXIIIIXXII": 0.125, "IIYYIIIIYYII": 0.125, "IIYYIIIIXXII": 0.125, "IIXYIIIIYXII": -0.125, "IIXYIIIIXYII": 0.125, "IIYXIIIIIIYX": 0.125, "IIYXIIIIIIXY": -0.125, "IIYXIIIIYXII": 0.125, "IIIIIIIIIZIZ": 0.125}, "UCCSD_operator": {"IIIIXXIIYXII": 0.021504816141041553, "IIIIXXYXIIII": 0.021504816141041553, "IIIIYYIIYXII": -0.021504816141041553, "IIIIYYIIXYII": -0.021504816141041553, "IIIIYYYXIIII": -0.021504816141041553, "IIIIXXIIXYII": 0.021504816141041553, "IIIIXYIIXXII": -0.021504816141041553, "IIIIYXIIXXII": -0.021504816141041553, "IIIIXYIIYYII": 0.021504816141041553, "IIIIYXIIYYII": 0.021504816141041553, "IIIIYYXYIIII": -0.021504816141041553, "IIIIXYYYIIII": 0.021504816141041553, "IIIIYXXXIIII": -0.021504816141041553, "IIIIXYXXIIII": -0.021504816141041553, "IIIIYXYYIIII": 0.021504816141041553, "IIIIXXXYIIII": 0.021504816141041553, "IIIIIYZZZZZX": -0.00862720533621665, "IIIIYZZZZZXI": -0.00862720533621665, "IIIIIXZZZZZY": 0.00862720533621665, "IIIIXZZZZZYI": 0.00862720533621665, "IIXZZXIIXYII": 0.008384918041288263, "IIYZZYIIXYII": -0.008384918041288263, "IIXZZYIIXXII": -0.008384918041288263, "IIYZZXIIXXII": -0.008384918041288263, "IIXZZYIIYYII": 0.008384918041288263, "IIYZZXIIYYII": 0.008384918041288263, "IIYZZYIIYXII": -0.008384918041288263, "IIXZZXIIYXII": 0.008384918041288263, "IIYZZYXYIIII": -0.008384918041288263, "IIXZZXXYIIII": 0.008384918041288263, "IIIXXIYXIIII": -0.008384918041288263, "IIIXYIXXIIII": 0.008384918041288263,