{
    "hamiltonian": {
        "IIIIIIIIII": 8.588833600217312,
        "IIIIIIIIIZ": -2.101086900764713,
        "IIIIIZIIII": -2.101086900764713,
        "IIIIZIIIII": -2.101086900764713,
        "IIIIIIIIZI": -2.1010869007647126,
        "IIIIIIIZII": -2.101086900764712,
        "IIIIIIZIII": -2.101086900764712,
        "IIIZIIIIII": -1.6167541517984567,
        "IIZIIIIIII": -1.6167541517984567,
        "IZIIIIIIII": -0.9060176128127914,
        "ZIIIIIIIII": -0.9060176128127914,
        "IXZXIIIIII": -0.28138331963564395,
        "IYZYIIIIII": -0.28138331963564395,
        "XZXIIIIIII": -0.28138331963564395,
        "YZYIIIIIII": -0.28138331963564395,
        "ZZIIIIIIII": 0.25672667137284594,
        "IIIIIIZZII": 0.24162186946871383,
        "IIIIZZIIII": 0.24162186946871383,
        "IIIIIIIIZZ": 0.24162186946871383,
        "IZIIZIIIII": 0.22940119442689527,
        "ZIIIIIIIIZ": 0.22940119442689527,
        "ZIIIIZIIII": 0.22940119442689527,
        "IZIIIIIIZI": 0.22940119442689527,
        "ZIIIIIIZII": 0.22940119442689527,
        "IZIIIIZIII": 0.22940119442689527,
        "IZZIIIIIII": 0.21453334524315215,
        "ZIIZIIIIII": 0.21453334524315215,
        "IIIIZIIIIZ": 0.21203551810519786,
        "IIIIIZIIZI": 0.21203551810519786,
        "IIIIIIIZZI": 0.21203551810519783,
        "IIIIIIZIIZ": 0.21203551810519783,
        "IIIIIZZIII": 0.21203551810519783,
        "IIIIZIIZII": 0.21203551810519783,
        "IIIIZIZIII": 0.19724234242343985,
        "IIIIIIIZIZ": 0.19724234242343985,
        "IIIIIZIZII": 0.19724234242343985,
        "IIIIIZIIIZ": 0.19724234242343985,
        "IIIIIIZIZI": 0.19724234242343985,
        "IIIIZIIIZI": 0.19724234242343985,
        "IIZZIIIIII": 0.191590821631473,
        "ZIIIZIIIII": 0.1864850270115826,
        "ZIIIIIIIZI": 0.1864850270115826,
        "IZIIIIIIIZ": 0.1864850270115826,
        "IZIIIZIIII": 0.1864850270115826,
        "IZIIIIIZII": 0.18648502701158254,
        "ZIIIIIZIII": 0.18648502701158254,
        "IIZIIZIIII": 0.18633553237832262,
        "IIIZZIIIII": 0.18633553237832262,
        "IIIZIIIIZI": 0.18633553237832262,
        "IIZIIIIIIZ": 0.18633553237832262,
        "IIZIIIIZII": 0.18633553237832257,
        "IIIZIIZIII": 0.18633553237832257,
        "IIZIIIIIZI": 0.17945873933979017,
        "IIIZIZIIII": 0.17945873933979017,
        "IIZIZIIIII": 0.17945873933979017,
        "IIIZIIIIIZ": 0.17945873933979017,
        "IIZIIIZIII": 0.1794587393397901,
        "IIIZIIIZII": 0.1794587393397901,
        "IZIZIIIIII": 0.15761570979266146,
        "ZIZIIIIIII": 0.15761570979266146,
        "ZYZYIIIIII": 0.07912259023247364,
        "YIYIIIIIII": 0.07912259023247364,
        "ZXZXIIIIII": 0.07912259023247364,
        "XIXIIIIIII": 0.07912259023247364,
        "IYIYIIIIII": 0.06388843867195043,
        "IXIXIIIIII": 0.06388843867195043,
        "YZYZIIIIII": 0.06388843867195043,
        "XZXZIIIIII": 0.06388843867195043,
        "XYYXIIIIII": 0.05691763545049071,
        "XXYYIIIIII": -0.05691763545049071,
        "YYXXIIIIII": -0.05691763545049071,
        "YXXYIIIIII": 0.05691763545049071,
        "IYZYIIIIZI": 0.05028010225755823,
        "IXZXZIIIII": 0.05028010225755823,
        "IXZXIIIIZI": 0.05028010225755823,
        "IYZYZIIIII": 0.05028010225755823,
        "YZYIIZIIII": 0.05028010225755823,
        "XZXIIZIIII": 0.05028010225755823,
        "XZXIIIIIIZ": 0.05028010225755823,
        "YZYIIIIIIZ": 0.05028010225755823,
        "IXZXIIZIII": 0.050280102257558225,
        "YZYIIIIZII": 0.050280102257558225,
        "IYZYIIZIII": 0.050280102257558225,
        "XZXIIIIZII": 0.050280102257558225,
        "XZXIZIIIII": 0.04859252425573489,
        "IYZYIIIIIZ": 0.04859252425573489,
        "YZYIZIIIII": 0.04859252425573489,
        "IXZXIZIIII": 0.04859252425573489,
        "IYZYIZIIII": 0.04859252425573489,
        "IXZXIIIIIZ": 0.04859252425573489,
        "XZXIIIIIZI": 0.04859252425573489,
        "YZYIIIIIZI": 0.04859252425573489,
        "YZYIIIZIII": 0.048592524255734876,
        "XZXIIIZIII": 0.048592524255734876,
        "IYZYIIIZII": 0.048592524255734876,
        "IXZXIIIZII": 0.048592524255734876,
        "XXIIIIYYII": -0.042916167415312706,
        "XYIIIIYXII": 0.042916167415312706,
        "YYIIIIXXII": -0.042916167415312706,
        "YXIIIIXYII": 0.042916167415312706,
        "YYIIXXIIII": -0.04291616741531269,
        "YXIIXYIIII": 0.04291616741531269,
        "XYIIIIIIYX": 0.04291616741531269,
        "XXIIIIIIYY": -0.04291616741531269,
        "YYIIIIIIXX": -0.04291616741531269,
        "YXIIIIIIXY": 0.04291616741531269,
        "XYIIYXIIII": 0.04291616741531269,
        "XXIIYYIIII": -0.04291616741531269,
        "IIIIYXIIXY": 0.014793175681757989,
        "IIIIXXYYII": -0.014793175681757989,
        "IIIIYYIIXX": -0.014793175681757989,
        "IIIIXXIIYY": -0.014793175681757989,
        "IIIIXYIIYX": 0.014793175681757989,
        "IIIIXYYXII": 0.014793175681757989,
        "IIIIYYXXII": -0.014793175681757989,
        "IIIIIIXYYX": 0.014793175681757989,
        "IIIIIIXXYY": -0.014793175681757989,
        "IIIIIIYYXX": -0.014793175681757989,
        "IIIIIIYXXY": 0.014793175681757989,
        "IIIIYXXYII": 0.014793175681757989,
        "IIXYIIYXII": 0.006876793038532483,
        "IIXXIIYYII": -0.006876793038532483,
        "IIYYIIXXII": -0.006876793038532483,
        "IIYXIIXYII": 0.006876793038532483,
        "IIYXIIIIXY": 0.006876793038532475,
        "IIYYXXIIII": -0.006876793038532475,
        "IIYYIIIIXX": -0.006876793038532475,
        "IIXXYYIIII": -0.006876793038532475,
        "IIXYYXIIII": 0.006876793038532475,
        "IIXYIIIIYX": 0.006876793038532475,
        "IIYXXYIIII": 0.006876793038532475,
        "IIXXIIIIYY": -0.006876793038532475,
        "IYXIIIXYII": 0.0016875780018233435,
        "IYYIIIYYII": 0.0016875780018233435,
        "YZZXIIXYII": -0.0016875780018233435,
        "YZZYIIXXII": 0.0016875780018233435,
        "XZZXIIYYII": 0.0016875780018233435,
        "XZZYIIYXII": -0.0016875780018233435,
        "IXXIIIXXII": 0.0016875780018233435,
        "IXYIIIYXII": 0.0016875780018233435,
        "YZZYXXIIII": 0.0016875780018233346,
        "IYYIYYIIII": 0.0016875780018233346,
        "IYXIIIIIXY": 0.0016875780018233346,
        "IYYIIIIIYY": 0.0016875780018233346,
        "IXXIIIIIXX": 0.0016875780018233346,
        "IXYIIIIIYX": 0.0016875780018233346,
        "IXXIXXIIII": 0.0016875780018233346,
        "YZZXXYIIII": -0.0016875780018233346,
        "XZZYIIIIYX": -0.0016875780018233346,
        "XZZXIIIIYY": 0.0016875780018233346,
        "YZZYIIIIXX": 0.0016875780018233346,
        "YZZXIIIIXY": -0.0016875780018233346,
        "XZZYYXIIII": -0.0016875780018233346,
        "XZZXYYIIII": 0.0016875780018233346,
        "IYXIXYIIII": 0.0016875780018233346,
        "IXYIYXIIII": 0.0016875780018233346
    },
    "data": {
        "molecule_id": "He_singlet_Kh",
        "qubit_encoding": "JW",
        "unit": "Angstrom",
        "basis": "6-31g**",
        "charge": 0,
        "multiplicity": 1,
        "spin": 0,
        "geometry": "He 0.0000000000 0.0000000000 0.0000000000",
        "n_qubits": 10,
        "n_particles": {
            "total": 2,
            "alpha": 1,
            "beta": 1
        },
        "hf_array": [
            1,
            1,
            0,
            0,
            0,
            0,
            0,
            0,
            0,
            0
        ],
        "hf_method": "pyscf.scf.hf_symm.SymAdaptedRHF",
        "convergence_threshold": 1e-06,
        "point_group": {
            "groupname": "SO3",
            "topgroup": "SO3"
        },
        "alpha": 1.0,
        "calculated_properties": {
            "HF": {
                "energy": -2.855160426153822,
                "converged": true
            },
            "MP2": {
                "energy": -2.88063745681689,
                "converged": null
            },
            "CISD": {
                "energy": -2.887365027746519,