{
    "hamiltonian": {
        "IIIIIIIIII": 9.059679137312289,
        "IIIIIIIZII": -1.8727472342190112,
        "IIIIIIZIII": -1.872747234219011,
        "IIIIIIIIIZ": -1.8727472342190108,
        "IIIIIIIIZI": -1.8727472342190108,
        "IIIIZIIIII": -1.8727472342190108,
        "IIIIIZIIII": -1.8727472342190106,
        "IIZIIIIIII": -1.3277006597595138,
        "IIIZIIIIII": -1.3277006597595136,
        "IZIIIIIIII": -0.9067809810181185,
        "ZIIIIIIIII": -0.9067809810181185,
        "IXZXIIIIII": 0.2667890842610092,
        "IYZYIIIIII": 0.2667890842610092,
        "XZXIIIIIII": 0.2667890842610092,
        "YZYIIIIIII": 0.2667890842610092,
        "IIIIIIZZII": 0.19642967724918134,
        "IIIIZZIIII": 0.19642967724918134,
        "IIIIIIIIZZ": 0.19642967724918134,
        "IIIIZIIZII": 0.17237706370846534,
        "IIIIIIIZZI": 0.17237706370846534,
        "IIIIIIZIIZ": 0.17237706370846534,
        "IIIIZIIIIZ": 0.17237706370846534,
        "IIIIIZIIZI": 0.17237706370846534,
        "IIIIIZZIII": 0.17237706370846534,
        "IIIIZIZIII": 0.1603507569381073,
        "IIIIZIIIZI": 0.1603507569381073,
        "IIIIIIIZIZ": 0.1603507569381073,
        "IIIIIZIIIZ": 0.1603507569381073,
        "IIIIIIZIZI": 0.1603507569381073,
        "IIIIIZIZII": 0.1603507569381073,
        "IIZIIIIIIZ": 0.1527608379749671,
        "IIIZIIIIZI": 0.1527608379749671,
        "IIIZIIZIII": 0.1527608379749671,
        "IIZIIZIIII": 0.1527608379749671,
        "IIZIIIIZII": 0.1527608379749671,
        "IIIZZIIIII": 0.1527608379749671,
        "IIZZIIIIII": 0.15063188890969595,
        "ZIIIIIIIIZ": 0.1453686574984767,
        "IZIIIIZIII": 0.1453686574984767,
        "ZIIIIIIZII": 0.1453686574984767,
        "ZIIIIZIIII": 0.1453686574984767,
        "IZIIIIIIZI": 0.1453686574984767,
        "IZIIZIIIII": 0.1453686574984767,
        "IIZIIIIIZI": 0.13861351998242435,
        "IIIZIIIIIZ": 0.13861351998242435,
        "IIIZIZIIII": 0.13861351998242435,
        "IIIZIIIZII": 0.13861351998242435,
        "IIZIZIIIII": 0.13861351998242435,
        "IIZIIIZIII": 0.13861351998242435,
        "ZIIZIIIIII": 0.1285248716474963,
        "IZZIIIIIII": 0.1285248716474963,
        "ZZIIIIIIII": 0.12325973227476349,
        "ZIIIZIIIII": 0.11890933061814304,
        "IZIIIIIZII": 0.11890933061814304,
        "IZIIIZIIII": 0.11890933061814304,
        "ZIIIIIZIII": 0.11890933061814304,
        "IZIIIIIIIZ": 0.11890933061814304,
        "ZIIIIIIIZI": 0.11890933061814304,
        "ZIZIIIIIII": 0.09762807650327507,
        "IZIZIIIIII": 0.09762807650327507,
        "IYZYZIIIII": -0.05039500268838501,
        "YZYIIZIIII": -0.05039500268838501,
        "IXZXZIIIII": -0.05039500268838501,
        "IXZXIIIIZI": -0.05039500268838501,
        "XZXIIIIIIZ": -0.05039500268838501,
        "YZYIIIIIIZ": -0.05039500268838501,
        "IYZYIIIIZI": -0.05039500268838501,
        "XZXIIZIIII": -0.05039500268838501,
        "YZYIIIIZII": -0.050395002688385,
        "XZXIIIIZII": -0.050395002688385,
        "IXZXIIZIII": -0.050395002688385,
        "IYZYIIZIII": -0.050395002688385,
        "IYIYIIIIII": -0.048793305007642826,
        "IXIXIIIIII": -0.048793305007642826,
        "XZXZIIIIII": -0.04879330500764282,
        "YZYZIIIIII": -0.04879330500764282,
        "XIXIIIIIII": -0.03401128217776794,
        "YIYIIIIIII": -0.03401128217776794,
        "ZYZYIIIIII": -0.03401128217776794,
        "ZXZXIIIIII": -0.03401128217776794,
        "XZXIZIIIII": -0.03360643566792328,
        "IXZXIIIIIZ": -0.03360643566792328,
        "IYZYIIIIIZ": -0.03360643566792328,
        "YZYIZIIIII": -0.03360643566792328,
        "YZYIIIIIZI": -0.03360643566792328,
        "IXZXIZIIII": -0.03360643566792328,
        "XZXIIIIIZI": -0.03360643566792328,
        "IYZYIZIIII": -0.03360643566792328,
        "IXZXIIIZII": -0.03360643566792326,
        "IYZYIIIZII": -0.03360643566792326,
        "YZYIIIZIII": -0.03360643566792326,
        "XZXIIIZIII": -0.03360643566792326,
        "YXXYIIIIII": 0.03089679514422122,
        "XYYXIIIIII": 0.03089679514422122,
        "XXYYIIIIII": -0.03089679514422122,
        "YYXXIIIIII": -0.03089679514422122,
        "XXIIYYIIII": -0.026459326880333645,
        "YYIIIIIIXX": -0.026459326880333645,
        "YXIIIIIIXY": 0.026459326880333645,
        "XYIIIIYXII": 0.026459326880333645,
        "XXIIIIYYII": -0.026459326880333645,
        "YYIIIIXXII": -0.026459326880333645,
        "YXIIIIXYII": 0.026459326880333645,
        "YXIIXYIIII": 0.026459326880333645,
        "YYIIXXIIII": -0.026459326880333645,
        "XXIIIIIIYY": -0.026459326880333645,
        "XYIIYXIIII": 0.026459326880333645,
        "XYIIIIIIYX": 0.026459326880333645,
        "YZZYIIXXII": -0.016788567020461734,
        "IXXIIIXXII": -0.016788567020461734,
        "XZZXIIYYII": -0.016788567020461734,
        "YZZXIIXYII": 0.016788567020461734,
        "IYYIIIYYII": -0.016788567020461734,
        "XZZYIIYXII": 0.016788567020461734,
        "IYXIIIXYII": -0.016788567020461734,
        "IXYIIIYXII": -0.016788567020461734,
        "XZZYIIIIYX": 0.016788567020461727,
        "IYXIXYIIII": -0.016788567020461727,
        "IYYIYYIIII": -0.016788567020461727,
        "IXXIXXIIII": -0.016788567020461727,
        "YZZXIIIIXY": 0.016788567020461727,
        "IXYIYXIIII": -0.016788567020461727,
        "IXYIIIIIYX": -0.016788567020461727,
        "IXXIIIIIXX": -0.016788567020461727,
        "IYYIIIIIYY": -0.016788567020461727,
        "YZZXXYIIII": 0.016788567020461727,
        "YZZYXXIIII": -0.016788567020461727,
        "XZZXYYIIII": -0.016788567020461727,
        "XZZYYXIIII": 0.016788567020461727,
        "IYXIIIIIXY": -0.016788567020461727,
        "XZZXIIIIYY": -0.016788567020461727,
        "YZZYIIIIXX": -0.016788567020461727,
        "IIYXIIXYII": 0.014147317992542707,
        "IIYYIIXXII": -0.014147317992542707,
        "IIXXIIYYII": -0.014147317992542707,
        "IIXYIIYXII": 0.014147317992542707,
        "IIYYIIIIXX": -0.014147317992542695,
        "IIXXYYIIII": -0.014147317992542695,
        "IIXXIIIIYY": -0.014147317992542695,
        "IIYXIIIIXY": 0.014147317992542695,
        "IIXYIIIIYX": 0.014147317992542695,
        "IIXYYXIIII": 0.014147317992542695,
        "IIYXXYIIII": 0.014147317992542695,
        "IIYYXXIIII": -0.014147317992542695,
        "IIIIIIXYYX": 0.01202630677035804,
        "IIIIIIXXYY": -0.01202630677035804,
        "IIIIIIYYXX": -0.01202630677035804,
        "IIIIXYIIYX": 0.01202630677035804,
        "IIIIXXIIYY": -0.01202630677035804,
        "IIIIYXXYII": 0.01202630677035804,
        "IIIIYYXXII": -0.01202630677035804,
        "IIIIXXYYII": -0.01202630677035804,
        "IIIIXYYXII": 0.01202630677035804,
        "IIIIYYIIXX": -0.01202630677035804,
        "IIIIIIYXXY": 0.01202630677035804,
        "IIIIYXIIXY": 0.01202630677035804
    },
    "data": {
        "molecule_id": "H-_singlet_Kh",
        "qubit_encoding": "JW",
        "unit": "Angstrom",
        "basis": "cc-pvdz",
        "charge": -1,
        "multiplicity": 1,
        "spin": 0,
        "geometry": "H 0.0000000000 0.0000000000 0.0000000000",
        "n_qubits": 10,
        "n_particles": {
            "total": 2,
            "alpha": 1,
            "beta": 1
        },
        "hf_array": [
            1,
            1,
            0,
            0,
            0,
            0,
            0,
            0,
            0,
            0
        ],
        "hf_method": "pyscf.scf.hf_symm.SymAdaptedRHF",
        "convergence_threshold": 1e-06,
        "point_group": {
            "groupname": "SO3",
            "topgroup": "SO3"
        },
        "alpha": 1.0,
        "calculated_properties": {
            "HF": {
                "energy": -0.4488237259300478,
                "converged": true
            },
            "MP2": {
                "energy": -0.4648313443303486,
                "converged": null
            },
            "CISD": {
                "energy": -0.46985677669236336,