{
    "hamiltonian": {
        "IIIIIIIIII": 12.898280812137937,
        "IIIIIIIIIZ": -2.544146099511355,
        "IIIIIIIIZI": -2.544146099511355,
        "IIIIIIZIII": -2.544146099511355,
        "IIIIZIIIII": -2.544146099511355,
        "IIIIIZIIII": -2.5441460995113547,
        "IIIIIIIZII": -2.5441460995113543,
        "IIIZIIIIII": -1.773850589530638,
        "IIZIIIIIII": -1.773850589530638,
        "IZIIIIIIII": -1.0592977883376546,
        "ZIIIIIIIII": -1.0592977883376546,
        "XZXIIIIIII": 0.33264327338066907,
        "YZYIIIIIII": 0.33264327338066907,
        "IXZXIIIIII": 0.332643273380669,
        "IYZYIIIIII": 0.332643273380669,
        "IIIIIIZZII": 0.24162186946871383,
        "IIIIZZIIII": 0.24162186946871383,
        "IIIIIIIIZZ": 0.24162186946871383,
        "IIIIIZIIZI": 0.21203551810519786,
        "IIIIZIIIIZ": 0.21203551810519786,
        "IIIIIIIZZI": 0.21203551810519783,
        "IIIIIIZIIZ": 0.21203551810519783,
        "IIIIIZZIII": 0.21203551810519783,
        "IIIIZIIZII": 0.21203551810519783,
        "IIIIZIIIZI": 0.19724234242343985,
        "IIIIIIZIZI": 0.19724234242343985,
        "IIIIZIZIII": 0.19724234242343985,
        "IIIIIZIIIZ": 0.19724234242343985,
        "IIIIIZIZII": 0.19724234242343985,
        "IIIIIIIZIZ": 0.19724234242343985,
        "IIZZIIIIII": 0.1947343696815917,
        "IIZIIIIZII": 0.19397152338660245,
        "IIZIIIIIIZ": 0.19397152338660245,
        "IIIZIIIIZI": 0.19397152338660245,
        "IIZIIZIIII": 0.19397152338660245,
        "IIIZIIZIII": 0.19397152338660245,
        "IIIZZIIIII": 0.19397152338660245,
        "IIIZIZIIII": 0.1717937629864494,
        "IIZIIIIIZI": 0.1717937629864494,
        "IIZIIIZIII": 0.1717937629864494,
        "IIIZIIIZII": 0.1717937629864494,
        "IIIZIIIIIZ": 0.1717937629864494,
        "IIZIZIIIII": 0.1717937629864494,
        "ZIIIIZIIII": 0.16425330320540937,
        "ZIIIIIIZII": 0.16425330320540937,
        "IZIIIIIIZI": 0.16425330320540937,
        "IZIIZIIIII": 0.16425330320540937,
        "IZIIIIZIII": 0.16425330320540937,
        "ZIIIIIIIIZ": 0.16425330320540937,
        "ZIIZIIIIII": 0.14782732101856993,
        "IZZIIIIIII": 0.14782732101856993,
        "IZIIIZIIII": 0.13683551086583756,
        "IZIIIIIIIZ": 0.13683551086583756,
        "ZIIIZIIIII": 0.13683551086583756,
        "IZIIIIIZII": 0.13683551086583756,
        "ZIIIIIIIZI": 0.13683551086583756,
        "ZIIIIIZIII": 0.13683551086583756,
        "ZZIIIIIIII": 0.13321713929146217,
        "ZIZIIIIIII": 0.11381450770640107,
        "IZIZIIIIII": 0.11381450770640107,
        "YZYIIIIIIZ": -0.06217297132919229,
        "XZXIIIIIIZ": -0.06217297132919229,
        "IYZYIIZIII": -0.06217297132919229,
        "IXZXIIZIII": -0.06217297132919229,
        "IXZXIIIIZI": -0.06217297132919229,
        "IYZYIIIIZI": -0.06217297132919229,
        "IXZXZIIIII": -0.06217297132919229,
        "XZXIIIIZII": -0.06217297132919229,
        "YZYIIIIZII": -0.06217297132919229,
        "XZXIIZIIII": -0.06217297132919229,
        "YZYIIZIIII": -0.06217297132919229,
        "IYZYZIIIII": -0.06217297132919229,
        "YZYZIIIIII": -0.06096289967523262,
        "IYIYIIIIII": -0.06096289967523262,
        "IXIXIIIIII": -0.06096289967523262,
        "XZXZIIIIII": -0.06096289967523262,
        "YZYIIIIIZI": -0.03996800886974274,
        "IYZYIZIIII": -0.03996800886974274,
        "IXZXIZIIII": -0.03996800886974274,
        "IXZXIIIIIZ": -0.03996800886974274,
        "XZXIZIIIII": -0.03996800886974274,
        "IYZYIIIZII": -0.03996800886974274,
        "XZXIIIIIZI": -0.03996800886974274,
        "IXZXIIIZII": -0.03996800886974274,
        "YZYIIIZIII": -0.03996800886974274,
        "XZXIIIZIII": -0.03996800886974274,
        "IYZYIIIIIZ": -0.03996800886974274,
        "YZYIZIIIII": -0.03996800886974274,
        "YIYIIIIIII": -0.03474482746398219,
        "ZYZYIIIIII": -0.03474482746398219,
        "XIXIIIIIII": -0.03474482746398219,
        "ZXZXIIIIII": -0.03474482746398219,
        "YXXYIIIIII": 0.034012813312168856,
        "YYXXIIIIII": -0.034012813312168856,
        "XXYYIIIIII": -0.034012813312168856,
        "XYYXIIIIII": 0.034012813312168856,
        "XYIIIIIIYX": 0.02741779233957182,
        "XXIIIIIIYY": -0.02741779233957182,
        "YYIIIIIIXX": -0.02741779233957182,
        "YXIIIIIIXY": 0.02741779233957182,
        "XYIIIIYXII": 0.02741779233957182,
        "XXIIIIYYII": -0.02741779233957182,
        "XYIIYXIIII": 0.02741779233957182,
        "XXIIYYIIII": -0.02741779233957182,
        "YYIIXXIIII": -0.02741779233957182,
        "YXIIXYIIII": 0.02741779233957182,
        "YYIIIIXXII": -0.02741779233957182,
        "YXIIIIXYII": 0.02741779233957182,
        "YZZYIIXXII": -0.022204962459449553,
        "XZZYYXIIII": 0.022204962459449553,
        "YZZXIIXYII": 0.022204962459449553,
        "IXYIIIIIYX": -0.022204962459449553,
        "YZZXXYIIII": 0.022204962459449553,
        "XZZXIIYYII": -0.022204962459449553,
        "YZZYXXIIII": -0.022204962459449553,
        "XZZYIIYXII": 0.022204962459449553,
        "XZZXYYIIII": -0.022204962459449553,
        "IYXIIIXYII": -0.022204962459449553,
        "IXXIIIIIXX": -0.022204962459449553,
        "IYYIIIIIYY": -0.022204962459449553,
        "IYXIIIIIXY": -0.022204962459449553,
        "IXYIIIYXII": -0.022204962459449553,
        "IXXIIIXXII": -0.022204962459449553,
        "IYYIIIYYII": -0.022204962459449553,
        "IXYIYXIIII": -0.022204962459449553,
        "IXXIXXIIII": -0.022204962459449553,
        "IYYIYYIIII": -0.022204962459449553,
        "IYXIXYIIII": -0.022204962459449553,
        "YZZXIIIIXY": 0.022204962459449553,
        "YZZYIIIIXX": -0.022204962459449553,
        "XZZYIIIIYX": 0.022204962459449553,
        "XZZXIIIIYY": -0.022204962459449553,
        "IIXYIIIIYX": 0.022177760400153016,
        "IIXXIIIIYY": -0.022177760400153016,
        "IIYXIIXYII": 0.022177760400153016,
        "IIYYIIIIXX": -0.022177760400153016,
        "IIYXIIIIXY": 0.022177760400153016,
        "IIXYIIYXII": 0.022177760400153016,
        "IIYXXYIIII": 0.022177760400153016,
        "IIYYXXIIII": -0.022177760400153016,
        "IIXXYYIIII": -0.022177760400153016,
        "IIXYYXIIII": 0.022177760400153016,
        "IIYYIIXXII": -0.022177760400153016,
        "IIXXIIYYII": -0.022177760400153016,
        "IIIIIIXYYX": 0.014793175681757989,
        "IIIIIIXXYY": -0.014793175681757989,
        "IIIIIIYYXX": -0.014793175681757989,
        "IIIIYXIIXY": 0.014793175681757989,
        "IIIIXYYXII": 0.014793175681757989,
        "IIIIYXXYII": 0.014793175681757989,
        "IIIIYYXXII": -0.014793175681757989,
        "IIIIXYIIYX": 0.014793175681757989,
        "IIIIXXYYII": -0.014793175681757989,
        "IIIIYYIIXX": -0.014793175681757989,
        "IIIIIIYXXY": 0.014793175681757989,
        "IIIIXXIIYY": -0.014793175681757989
    },
    "data": {
        "molecule_id": "H-_singlet_Kh",
        "qubit_encoding": "JW",
        "unit": "Angstrom",
        "basis": "6-31g**",
        "charge": -1,
        "multiplicity": 1,
        "spin": 0,
        "geometry": "H 0.0000000000 0.0000000000 0.0000000000",
        "n_qubits": 10,
        "n_particles": {
            "total": 2,
            "alpha": 1,
            "beta": 1
        },
        "hf_array": [
            1,
            1,
            0,
            0,
            0,
            0,
            0,
            0,
            0,
            0
        ],
        "hf_method": "pyscf.scf.hf_symm.SymAdaptedRHF",
        "convergence_threshold": 1e-06,
        "point_group": {
            "groupname": "SO3",
            "topgroup": "SO3"
        },
        "alpha": 1.0,
        "calculated_properties": {
            "HF": {
                "energy": -0.4224419304042284,
                "converged": true
            },
            "MP2": {
                "energy": -0.4353880915237961,
                "converged": null
            },
            "CISD": {
                "energy": -0.4383147100081155,