{"n_qubits": 2, "qubits": [1, 2], "fci_energy": -2.322171382558735, "hf_energy": -2.314293411727813, "CS_SRE": [0.012492377491391735, 0.012771838441198636], "CS_energy": [-2.322126843758814, -2.3221713825587367], "overlaps": [0.9978209221390093, 0.9977722189230039], "solver": "scipy", "data": {"molecule_id": "HHe+_singlet_Coov", "qubit_encoding": "JW", "unit": "Angstrom", "basis": "sto-3g", "charge": 1, "multiplicity": 1, "spin": 0, "geometry": "He 0.0646000000 0.0000000000 0.0000000000\nH -0.3228000000 0.0000000000 0.0000000000", "n_qubits": 4, "n_particles": {"total": 2, "alpha": 1, "beta": 1}, "hf_array": [1, 1, 0, 0], "hf_method": "pyscf.scf.hf_symm.SymAdaptedRHF", "convergence_threshold": 1e-06, "point_group": {"groupname": "Coov", "topgroup": "Coov"}, "alpha": 0.5, "calculated_properties": {"HF": {"energy": -2.314293411727813, "converged": true}, "MP2": {"energy": -2.320372194892112, "converged": null}, "CISD": {"energy": -2.322171382558736, "converged": true}, "CCSD": {"energy": -2.3221713820430008, "converged": true, "t1_diagnostic": 0.0024493161012845003}, "FCI": {"energy": -2.322171382558735, "converged": true, "spin_matches_target": true, "multiplicity": 0.9999999999999993, "oscillatory_converged": false, "oscillation_energy_change": null}}, "auxiliary_operators": {"number_operator": {"IIII": 2.0, "ZIII": -0.5, "IZII": -0.5, "IIZI": -0.5, "IIIZ": -0.5}, "N_alpha": {"IIII": 1.0, "ZIII": -0.5, "IIZI": -0.5}, "N_beta": {"IIII": 1.0, "IZII": -0.5, "IIIZ": -0.5}, "S^2_operator": {"IIII": 0.75, "ZZII": -0.375, "IIZZ": -0.375, "YXYX": 0.125, "YXXY": -0.125, "XXYY": 0.125, "XXXX": 0.125, "YYYY": 0.125, "YYXX": 0.125, "XYYX": -0.125, "XYXY": 0.125, "ZIZI": 0.125, "ZIIZ": -0.125, "IZZI": -0.125, "IZIZ": 0.125}, "UCCSD_operator": {"XXXY": 0.005876155839821354, "XYXX": -0.005876155839821354, "YXXX": -0.005876155839821354, "XYYY": 0.005876155839821354, "YXYY": 0.005876155839821354, "YYYX": -0.005876155839821354, "XXYX": 0.005876155839821354, "YYXY": -0.005876155839821354, "IXZY": -0.0017325647096735524, "IYZX": 0.0017325647096735524, "XZYI": -0.0017325647096735524, "YZXI": 0.0017325647096735524}}, "hf_method_fallback": "standard", "generation_time_s": 1.127, "timestamp": "2026-03-10T21:44:49.927807+00:00", "formula_latex": "$\\mathrm{HHe^{+}}$"}}