{"n_qubits": 6, "qubits": [1, 2, 3, 4, 5, 6], "fci_energy": -2.9043659358814233, "hf_energy": -2.881562309001464, "CS_SRE": [0.013580564003731178, 0.0233090684586129, 0.03781995416454924, 0.04274843848739778, 0.04485172177235798, 0.04720940846445371], "CS_energy": [-2.8864466430534392, -2.8958142025731197, -2.90239022073393, -2.90277744519939, -2.903442570175248, -2.9043659358815477], "overlaps": [0.9976297246419478, 0.9959397057883155, 0.993422038219647, 0.9925662978863043, 0.9922027516376097, 0.9917967143890764], "solver": "scipy", "data": {"molecule_id": "HHe+_singlet_Coov", "qubit_encoding": "JW", "unit": "Angstrom", "basis": "3-21g", "charge": 1, "multiplicity": 1, "spin": 0, "geometry": "He 0.3357800000 0.0000000000 0.0000000000\nH -0.5939800000 0.0000000000 0.0000000000", "n_qubits": 8, "n_particles": {"total": 2, "alpha": 1, "beta": 1}, "hf_array": [1, 1, 0, 0, 0, 0, 0, 0], "hf_method": "pyscf.scf.hf_symm.SymAdaptedRHF", "convergence_threshold": 1e-06, "point_group": {"groupname": "Coov", "topgroup": "Coov"}, "alpha": 1.2, "calculated_properties": {"HF": {"energy": -2.881562309001464, "converged": true}, "MP2": {"energy": -2.898808408557838, "converged": null}, "CISD": {"energy": -2.904365935866813, "converged": true}, "CCSD": {"energy": -2.904365929811427, "converged": true, "t1_diagnostic": 0.012626453972579733}, "FCI": {"energy": -2.9043659358814233, "converged": true, "spin_matches_target": true, "multiplicity": 0.9999999999999991, "oscillatory_converged": false, "oscillation_energy_change": null}}, "auxiliary_operators": {"number_operator": {"IIIIIIII": 4.0, "ZIIIIIII": -0.5, "IZIIIIII": -0.5, "IIZIIIII": -0.5, "IIIZIIII": -0.5, "IIIIZIII": -0.5, "IIIIIZII": -0.5, "IIIIIIZI": -0.5, "IIIIIIIZ": -0.5}, "N_alpha": {"IIIIIIII": 2.0, "ZIIIIIII": -0.5, "IIZIIIII": -0.5, "IIIIZIII": -0.5, "IIIIIIZI": -0.5}, "N_beta": {"IIIIIIII": 2.0, "IZIIIIII": -0.5, "IIIZIIII": -0.5, "IIIIIZII": -0.5, "IIIIIIIZ": -0.5}, "S^2_operator": {"IIIIIIII": 1.5, "ZZIIIIII": -0.375, "IIIIZZII": -0.375, "IIIIIIZZ": -0.375, "IIZZIIII": -0.375, "ZIIZIIII": -0.125, "ZIZIIIII": 0.125, "IIIIXYXY": 0.125, "IIIIXYYX": -0.125, "IIIIYYXX": 0.125, "IIIIYYYY": 0.125, "IIIIXXXX": 0.125, "IIIIXXYY": 0.125, "IIIIYXXY": -0.125, "IIIIYXYX": 0.125, "IIXYIIXY": 0.125, "IIXYIIYX": -0.125, "ZIIIZIII": 0.125, "ZIIIIZII": -0.125, "ZIIIIIZI": 0.125, "ZIIIIIIZ": -0.125, "IIIIZIIZ": -0.125, "IIIIZIZI": 0.125, "IIIZIIIZ": 0.125, "IIIZIIZI": -0.125, "IIIZIZII": 0.125, "IIIZZIII": -0.125, "IIZIIIIZ": -0.125, "IIYYIIXX": 0.125, "IIZIIIZI": 0.125, "IIZIZIII": 0.125, "IZIIIIIZ": 0.125, "IZIIIIZI": -0.125, "IZIIIZII": 0.125, "IZIIZIII": -0.125, "IZIZIIII": 0.125, "IZZIIIII": -0.125, "IIZIIZII": -0.125, "IIYYIIYY": 0.125, "IIXXIIXX": 0.125, "IIXXIIYY": 0.125, "XYIIYXII": -0.125, "YYIIXXII": 0.125, "YYIIYYII": 0.125, "XXIIXXII": 0.125, "XXIIYYII": 0.125, "YXIIXYII": -0.125, "YXIIYXII": 0.125, "XYXYIIII": 0.125, "XYYXIIII": -0.125, "YYXXIIII": 0.125, "YYYYIIII": 0.125, "XXXXIIII": 0.125, "XXYYIIII": 0.125, "YXXYIIII": -0.125, "YXYXIIII": 0.125, "XYIIXYII": 0.125, "IIIIIZZI": -0.125, "YXIIIIYX": 0.125, "XXIIIIYY": 0.125, "IIYXIIXY": -0.125, "IIYXIIYX": 0.125, "IIXYXYII": 0.125, "IIXYYXII": -0.125, "IIYYXXII": 0.125, "IIYYYYII": 0.125, "IIXXXXII": 0.125, "IIXXYYII": 0.125, "IIYXXYII": -0.125, "IIYXYXII": 0.125, "XYIIIIXY": 0.125, "XYIIIIYX": -0.125, "YYIIIIXX": 0.125, "YYIIIIYY": 0.125, "XXIIIIXX": 0.125, "YXIIIIXY": -0.125, "IIIIIZIZ": 0.125}, "UCCSD_operator": {"YZXIIIII": 0.00852262519129295, "XZYIIIII": -0.00852262519129295, "IXZYIIII": -0.00852262519129295, "IYZXIIII": 0.00852262519129295, "XXYXIIII": 0.007125239387871769, "YYYXIIII": -0.007125239387871769, "YXYYIIII": 0.007125239387871769, "XYYYIIII": 0.007125239387871769, "YXXXIIII": -0.007125239387871769, "XYXXIIII": -0.007125239387871769, "YYXYIIII": -0.007125239387871769, "XXXYIIII": 0.007125239387871769, "XXIIIIYX": 0.005326458985847435, "YXIIIIYY": 0.005326458985847435, "XYIIIIYY": 0.005326458985847435, "YXIIIIXX": -0.005326458985847435, "XYIIIIXX": -0.005326458985847435, "XXIIIIXY": 0.005326458985847435, "YYIIIIXY": -0.005326458985847435, "YYIIIIYX": -0.005326458985847435, "XYYZZZZY": 0.004041602696192066, "YXXZZZZX": -0.004041602696192066, "XYXZZZZX": -0.004041602696192066, "XXXZZZZY": 0.004041602696192066, "YYXZZZZY": -0.004041602696192066, "XYIYZZYI": -0.004041602696192066, "YXIYZZYI": -0.004041602696192066, "YYIYZZXI": 0.004041602696192066, "XXIYZZXI": -0.004041602696192066, "YXYZZZZY": 0.004041602696192066, "XXIXZZYI": -0.004041602696192066, "YYYZZZZX": -0.004041602696192066, "XXYZZZZX": 0.004041602696192066, "YXIXZZXI": 0.004041602696192066, "XYIXZZXI": 0.004041602696192066, "YYIXZZYI": 0.004041602696192066, "XZZZYIII": -0.00230131405480565, "IXZZZYII": -0.00230131405480565, "YZZZXIII": 0.00230131405480565, "IYZZZXII": 0.00230131405480565, "YYIXYIII": 0.001811380470013536, "XXIXYIII": -0.001811380470013536, "XXYZZXII": 0.001811380470013536, "YYYZZXII": -0.001811380470013536, "YXYZZYII": 0.001811380470013536, "XYYZZYII": 0.001811380470013536, "YXXZZXII": -0.001811380470013536, "XYXZZXII": -0.001811380470013536, "XYIXXIII": 0.001811380470013536, "YYXZZYII": -0.001811380470013536, "XXXZZYII": 0.001811380470013536, "YYIYXIII": 0.001811380470013536, "YXIYYIII": -0.001811380470013536, "XYIYYIII": -0.001811380470013536, "YXIXXIII": 0.001811380470013536, "XXIYXIII": -0.001811380470013536, "IYZZZZZX": -0.001331675143243444, "IXZZZZZY": 0.001331675143243444, "XZZZZZYI": 0.001331675143243444, "YZZZZZXI": -0.001331675143243444, "YXIIYYII": 0.0010835741578984009, "XXIIYXII": 0.0010835741578984009, "YXIIXXII": -0.0010835741578984009, "YYIIXYII": -0.0010835741578984009, "XXIIXYII": 0.0010835741578984009, "XYIIXXII": -0.0010835741578984009, "YYIIYXII": -0.0010835741578984009, "XYIIYYII": 0.0010835741578984009, "XYIIIXXI": 0.00034358331667674923, "YYIIIXYI": 0.00034358331667674923, "XXIIIXYI": -0.00034358331667674923, "YXIIIXXI": 0.00034358331667674923, "XXIIXZZY": 0.00034358331667674923, "XXIIYZZX": 0.00034358331667674923, "YYIIYZZX": -0.00034358331667674923, "YXIIYZZY": 0.00034358331667674923, "XYIIYZZY": 0.00034358331667674923, "YXIIXZZX": -0.00034358331667674923, "XYIIIYYI": -0.00034358331667674923, "YYIIXZZY": -0.00034358331667674923, "XXIIIYXI": -0.00034358331667674923, "YYIIIYXI": 0.00034358331667674923, "YXIIIYYI": -0.00034358331667674923, "XYIIXZZX": -0.00034358331667674923}}, "hf_method_fallback": "standard", "generation_time_s": 2.159, "timestamp": "2026-03-10T21:36:06.916058+00:00", "formula_latex": "$\\mathrm{HHe^{+}}$"}}