{"n_qubits": 6, "qubits": [1, 2, 3, 4, 5, 6], "fci_energy": -2.852076696057215, "hf_energy": -2.836956959964197, "CS_SRE": [0.017524719998778745, 0.01790490846915142, 0.01831565531162656, 0.01868576208988636, 0.01906150486849017, 0.019365318830497955], "CS_energy": [-2.851265399707091, -2.851442277608202, -2.8516283209853475, -2.8518421253239006, -2.852059960721083, -2.852076696057223], "overlaps": [0.9969348207331772, 0.996869085312234, 0.9967980783615605, 0.9967340083266156, 0.9966689732060701, 0.996616566945905], "solver": "scipy", "data": {"molecule_id": "HHe+_singlet_Coov", "qubit_encoding": "JW", "unit": "Angstrom", "basis": "3-21g", "charge": 1, "multiplicity": 1, "spin": 0, "geometry": "He 1.0331000000 0.0000000000 0.0000000000\nH -1.2913000000 0.0000000000 0.0000000000", "n_qubits": 8, "n_particles": {"total": 2, "alpha": 1, "beta": 1}, "hf_array": [1, 1, 0, 0, 0, 0, 0, 0], "hf_method": "pyscf.scf.hf_symm.SymAdaptedRHF", "convergence_threshold": 1e-06, "point_group": {"groupname": "Coov", "topgroup": "Coov"}, "alpha": 3.0, "calculated_properties": {"HF": {"energy": -2.836956959964197, "converged": true}, "MP2": {"energy": -2.848605574629315, "converged": null}, "CISD": {"energy": -2.8520766960561184, "converged": true}, "CCSD": {"energy": -2.8520766977216514, "converged": true, "t1_diagnostic": 0.003030456754063006}, "FCI": {"energy": -2.852076696057215, "converged": true, "spin_matches_target": true, "multiplicity": 1.0, "oscillatory_converged": false, "oscillation_energy_change": null}}, "auxiliary_operators": {"number_operator": {"IIIIIIII": 4.0, "ZIIIIIII": -0.5, "IZIIIIII": -0.5, "IIZIIIII": -0.5, "IIIZIIII": -0.5, "IIIIZIII": -0.5, "IIIIIZII": -0.5, "IIIIIIZI": -0.5, "IIIIIIIZ": -0.5}, "N_alpha": {"IIIIIIII": 2.0, "ZIIIIIII": -0.5, "IIZIIIII": -0.5, "IIIIZIII": -0.5, "IIIIIIZI": -0.5}, "N_beta": {"IIIIIIII": 2.0, "IZIIIIII": -0.5, "IIIZIIII": -0.5, "IIIIIZII": -0.5, "IIIIIIIZ": -0.5}, "S^2_operator": {"IIIIIIII": 1.5, "ZZIIIIII": -0.375, "IIIIZZII": -0.375, "IIIIIIZZ": -0.375, "IIZZIIII": -0.375, "ZIIZIIII": -0.125, "ZIZIIIII": 0.125, "IIIIXYXY": 0.125, "IIIIXYYX": -0.125, "IIIIYYXX": 0.125, "IIIIYYYY": 0.125, "IIIIXXXX": 0.125, "IIIIXXYY": 0.125, "IIIIYXXY": -0.125, "IIIIYXYX": 0.125, "IIXYIIXY": 0.125, "IIXYIIYX": -0.125, "ZIIIZIII": 0.125, "ZIIIIZII": -0.125, "ZIIIIIZI": 0.125, "ZIIIIIIZ": -0.125, "IIIIZIIZ": -0.125, "IIIIZIZI": 0.125, "IIIZIIIZ": 0.125, "IIIZIIZI": -0.125, "IIIZIZII": 0.125, "IIIZZIII": -0.125, "IIZIIIIZ": -0.125, "IIYYIIXX": 0.125, "IIZIIIZI": 0.125, "IIZIZIII": 0.125, "IZIIIIIZ": 0.125, "IZIIIIZI": -0.125, "IZIIIZII": 0.125, "IZIIZIII": -0.125, "IZIZIIII": 0.125, "IZZIIIII": -0.125, "IIZIIZII": -0.125, "IIYYIIYY": 0.125, "IIXXIIXX": 0.125, "IIXXIIYY": 0.125, "XYIIYXII": -0.125, "YYIIXXII": 0.125, "YYIIYYII": 0.125, "XXIIXXII": 0.125, "XXIIYYII": 0.125, "YXIIXYII": -0.125, "YXIIYXII": 0.125, "XYXYIIII": 0.125, "XYYXIIII": -0.125, "YYXXIIII": 0.125, "YYYYIIII": 0.125, "XXXXIIII": 0.125, "XXYYIIII": 0.125, "YXXYIIII": -0.125, "YXYXIIII": 0.125, "XYIIXYII": 0.125, "IIIIIZZI": -0.125, "YXIIIIYX": 0.125, "XXIIIIYY": 0.125, "IIYXIIXY": -0.125, "IIYXIIYX": 0.125, "IIXYXYII": 0.125, "IIXYYXII": -0.125, "IIYYXXII": 0.125, "IIYYYYII": 0.125, "IIXXXXII": 0.125, "IIXXYYII": 0.125, "IIYXXYII": -0.125, "IIYXYXII": 0.125, "XYIIIIXY": 0.125, "XYIIIIYX": -0.125, "YYIIIIXX": 0.125, "YYIIIIYY": 0.125, "XXIIIIXX": 0.125, "YXIIIIXY": -0.125, "IIIIIZIZ": 0.125}, "UCCSD_operator": {"XXIIIIXY": 0.006945311421396405, "XYIIIIXX": -0.006945311421396405, "YXIIIIXX": -0.006945311421396405, "XYIIIIYY": 0.006945311421396405, "YXIIIIYY": 0.006945311421396405, "YYIIIIYX": -0.006945311421396405, "XXIIIIYX": 0.006945311421396405, "YYIIIIXY": -0.006945311421396405, "YZXIIIII": 0.0021018027113237523, "IXZYIIII": -0.0021018027113237523, "IYZXIIII": 0.0021018027113237523, "XZYIIIII": -0.0021018027113237523, "XYXZZZZX": 0.0010718382195366778, "YXXZZZZX": 0.0010718382195366778, "XXXZZZZY": -0.0010718382195366778, "YXYZZZZY": -0.0010718382195366778, "YYYZZZZX": 0.0010718382195366778, "XYYZZZZY": -0.0010718382195366778, "YYXZZZZY": 0.0010718382195366778, "YXIYZZYI": 0.0010718382195366778, "XXYZZZZX": -0.0010718382195366778, "YYIXZZYI": -0.0010718382195366778, "XXIXZZYI": 0.0010718382195366778, "XYIXZZXI": -0.0010718382195366778, "YXIXZZXI": -0.0010718382195366778, "XYIYZZYI": 0.0010718382195366778, "YYIYZZXI": -0.0010718382195366778, "XXIYZZXI": 0.0010718382195366778, "XXIIIXYI": -0.0009259849842866003, "YYIIIYXI": 0.0009259849842866003, "XXIIIYXI": -0.0009259849842866003, "YYIIXZZY": -0.0009259849842866003, "XXIIXZZY": 0.0009259849842866003, "YXIIIYYI": -0.0009259849842866003, "XYIIXZZX": -0.0009259849842866003, "YXIIXZZX": -0.0009259849842866003, "XYIIYZZY": 0.0009259849842866003, "YXIIYZZY": 0.0009259849842866003, "YYIIYZZX": -0.0009259849842866003, "XYIIIYYI": -0.0009259849842866003, "YYIIIXYI": 0.0009259849842866003, "XXIIYZZX": 0.0009259849842866003, "YXIIIXXI": 0.0009259849842866003, "XYIIIXXI": 0.0009259849842866003, "XYXXIIII": -0.0003406506294168426, "XXYXIIII": 0.0003406506294168426, "YYYXIIII": -0.0003406506294168426, "YXYYIIII": 0.0003406506294168426, "XYYYIIII": 0.0003406506294168426, "YXXXIIII": -0.0003406506294168426, "YYXYIIII": -0.0003406506294168426, "XXXYIIII": 0.0003406506294168426, "YZZZZZXI": 0.00033068344285083686, "IYZZZZZX": 0.00033068344285083686, "IXZZZZZY": -0.00033068344285083686, "XZZZZZYI": -0.00033068344285083686, "YZZZXIII": -0.0002527524085728583, "XZZZYIII": 0.0002527524085728583, "IXZZZYII": 0.0002527524085728583, "IYZZZXII": -0.0002527524085728583, "YYIYXIII": -0.00020352930240019964, "XXIYXIII": 0.00020352930240019964, "YYXZZYII": 0.00020352930240019964, "XXXZZYII": -0.00020352930240019964, "XYXZZXII": 0.00020352930240019964, "YXXZZXII": 0.00020352930240019964, "XYYZZYII": -0.00020352930240019964, "YXYZZYII": -0.00020352930240019964, "YYYZZXII": 0.00020352930240019964, "XXYZZXII": -0.00020352930240019964, "YXIYYIII": 0.00020352930240019964, "XYIXXIII": -0.00020352930240019964, "XYIYYIII": 0.00020352930240019964, "YXIXXIII": -0.00020352930240019964, "XXIXYIII": 0.00020352930240019964, "YYIXYIII": -0.00020352930240019964, "YYIIXYII": -0.00015439251853736248, "XYIIXXII": -0.00015439251853736248, "YXIIXXII": -0.00015439251853736248, "XYIIYYII": 0.00015439251853736248, "YXIIYYII": 0.00015439251853736248, "YYIIYXII": -0.00015439251853736248, "XXIIYXII": 0.00015439251853736248, "XXIIXYII": 0.00015439251853736248}}, "hf_method_fallback": "standard", "generation_time_s": 2.522, "timestamp": "2026-03-10T21:36:19.957590+00:00", "formula_latex": "$\\mathrm{HHe^{+}}$"}}