{"n_qubits": 6, "qubits": [1, 2, 3, 4, 5, 6], "fci_energy": -2.8456398957845597, "hf_energy": -2.8238278809001134, "CS_SRE": [0.008249794203585528, 0.011706720571447978, 0.016130979066234463, 0.026643011218585325, 0.02968748299950208, 0.030714781378710726], "CS_energy": [-2.832372568341703, -2.8342744209167936, -2.8374668105928316, -2.844026689311309, -2.84550728676599, -2.845639895784623], "overlaps": [0.9985642154982469, 0.9979650920465686, 0.997198299195551, 0.9953774453092734, 0.9948516045260364, 0.9946740914808674], "solver": "scipy", "data": {"molecule_id": "HHe+_singlet_Coov", "qubit_encoding": "JW", "unit": "Angstrom", "basis": "3-21g", "charge": 1, "multiplicity": 1, "spin": 0, "geometry": "He 0.1420800000 0.0000000000 0.0000000000\nH -0.4002800000 0.0000000000 0.0000000000", "n_qubits": 8, "n_particles": {"total": 2, "alpha": 1, "beta": 1}, "hf_array": [1, 1, 0, 0, 0, 0, 0, 0], "hf_method": "pyscf.scf.hf_symm.SymAdaptedRHF", "convergence_threshold": 1e-06, "point_group": {"groupname": "Coov", "topgroup": "Coov"}, "alpha": 0.7, "calculated_properties": {"HF": {"energy": -2.8238278809001134, "converged": true}, "MP2": {"energy": -2.8407638304328415, "converged": null}, "CISD": {"energy": -2.8456398957845637, "converged": true}, "CCSD": {"energy": -2.8456399080646673, "converged": true, "t1_diagnostic": 0.0047835326028270566}, "FCI": {"energy": -2.8456398957845597, "converged": true, "spin_matches_target": true, "multiplicity": 0.9999999999999993, "oscillatory_converged": false, "oscillation_energy_change": null}}, "auxiliary_operators": {"number_operator": {"IIIIIIII": 4.0, "ZIIIIIII": -0.5, "IZIIIIII": -0.5, "IIZIIIII": -0.5, "IIIZIIII": -0.5, "IIIIZIII": -0.5, "IIIIIZII": -0.5, "IIIIIIZI": -0.5, "IIIIIIIZ": -0.5}, "N_alpha": {"IIIIIIII": 2.0, "ZIIIIIII": -0.5, "IIZIIIII": -0.5, "IIIIZIII": -0.5, "IIIIIIZI": -0.5}, "N_beta": {"IIIIIIII": 2.0, "IZIIIIII": -0.5, "IIIZIIII": -0.5, "IIIIIZII": -0.5, "IIIIIIIZ": -0.5}, "S^2_operator": {"IIIIIIII": 1.5, "ZZIIIIII": -0.375, "IIIIZZII": -0.375, "IIIIIIZZ": -0.375, "IIZZIIII": -0.375, "ZIIZIIII": -0.125, "ZIZIIIII": 0.125, "IIIIXYXY": 0.125, "IIIIXYYX": -0.125, "IIIIYYXX": 0.125, "IIIIYYYY": 0.125, "IIIIXXXX": 0.125, "IIIIXXYY": 0.125, "IIIIYXXY": -0.125, "IIIIYXYX": 0.125, "IIXYIIXY": 0.125, "IIXYIIYX": -0.125, "ZIIIZIII": 0.125, "ZIIIIZII": -0.125, "ZIIIIIZI": 0.125, "ZIIIIIIZ": -0.125, "IIIIZIIZ": -0.125, "IIIIZIZI": 0.125, "IIIZIIIZ": 0.125, "IIIZIIZI": -0.125, "IIIZIZII": 0.125, "IIIZZIII": -0.125, "IIZIIIIZ": -0.125, "IIYYIIXX": 0.125, "IIZIIIZI": 0.125, "IIZIZIII": 0.125, "IZIIIIIZ": 0.125, "IZIIIIZI": -0.125, "IZIIIZII": 0.125, "IZIIZIII": -0.125, "IZIZIIII": 0.125, "IZZIIIII": -0.125, "IIZIIZII": -0.125, "IIYYIIYY": 0.125, "IIXXIIXX": 0.125, "IIXXIIYY": 0.125, "XYIIYXII": -0.125, "YYIIXXII": 0.125, "YYIIYYII": 0.125, "XXIIXXII": 0.125, "XXIIYYII": 0.125, "YXIIXYII": -0.125, "YXIIYXII": 0.125, "XYXYIIII": 0.125, "XYYXIIII": -0.125, "YYXXIIII": 0.125, "YYYYIIII": 0.125, "XXXXIIII": 0.125, "XXYYIIII": 0.125, "YXXYIIII": -0.125, "YXYXIIII": 0.125, "XYIIXYII": 0.125, "IIIIIZZI": -0.125, "YXIIIIYX": 0.125, "XXIIIIYY": 0.125, "IIYXIIXY": -0.125, "IIYXIIYX": 0.125, "IIXYXYII": 0.125, "IIXYYXII": -0.125, "IIYYXXII": 0.125, "IIYYYYII": 0.125, "IIXXXXII": 0.125, "IIXXYYII": 0.125, "IIYXXYII": -0.125, "IIYXYXII": 0.125, "XYIIIIXY": 0.125, "XYIIIIYX": -0.125, "YYIIIIXX": 0.125, "YYIIIIYY": 0.125, "XXIIIIXX": 0.125, "YXIIIIXY": -0.125, "IIIIIZIZ": 0.125}, "UCCSD_operator": {"XXIIIIYX": 0.004762653344093456, "YYIIIIYX": -0.004762653344093456, "YXIIIIYY": 0.004762653344093456, "YYIIIIXY": -0.004762653344093456, "YXIIIIXX": -0.004762653344093456, "XYIIIIXX": -0.004762653344093456, "XXIIIIXY": 0.004762653344093456, "XYIIIIYY": 0.004762653344093456, "XYYYIIII": 0.003914216398093886, "YXXXIIII": -0.003914216398093886, "XXXYIIII": 0.003914216398093886, "XYXXIIII": -0.003914216398093886, "YYXYIIII": -0.003914216398093886, "YXYYIIII": 0.003914216398093886, "YYYXIIII": -0.003914216398093886, "XXYXIIII": 0.003914216398093886, "XXIIYXII": 0.0036177525907038445, "YXIIYYII": 0.0036177525907038445, "YYIIYXII": -0.0036177525907038445, "YYIIXYII": -0.0036177525907038445, "XXIIXYII": 0.0036177525907038445, "XYIIXXII": -0.0036177525907038445, "YXIIXXII": -0.0036177525907038445, "XYIIYYII": 0.0036177525907038445, "XYXZZZZX": -0.003473884880360464, "XXXZZZZY": 0.003473884880360464, "YYXZZZZY": -0.003473884880360464, "YXXZZZZX": -0.003473884880360464, "YXIYZZYI": -0.003473884880360464, "YYIYZZXI": 0.003473884880360464, "XXIYZZXI": -0.003473884880360464, "XYYZZZZY": 0.003473884880360464, "YXYZZZZY": 0.003473884880360464, "YYYZZZZX": -0.003473884880360464, "XXYZZZZX": 0.003473884880360464, "XYIYZZYI": -0.003473884880360464, "YXIXZZXI": 0.003473884880360464, "XYIXZZXI": 0.003473884880360464, "XXIXZZYI": -0.003473884880360464, "YYIXZZYI": 0.003473884880360464, "YZXIIIII": 0.0028415164998488924, "IYZXIIII": 0.0028415164998488924, "XZYIIIII": -0.0028415164998488924, "IXZYIIII": -0.0028415164998488924, "YZZZXIII": 0.0018346590099814588, "XZZZYIII": -0.0018346590099814588, "IXZZZYII": -0.0018346590099814588, "IYZZZXII": 0.0018346590099814588, "YYYZZXII": -0.0018186758769440448, "YXIXXIII": 0.0018186758769440448, "YXYZZYII": 0.0018186758769440448, "XXYZZXII": 0.0018186758769440448, "XYIXXIII": 0.0018186758769440448, "XYYZZYII": 0.0018186758769440448, "YXIYYIII": -0.0018186758769440448, "YYIYXIII": 0.0018186758769440448, "YYIXYIII": 0.0018186758769440448, "XXIYXIII": -0.0018186758769440448, "XXXZZYII": 0.0018186758769440448, "XXIXYIII": -0.0018186758769440448, "XYIYYIII": -0.0018186758769440448, "XYXZZXII": -0.0018186758769440448, "YXXZZXII": -0.0018186758769440448, "YYXZZYII": -0.0018186758769440448, "XYIIIYYI": -0.0004753977012965, "YXIIIXXI": 0.0004753977012965, "YYIIIXYI": 0.0004753977012965, "XYIIIXXI": 0.0004753977012965, "XXIIIXYI": -0.0004753977012965, "YXIIIYYI": -0.0004753977012965, "YYIIIYXI": 0.0004753977012965, "XXIIYZZX": 0.0004753977012965, "YYIIYZZX": -0.0004753977012965, "XYIIYZZY": 0.0004753977012965, "YXIIXZZX": -0.0004753977012965, "XXIIIYXI": -0.0004753977012965, "YYIIXZZY": -0.0004753977012965, "XXIIXZZY": 0.0004753977012965, "XYIIXZZX": -0.0004753977012965, "YXIIYZZY": 0.0004753977012965, "YZZZZZXI": -2.7862562149541474e-05, "IYZZZZZX": -2.7862562149541474e-05, "IXZZZZZY": 2.7862562149541474e-05, "XZZZZZYI": 2.7862562149541474e-05}}, "hf_method_fallback": "standard", "generation_time_s": 3.052, "timestamp": "2026-03-10T21:36:29.274339+00:00", "formula_latex": "$\\mathrm{HHe^{+}}$"}}