{"n_qubits": 6, "qubits": [1, 2, 3, 4, 5, 6], "fci_energy": -2.9109115838294604, "hf_energy": -2.8873911058439483, "CS_SRE": [0.011445521541822636, 0.020208739561864014, 0.03422189065687244, 0.036365978845752406, 0.03919660584293216, 0.04356276790399102], "CS_energy": [-2.8920108083080285, -2.900743058926944, -2.907679181662881, -2.9086333504896245, -2.910486769765707, -2.910911583829517], "overlaps": [0.9980046451928702, 0.9964823766908503, 0.9940515205151389, 0.9936806687894058, 0.9931930975108213, 0.992437107090277], "solver": "scipy", "data": {"molecule_id": "HHe+_singlet_Coov", "qubit_encoding": "JW", "unit": "Angstrom", "basis": "3-21g", "charge": 1, "multiplicity": 1, "spin": 0, "geometry": "He 0.2583000000 0.0000000000 0.0000000000\nH -0.5165000000 0.0000000000 0.0000000000", "n_qubits": 8, "n_particles": {"total": 2, "alpha": 1, "beta": 1}, "hf_array": [1, 1, 0, 0, 0, 0, 0, 0], "hf_method": "pyscf.scf.hf_symm.SymAdaptedRHF", "convergence_threshold": 1e-06, "point_group": {"groupname": "Coov", "topgroup": "Coov"}, "alpha": 1.0, "calculated_properties": {"HF": {"energy": -2.8873911058439483, "converged": true}, "MP2": {"energy": -2.9052942501191006, "converged": null}, "CISD": {"energy": -2.910911583826005, "converged": true}, "CCSD": {"energy": -2.9109115825461647, "converged": true, "t1_diagnostic": 0.00988734204767566}, "FCI": {"energy": -2.9109115838294604, "converged": true, "spin_matches_target": true, "multiplicity": 0.9999999999999993, "oscillatory_converged": false, "oscillation_energy_change": null}}, "auxiliary_operators": {"number_operator": {"IIIIIIII": 4.0, "ZIIIIIII": -0.5, "IZIIIIII": -0.5, "IIZIIIII": -0.5, "IIIZIIII": -0.5, "IIIIZIII": -0.5, "IIIIIZII": -0.5, "IIIIIIZI": -0.5, "IIIIIIIZ": -0.5}, "N_alpha": {"IIIIIIII": 2.0, "ZIIIIIII": -0.5, "IIZIIIII": -0.5, "IIIIZIII": -0.5, "IIIIIIZI": -0.5}, "N_beta": {"IIIIIIII": 2.0, "IZIIIIII": -0.5, "IIIZIIII": -0.5, "IIIIIZII": -0.5, "IIIIIIIZ": -0.5}, "S^2_operator": {"IIIIIIII": 1.5, "ZZIIIIII": -0.375, "IIIIZZII": -0.375, "IIIIIIZZ": -0.375, "IIZZIIII": -0.375, "ZIIZIIII": -0.125, "ZIZIIIII": 0.125, "IIIIXYXY": 0.125, "IIIIXYYX": -0.125, "IIIIYYXX": 0.125, "IIIIYYYY": 0.125, "IIIIXXXX": 0.125, "IIIIXXYY": 0.125, "IIIIYXXY": -0.125, "IIIIYXYX": 0.125, "IIXYIIXY": 0.125, "IIXYIIYX": -0.125, "ZIIIZIII": 0.125, "ZIIIIZII": -0.125, "ZIIIIIZI": 0.125, "ZIIIIIIZ": -0.125, "IIIIZIIZ": -0.125, "IIIIZIZI": 0.125, "IIIZIIIZ": 0.125, "IIIZIIZI": -0.125, "IIIZIZII": 0.125, "IIIZZIII": -0.125, "IIZIIIIZ": -0.125, "IIYYIIXX": 0.125, "IIZIIIZI": 0.125, "IIZIZIII": 0.125, "IZIIIIIZ": 0.125, "IZIIIIZI": -0.125, "IZIIIZII": 0.125, "IZIIZIII": -0.125, "IZIZIIII": 0.125, "IZZIIIII": -0.125, "IIZIIZII": -0.125, "IIYYIIYY": 0.125, "IIXXIIXX": 0.125, "IIXXIIYY": 0.125, "XYIIYXII": -0.125, "YYIIXXII": 0.125, "YYIIYYII": 0.125, "XXIIXXII": 0.125, "XXIIYYII": 0.125, "YXIIXYII": -0.125, "YXIIYXII": 0.125, "XYXYIIII": 0.125, "XYYXIIII": -0.125, "YYXXIIII": 0.125, "YYYYIIII": 0.125, "XXXXIIII": 0.125, "XXYYIIII": 0.125, "YXXYIIII": -0.125, "YXYXIIII": 0.125, "XYIIXYII": 0.125, "IIIIIZZI": -0.125, "YXIIIIYX": 0.125, "XXIIIIYY": 0.125, "IIYXIIXY": -0.125, "IIYXIIYX": 0.125, "IIXYXYII": 0.125, "IIXYYXII": -0.125, "IIYYXXII": 0.125, "IIYYYYII": 0.125, "IIXXXXII": 0.125, "IIXXYYII": 0.125, "IIYXXYII": -0.125, "IIYXYXII": 0.125, "XYIIIIXY": 0.125, "XYIIIIYX": -0.125, "YYIIIIXX": 0.125, "YYIIIIYY": 0.125, "XXIIIIXX": 0.125, "YXIIIIXY": -0.125, "IIIIIZIZ": 0.125}, "UCCSD_operator": {"YYXYIIII": -0.006499872117715583, "XYXXIIII": -0.006499872117715583, "YXXXIIII": -0.006499872117715583, "XYYYIIII": 0.006499872117715583, "YXYYIIII": 0.006499872117715583, "YYYXIIII": -0.006499872117715583, "XXYXIIII": 0.006499872117715583, "XXXYIIII": 0.006499872117715583, "YZXIIIII": 0.006404402889107232, "IXZYIIII": -0.006404402889107232, "XZYIIIII": -0.006404402889107232, "IYZXIIII": 0.006404402889107232, "YXIIIIYY": 0.005087348474230117, "XXIIIIXY": 0.005087348474230117, "XYIIIIXX": -0.005087348474230117, "XYIIIIYY": 0.005087348474230117, "YXIIIIXX": -0.005087348474230117, "YYIIIIXY": -0.005087348474230117, "XXIIIIYX": 0.005087348474230117, "YYIIIIYX": -0.005087348474230117, "XYYZZZZY": 0.003912113682932801, "YXXZZZZX": -0.003912113682932801, "XYXZZZZX": -0.003912113682932801, "XXXZZZZY": 0.003912113682932801, "YYXZZZZY": -0.003912113682932801, "XYIYZZYI": -0.003912113682932801, "YXIYZZYI": -0.003912113682932801, "YYIYZZXI": 0.003912113682932801, "XXIYZZXI": -0.003912113682932801, "YXYZZZZY": 0.003912113682932801, "XXIXZZYI": -0.003912113682932801, "YYYZZZZX": -0.003912113682932801, "XXYZZZZX": 0.003912113682932801, "YXIXZZXI": 0.003912113682932801, "XYIXZZXI": 0.003912113682932801, "YYIXZZYI": 0.003912113682932801, "XZZZYIII": -0.002644563822880216, "IXZZZYII": -0.002644563822880216, "YZZZXIII": 0.002644563822880216, "IYZZZXII": 0.002644563822880216, "YYIXYIII": 0.0022642184736346217, "XXIXYIII": -0.0022642184736346217, "XXYZZXII": 0.0022642184736346217, "YYYZZXII": -0.0022642184736346217, "YXYZZYII": 0.0022642184736346217, "XYYZZYII": 0.0022642184736346217, "YXXZZXII": -0.0022642184736346217, "XYXZZXII": -0.0022642184736346217, "XYIXXIII": 0.0022642184736346217, "YYXZZYII": -0.0022642184736346217, "XXXZZYII": 0.0022642184736346217, "YYIYXIII": 0.0022642184736346217, "YXIYYIII": -0.0022642184736346217, "XYIYYIII": -0.0022642184736346217, "YXIXXIII": 0.0022642184736346217, "XXIYXIII": -0.0022642184736346217, "YXIIYYII": 0.0020361348927246748, "XXIIYXII": 0.0020361348927246748, "YYIIYXII": -0.0020361348927246748, "YYIIXYII": -0.0020361348927246748, "XYIIXXII": -0.0020361348927246748, "YXIIXXII": -0.0020361348927246748, "XYIIYYII": 0.0020361348927246748, "XXIIXYII": 0.0020361348927246748, "IYZZZZZX": -0.0009325621719614312, "XZZZZZYI": 0.0009325621719614312, "YZZZZZXI": -0.0009325621719614312, "IXZZZZZY": 0.0009325621719614312, "YYIIIXYI": 0.0002609191299582226, "XXIIIXYI": -0.0002609191299582226, "XYIIIXXI": 0.0002609191299582226, "YXIIIXXI": 0.0002609191299582226, "XXIIXZZY": 0.0002609191299582226, "XXIIYZZX": 0.0002609191299582226, "YYIIYZZX": -0.0002609191299582226, "YXIIYZZY": 0.0002609191299582226, "XYIIYZZY": 0.0002609191299582226, "YXIIXZZX": -0.0002609191299582226, "XYIIIYYI": -0.0002609191299582226, "YYIIXZZY": -0.0002609191299582226, "XXIIIYXI": -0.0002609191299582226, "YYIIIYXI": 0.0002609191299582226, "YXIIIYYI": -0.0002609191299582226, "XYIIXZZX": -0.0002609191299582226}}, "hf_method_fallback": "standard", "generation_time_s": 2.238, "timestamp": "2026-03-10T21:36:04.750873+00:00", "formula_latex": "$\\mathrm{HHe^{+}}$"}}