{"n_qubits": 2, "qubits": [1, 2], "fci_energy": -2.822259063288601, "hf_energy": -2.821307198301472, "CS_SRE": [0.0025390137264074755, 0.0038262353857932297], "CS_energy": [-2.8221868710916245, -2.8222590632886013], "overlaps": [0.9995594395985954, 0.9993362136350689], "solver": "scipy", "data": {"molecule_id": "HHe+_singlet_Coov", "qubit_encoding": "JW", "unit": "Angstrom", "basis": "sto-3g", "charge": 1, "multiplicity": 1, "spin": 0, "geometry": "He 0.6457000000 0.0000000000 0.0000000000\nH -0.9039000000 0.0000000000 0.0000000000", "n_qubits": 4, "n_particles": {"total": 2, "alpha": 1, "beta": 1}, "hf_array": [1, 1, 0, 0], "hf_method": "pyscf.scf.hf_symm.SymAdaptedRHF", "convergence_threshold": 1e-06, "point_group": {"groupname": "Coov", "topgroup": "Coov"}, "alpha": 2.0, "calculated_properties": {"HF": {"energy": -2.821307198301472, "converged": true}, "MP2": {"energy": -2.822383599873384, "converged": null}, "CISD": {"energy": -2.8222590632886013, "converged": true}, "CCSD": {"energy": -2.8222590557119314, "converged": true, "t1_diagnostic": 0.006083584526258586}, "FCI": {"energy": -2.822259063288601, "converged": true, "spin_matches_target": true, "multiplicity": 1.0, "oscillatory_converged": false, "oscillation_energy_change": null}}, "auxiliary_operators": {"number_operator": {"IIII": 2.0, "ZIII": -0.5, "IZII": -0.5, "IIZI": -0.5, "IIIZ": -0.5}, "N_alpha": {"IIII": 1.0, "ZIII": -0.5, "IIZI": -0.5}, "N_beta": {"IIII": 1.0, "IZII": -0.5, "IIIZ": -0.5}, "S^2_operator": {"IIII": 0.75, "ZZII": -0.375, "IIZZ": -0.375, "YXYX": 0.125, "YXXY": -0.125, "XXYY": 0.125, "XXXX": 0.125, "YYYY": 0.125, "YYXX": 0.125, "XYYX": -0.125, "XYXY": 0.125, "ZIZI": 0.125, "ZIIZ": -0.125, "IZZI": -0.125, "IZIZ": 0.125}, "UCCSD_operator": {"YZXI": 0.004303383270847688, "XZYI": -0.004303383270847688, "IYZX": 0.004303383270847688, "IXZY": -0.004303383270847688, "XXXY": 0.0028489030474834905, "XYXX": -0.0028489030474834905, "YXXX": -0.0028489030474834905, "XYYY": 0.0028489030474834905, "YXYY": 0.0028489030474834905, "YYXY": -0.0028489030474834905, "YYYX": -0.0028489030474834905, "XXYX": 0.0028489030474834905}}, "hf_method_fallback": "standard", "generation_time_s": 1.093, "timestamp": "2026-03-10T21:44:43.900297+00:00", "formula_latex": "$\\mathrm{HHe^{+}}$"}}