{"n_qubits": 2, "qubits": [1, 2], "fci_energy": -2.8086456369951724, "hf_energy": -2.8086409503730803, "CS_SRE": [1.2221190489084313e-05, 1.3009606044286919e-05], "CS_energy": [-2.8086455960448897, -2.808645636995175], "overlaps": [0.9999978822156123, 0.9999977455933255], "solver": "scipy", "data": {"molecule_id": "HHe+_singlet_Coov", "qubit_encoding": "JW", "unit": "Angstrom", "basis": "sto-3g", "charge": 1, "multiplicity": 1, "spin": 0, "geometry": "He 1.0331000000 0.0000000000 0.0000000000\nH -1.2913000000 0.0000000000 0.0000000000", "n_qubits": 4, "n_particles": {"total": 2, "alpha": 1, "beta": 1}, "hf_array": [1, 1, 0, 0], "hf_method": "pyscf.scf.hf_symm.SymAdaptedRHF", "convergence_threshold": 1e-06, "point_group": {"groupname": "Coov", "topgroup": "Coov"}, "alpha": 3.0, "calculated_properties": {"HF": {"energy": -2.8086409503730803, "converged": true}, "MP2": {"energy": -2.808648893169295, "converged": null}, "CISD": {"energy": -2.8086456369951733, "converged": true}, "CCSD": {"energy": -2.8086456369963773, "converged": true, "t1_diagnostic": 0.00015768322943691973}, "FCI": {"energy": -2.8086456369951724, "converged": true, "spin_matches_target": true, "multiplicity": 0.9999999999999993, "oscillatory_converged": false, "oscillation_energy_change": null}}, "auxiliary_operators": {"number_operator": {"IIII": 2.0, "ZIII": -0.5, "IZII": -0.5, "IIZI": -0.5, "IIIZ": -0.5}, "N_alpha": {"IIII": 1.0, "ZIII": -0.5, "IIZI": -0.5}, "N_beta": {"IIII": 1.0, "IZII": -0.5, "IIIZ": -0.5}, "S^2_operator": {"IIII": 0.75, "ZZII": -0.375, "IIZZ": -0.375, "YXYX": 0.125, "YXXY": -0.125, "XXYY": 0.125, "XXXX": 0.125, "YYYY": 0.125, "YYXX": 0.125, "XYYX": -0.125, "XYXY": 0.125, "ZIZI": 0.125, "ZIIZ": -0.125, "IZZI": -0.125, "IZIZ": 0.125}, "UCCSD_operator": {"XXXY": 0.00018352496541267996, "XYXX": -0.00018352496541267996, "YXXX": -0.00018352496541267996, "XYYY": 0.00018352496541267996, "YXYY": 0.00018352496541267996, "YYYX": -0.00018352496541267996, "XXYX": 0.00018352496541267996, "YYXY": -0.00018352496541267996, "IXZY": -0.00011121366887421293, "IYZX": 0.00011121366887421293, "XZYI": -0.00011121366887421293, "YZXI": 0.00011121366887421293}}, "hf_method_fallback": "standard", "generation_time_s": 0.481, "timestamp": "2026-03-10T21:44:45.458447+00:00", "formula_latex": "$\\mathrm{HHe^{+}}$"}}