{"n_qubits": 6, "qubits": [1, 2, 3, 4, 5, 6], "fci_energy": -2.886474308393773, "hf_energy": -2.8658774164639746, "CS_SRE": [0.010046079213096533, 0.021797269112502328, 0.0355554762325017, 0.04286457428495289, 0.043416501828252914, 0.04393228618951983], "CS_energy": [-2.86918740209088, -2.879868051277146, -2.885718046097059, -2.886191358184835, -2.88632371464311, -2.886474308393814], "overlaps": [0.9982499232220783, 0.9962041899024693, 0.993818941491423, 0.9925525042388487, 0.9924573575055621, 0.9923687006427695], "solver": "scipy", "data": {"molecule_id": "HHe+_singlet_Coov", "qubit_encoding": "JW", "unit": "Angstrom", "basis": "3-21g", "charge": 1, "multiplicity": 1, "spin": 0, "geometry": "He 0.4520000000 0.0000000000 0.0000000000\nH -0.7102000000 0.0000000000 0.0000000000", "n_qubits": 8, "n_particles": {"total": 2, "alpha": 1, "beta": 1}, "hf_array": [1, 1, 0, 0, 0, 0, 0, 0], "hf_method": "pyscf.scf.hf_symm.SymAdaptedRHF", "convergence_threshold": 1e-06, "point_group": {"groupname": "Coov", "topgroup": "Coov"}, "alpha": 1.5, "calculated_properties": {"HF": {"energy": -2.8658774164639746, "converged": true}, "MP2": {"energy": -2.8814627338300007, "converged": null}, "CISD": {"energy": -2.8864743083760853, "converged": true}, "CCSD": {"energy": -2.8864743072173233, "converged": true, "t1_diagnostic": 0.014219501362389681}, "FCI": {"energy": -2.886474308393773, "converged": true, "spin_matches_target": true, "multiplicity": 1.0000000000000002, "oscillatory_converged": false, "oscillation_energy_change": null}}, "auxiliary_operators": {"number_operator": {"IIIIIIII": 4.0, "ZIIIIIII": -0.5, "IZIIIIII": -0.5, "IIZIIIII": -0.5, "IIIZIIII": -0.5, "IIIIZIII": -0.5, "IIIIIZII": -0.5, "IIIIIIZI": -0.5, "IIIIIIIZ": -0.5}, "N_alpha": {"IIIIIIII": 2.0, "ZIIIIIII": -0.5, "IIZIIIII": -0.5, "IIIIZIII": -0.5, "IIIIIIZI": -0.5}, "N_beta": {"IIIIIIII": 2.0, "IZIIIIII": -0.5, "IIIZIIII": -0.5, "IIIIIZII": -0.5, "IIIIIIIZ": -0.5}, "S^2_operator": {"IIIIIIII": 1.5, "ZZIIIIII": -0.375, "IIIIZZII": -0.375, "IIIIIIZZ": -0.375, "IIZZIIII": -0.375, "ZIIZIIII": -0.125, "ZIZIIIII": 0.125, "IIIIXYXY": 0.125, "IIIIXYYX": -0.125, "IIIIYYXX": 0.125, "IIIIYYYY": 0.125, "IIIIXXXX": 0.125, "IIIIXXYY": 0.125, "IIIIYXXY": -0.125, "IIIIYXYX": 0.125, "IIXYIIXY": 0.125, "IIXYIIYX": -0.125, "ZIIIZIII": 0.125, "ZIIIIZII": -0.125, "ZIIIIIZI": 0.125, "ZIIIIIIZ": -0.125, "IIIIZIIZ": -0.125, "IIIIZIZI": 0.125, "IIIZIIIZ": 0.125, "IIIZIIZI": -0.125, "IIIZIZII": 0.125, "IIIZZIII": -0.125, "IIZIIIIZ": -0.125, "IIYYIIXX": 0.125, "IIZIIIZI": 0.125, "IIZIZIII": 0.125, "IZIIIIIZ": 0.125, "IZIIIIZI": -0.125, "IZIIIZII": 0.125, "IZIIZIII": -0.125, "IZIZIIII": 0.125, "IZZIIIII": -0.125, "IIZIIZII": -0.125, "IIYYIIYY": 0.125, "IIXXIIXX": 0.125, "IIXXIIYY": 0.125, "XYIIYXII": -0.125, "YYIIXXII": 0.125, "YYIIYYII": 0.125, "XXIIXXII": 0.125, "XXIIYYII": 0.125, "YXIIXYII": -0.125, "YXIIYXII": 0.125, "XYXYIIII": 0.125, "XYYXIIII": -0.125, "YYXXIIII": 0.125, "YYYYIIII": 0.125, "XXXXIIII": 0.125, "XXYYIIII": 0.125, "YXXYIIII": -0.125, "YXYXIIII": 0.125, "XYIIXYII": 0.125, "IIIIIZZI": -0.125, "YXIIIIYX": 0.125, "XXIIIIYY": 0.125, "IIYXIIXY": -0.125, "IIYXIIYX": 0.125, "IIXYXYII": 0.125, "IIXYYXII": -0.125, "IIYYXXII": 0.125, "IIYYYYII": 0.125, "IIXXXXII": 0.125, "IIXXYYII": 0.125, "IIYXXYII": -0.125, "IIYXYXII": 0.125, "XYIIIIXY": 0.125, "XYIIIIYX": -0.125, "YYIIIIXX": 0.125, "YYIIIIYY": 0.125, "XXIIIIXX": 0.125, "YXIIIIXY": -0.125, "IIIIIZIZ": 0.125}, "UCCSD_operator": {"YZXIIIII": 0.009871066819124912, "XZYIIIII": -0.009871066819124912, "IXZYIIII": -0.009871066819124912, "IYZXIIII": 0.009871066819124912, "XXYXIIII": 0.00637331880881325, "YYYXIIII": -0.00637331880881325, "YXYYIIII": 0.00637331880881325, "XYYYIIII": 0.00637331880881325, "YXXXIIII": -0.00637331880881325, "XYXXIIII": -0.00637331880881325, "YYXYIIII": -0.00637331880881325, "XXXYIIII": 0.00637331880881325, "XXIIIIYX": 0.005775783685983836, "YXIIIIYY": 0.005775783685983836, "XYIIIIYY": 0.005775783685983836, "YXIIIIXX": -0.005775783685983836, "XYIIIIXX": -0.005775783685983836, "XXIIIIXY": 0.005775783685983836, "YYIIIIXY": -0.005775783685983836, "YYIIIIYX": -0.005775783685983836, "XYXZZZZX": -0.00404332924620268, "XXXZZZZY": 0.00404332924620268, "YYXZZZZY": -0.00404332924620268, "YYIXZZYI": 0.00404332924620268, "XXIXZZYI": -0.00404332924620268, "YXXZZZZX": -0.00404332924620268, "YXIXZZXI": 0.00404332924620268, "XYIYZZYI": -0.00404332924620268, "YXIYZZYI": -0.00404332924620268, "YYIYZZXI": 0.00404332924620268, "XYIXZZXI": 0.00404332924620268, "XXIYZZXI": -0.00404332924620268, "XYYZZZZY": 0.00404332924620268, "XXYZZZZX": 0.00404332924620268, "YYYZZZZX": -0.00404332924620268, "YXYZZZZY": 0.00404332924620268, "YZZZXIII": 0.001350964755362286, "XZZZYIII": -0.001350964755362286, "IXZZZYII": -0.001350964755362286, "IYZZZXII": 0.001350964755362286, "XZZZZZYI": 0.001296381911007596, "YZZZZZXI": -0.001296381911007596, "IYZZZZZX": -0.001296381911007596, "IXZZZZZY": 0.001296381911007596, "YYIXYIII": 0.0007739181314314326, "XXYZZXII": 0.0007739181314314326, "YYYZZXII": -0.0007739181314314326, "YXYZZYII": 0.0007739181314314326, "XYYZZYII": 0.0007739181314314326, "YXXZZXII": -0.0007739181314314326, "XYXZZXII": -0.0007739181314314326, "XXXZZYII": 0.0007739181314314326, "YYXZZYII": -0.0007739181314314326, "XYIXXIII": 0.0007739181314314326, "YXIXXIII": 0.0007739181314314326, "XXIYXIII": -0.0007739181314314326, "YYIYXIII": 0.0007739181314314326, "YXIYYIII": -0.0007739181314314326, "XYIYYIII": -0.0007739181314314326, "XXIXYIII": -0.0007739181314314326, "XXIIYXII": 0.00031769782927647066, "YYIIYXII": -0.00031769782927647066, "YYIIXYII": -0.00031769782927647066, "YXIIYYII": 0.00031769782927647066, "XYIIYYII": 0.00031769782927647066, "YXIIXXII": -0.00031769782927647066, "XYIIXXII": -0.00031769782927647066, "XXIIXYII": 0.00031769782927647066, "YYIIIXYI": 0.00023277063713545953, "XXIIIXYI": -0.00023277063713545953, "XYIIIXXI": 0.00023277063713545953, "YXIIIXXI": 0.00023277063713545953, "XXIIYZZX": 0.00023277063713545953, "YYIIYZZX": -0.00023277063713545953, "YXIIYZZY": 0.00023277063713545953, "XYIIYZZY": 0.00023277063713545953, "XYIIIYYI": -0.00023277063713545953, "XXIIXZZY": 0.00023277063713545953, "YYIIXZZY": -0.00023277063713545953, "XXIIIYXI": -0.00023277063713545953, "YYIIIYXI": 0.00023277063713545953, "YXIIIYYI": -0.00023277063713545953, "XYIIXZZX": -0.00023277063713545953, "YXIIXZZX": -0.00023277063713545953}}, "hf_method_fallback": "standard", "generation_time_s": 2.746, "timestamp": "2026-03-10T21:36:09.696839+00:00", "formula_latex": "$\\mathrm{HHe^{+}}$"}}