{"n_qubits": 2, "qubits": [1, 2], "fci_energy": -2.8485271416414, "hf_energy": -2.84365554029971, "CS_SRE": [0.013067493297459135, 0.019061162893601834], "CS_energy": [-2.84812088146055, -2.8485271416414024], "overlaps": [0.997719900765941, 0.9966759220011514], "solver": "scipy", "data": {"molecule_id": "HHe+_singlet_Coov", "qubit_encoding": "JW", "unit": "Angstrom", "basis": "sto-3g", "charge": 1, "multiplicity": 1, "spin": 0, "geometry": "He 0.4520000000 0.0000000000 0.0000000000\nH -0.7102000000 0.0000000000 0.0000000000", "n_qubits": 4, "n_particles": {"total": 2, "alpha": 1, "beta": 1}, "hf_array": [1, 1, 0, 0], "hf_method": "pyscf.scf.hf_symm.SymAdaptedRHF", "convergence_threshold": 1e-06, "point_group": {"groupname": "Coov", "topgroup": "Coov"}, "alpha": 1.5, "calculated_properties": {"HF": {"energy": -2.84365554029971, "converged": true}, "MP2": {"energy": -2.847865075056747, "converged": null}, "CISD": {"energy": -2.8485271416414, "converged": true}, "CCSD": {"energy": -2.8485270973408037, "converged": true, "t1_diagnostic": 0.01240085261326269}, "FCI": {"energy": -2.8485271416414, "converged": true, "spin_matches_target": true, "multiplicity": 1.0, "oscillatory_converged": false, "oscillation_energy_change": null}}, "auxiliary_operators": {"number_operator": {"IIII": 2.0, "ZIII": -0.5, "IZII": -0.5, "IIZI": -0.5, "IIIZ": -0.5}, "N_alpha": {"IIII": 1.0, "ZIII": -0.5, "IIZI": -0.5}, "N_beta": {"IIII": 1.0, "IZII": -0.5, "IIIZ": -0.5}, "S^2_operator": {"IIII": 0.75, "ZZII": -0.375, "IIZZ": -0.375, "YXYX": 0.125, "YXXY": -0.125, "XXYY": 0.125, "XXXX": 0.125, "YYYY": 0.125, "YYXX": 0.125, "XYYX": -0.125, "XYXY": 0.125, "ZIZI": 0.125, "ZIIZ": -0.125, "IZZI": -0.125, "IZIZ": 0.125}, "UCCSD_operator": {"YZXI": 0.008768754483819191, "XZYI": -0.008768754483819191, "IYZX": 0.008768754483819191, "IXZY": -0.008768754483819191, "XXXY": 0.006557668843962845, "XYXX": -0.006557668843962845, "YXXX": -0.006557668843962845, "XYYY": 0.006557668843962845, "YXYY": 0.006557668843962845, "YYXY": -0.006557668843962845, "YYYX": -0.006557668843962845, "XXYX": 0.006557668843962845}}, "hf_method_fallback": "standard", "generation_time_s": 0.998, "timestamp": "2026-03-10T21:44:42.786604+00:00", "formula_latex": "$\\mathrm{HHe^{+}}$"}}