{"n_qubits": 6, "qubits": [1, 2, 3, 4, 5, 6], "fci_energy": -2.9061899132374704, "hf_energy": -2.882790175145358, "CS_SRE": [0.00901743866076967, 0.01740473399225582, 0.030854267043012838, 0.03253281829443939, 0.03698115399371744, 0.040007613566428846], "CS_energy": [-2.8867238742236596, -2.8952414668286464, -2.902310677933569, -2.9038323850953986, -2.9058664321641947, -2.9061899132374918], "overlaps": [0.9984299763164075, 0.9969724337061038, 0.9946398337760247, 0.9943511765871574, 0.9935823419186414, 0.9930588288454836], "solver": "scipy", "data": {"molecule_id": "HHe+_singlet_Coov", "qubit_encoding": "JW", "unit": "Angstrom", "basis": "3-21g", "charge": 1, "multiplicity": 1, "spin": 0, "geometry": "He 0.2195600000 0.0000000000 0.0000000000\nH -0.4777600000 0.0000000000 0.0000000000", "n_qubits": 8, "n_particles": {"total": 2, "alpha": 1, "beta": 1}, "hf_array": [1, 1, 0, 0, 0, 0, 0, 0], "hf_method": "pyscf.scf.hf_symm.SymAdaptedRHF", "convergence_threshold": 1e-06, "point_group": {"groupname": "Coov", "topgroup": "Coov"}, "alpha": 0.9, "calculated_properties": {"HF": {"energy": -2.882790175145358, "converged": true}, "MP2": {"energy": -2.900694289771005, "converged": null}, "CISD": {"energy": -2.906189913236588, "converged": true}, "CCSD": {"energy": -2.906189914002778, "converged": true, "t1_diagnostic": 0.008197419064497401}, "FCI": {"energy": -2.9061899132374704, "converged": true, "spin_matches_target": true, "multiplicity": 1.0, "oscillatory_converged": false, "oscillation_energy_change": null}}, "auxiliary_operators": {"number_operator": {"IIIIIIII": 4.0, "ZIIIIIII": -0.5, "IZIIIIII": -0.5, "IIZIIIII": -0.5, "IIIZIIII": -0.5, "IIIIZIII": -0.5, "IIIIIZII": -0.5, "IIIIIIZI": -0.5, "IIIIIIIZ": -0.5}, "N_alpha": {"IIIIIIII": 2.0, "ZIIIIIII": -0.5, "IIZIIIII": -0.5, "IIIIZIII": -0.5, "IIIIIIZI": -0.5}, "N_beta": {"IIIIIIII": 2.0, "IZIIIIII": -0.5, "IIIZIIII": -0.5, "IIIIIZII": -0.5, "IIIIIIIZ": -0.5}, "S^2_operator": {"IIIIIIII": 1.5, "ZZIIIIII": -0.375, "IIIIZZII": -0.375, "IIIIIIZZ": -0.375, "IIZZIIII": -0.375, "ZIIZIIII": -0.125, "ZIZIIIII": 0.125, "IIIIXYXY": 0.125, "IIIIXYYX": -0.125, "IIIIYYXX": 0.125, "IIIIYYYY": 0.125, "IIIIXXXX": 0.125, "IIIIXXYY": 0.125, "IIIIYXXY": -0.125, "IIIIYXYX": 0.125, "IIXYIIXY": 0.125, "IIXYIIYX": -0.125, "ZIIIZIII": 0.125, "ZIIIIZII": -0.125, "ZIIIIIZI": 0.125, "ZIIIIIIZ": -0.125, "IIIIZIIZ": -0.125, "IIIIZIZI": 0.125, "IIIZIIIZ": 0.125, "IIIZIIZI": -0.125, "IIIZIZII": 0.125, "IIIZZIII": -0.125, "IIZIIIIZ": -0.125, "IIYYIIXX": 0.125, "IIZIIIZI": 0.125, "IIZIZIII": 0.125, "IZIIIIIZ": 0.125, "IZIIIIZI": -0.125, "IZIIIZII": 0.125, "IZIIZIII": -0.125, "IZIZIIII": 0.125, "IZZIIIII": -0.125, "IIZIIZII": -0.125, "IIYYIIYY": 0.125, "IIXXIIXX": 0.125, "IIXXIIYY": 0.125, "XYIIYXII": -0.125, "YYIIXXII": 0.125, "YYIIYYII": 0.125, "XXIIXXII": 0.125, "XXIIYYII": 0.125, "YXIIXYII": -0.125, "YXIIYXII": 0.125, "XYXYIIII": 0.125, "XYYXIIII": -0.125, "YYXXIIII": 0.125, "YYYYIIII": 0.125, "XXXXIIII": 0.125, "XXYYIIII": 0.125, "YXXYIIII": -0.125, "YXYXIIII": 0.125, "XYIIXYII": 0.125, "IIIIIZZI": -0.125, "YXIIIIYX": 0.125, "XXIIIIYY": 0.125, "IIYXIIXY": -0.125, "IIYXIIYX": 0.125, "IIXYXYII": 0.125, "IIXYYXII": -0.125, "IIYYXXII": 0.125, "IIYYYYII": 0.125, "IIXXXXII": 0.125, "IIXXYYII": 0.125, "IIYXXYII": -0.125, "IIYXYXII": 0.125, "XYIIIIXY": 0.125, "XYIIIIYX": -0.125, "YYIIIIXX": 0.125, "YYIIIIYY": 0.125, "XXIIIIXX": 0.125, "YXIIIIXY": -0.125, "IIIIIZIZ": 0.125}, "UCCSD_operator": {"YYXYIIII": -0.005804255874264507, "XYXXIIII": -0.005804255874264507, "YXXXIIII": -0.005804255874264507, "XYYYIIII": 0.005804255874264507, "YXYYIIII": 0.005804255874264507, "YYYXIIII": -0.005804255874264507, "XXYXIIII": 0.005804255874264507, "XXXYIIII": 0.005804255874264507, "YZXIIIII": 0.00515652234471599, "IXZYIIII": -0.00515652234471599, "XZYIIIII": -0.00515652234471599, "IYZXIIII": 0.00515652234471599, "YXIIIIYY": 0.00497648565696133, "XXIIIIXY": 0.00497648565696133, "XYIIIIXX": -0.00497648565696133, "XYIIIIYY": 0.00497648565696133, "YXIIIIXX": -0.00497648565696133, "YYIIIIXY": -0.00497648565696133, "XXIIIIYX": 0.00497648565696133, "YYIIIIYX": -0.00497648565696133, "XXXZZZZY": 0.003821471231759988, "YYXZZZZY": -0.003821471231759988, "YYIXZZYI": 0.003821471231759988, "XXIXZZYI": -0.003821471231759988, "YXXZZZZX": -0.003821471231759988, "YXIXZZXI": 0.003821471231759988, "XXIYZZXI": -0.003821471231759988, "YYIYZZXI": 0.003821471231759988, "YXIYZZYI": -0.003821471231759988, "XYIXZZXI": 0.003821471231759988, "XYYZZZZY": 0.003821471231759988, "XYXZZZZX": -0.003821471231759988, "XXYZZZZX": 0.003821471231759988, "XYIYZZYI": -0.003821471231759988, "YYYZZZZX": -0.003821471231759988, "YXYZZZZY": 0.003821471231759988, "YYIIXYII": -0.0026109777177583523, "XXIIXYII": 0.0026109777177583523, "XYIIXXII": -0.0026109777177583523, "YYIIYXII": -0.0026109777177583523, "YXIIYYII": 0.0026109777177583523, "XXIIYXII": 0.0026109777177583523, "XYIIYYII": 0.0026109777177583523, "YXIIXXII": -0.0026109777177583523, "IXZZZYII": -0.0025737571564103056, "IYZZZXII": 0.0025737571564103056, "XZZZYIII": -0.0025737571564103056, "YZZZXIII": 0.0025737571564103056, "YYIXYIII": 0.0023027339727327276, "XXYZZXII": 0.0023027339727327276, "YYYZZXII": -0.0023027339727327276, "YXYZZYII": 0.0023027339727327276, "XYYZZYII": 0.0023027339727327276, "YXXZZXII": -0.0023027339727327276, "XYXZZXII": -0.0023027339727327276, "XXXZZYII": 0.0023027339727327276, "YYXZZYII": -0.0023027339727327276, "XYIXXIII": 0.0023027339727327276, "XYIYYIII": -0.0023027339727327276, "YXIXXIII": 0.0023027339727327276, "YYIYXIII": 0.0023027339727327276, "XXIYXIII": -0.0023027339727327276, "XXIXYIII": -0.0023027339727327276, "YXIYYIII": -0.0023027339727327276, "IYZZZZZX": -0.0006204650244113068, "XZZZZZYI": 0.0006204650244113068, "YZZZZZXI": -0.0006204650244113068, "IXZZZZZY": 0.0006204650244113068, "YYIIIXYI": 0.00026329743507848253, "XXIIIXYI": -0.00026329743507848253, "XYIIIXXI": 0.00026329743507848253, "YXIIIXXI": 0.00026329743507848253, "YXIIIYYI": -0.00026329743507848253, "XXIIYZZX": 0.00026329743507848253, "YYIIYZZX": -0.00026329743507848253, "YXIIYZZY": 0.00026329743507848253, "XYIIYZZY": 0.00026329743507848253, "YXIIXZZX": -0.00026329743507848253, "XYIIIYYI": -0.00026329743507848253, "XYIIXZZX": -0.00026329743507848253, "XXIIXZZY": 0.00026329743507848253, "YYIIXZZY": -0.00026329743507848253, "XXIIIYXI": -0.00026329743507848253, "YYIIIYXI": 0.00026329743507848253}}, "hf_method_fallback": "standard", "generation_time_s": 3.86, "timestamp": "2026-03-10T21:36:23.829762+00:00", "formula_latex": "$\\mathrm{HHe^{+}}$"}}