{"n_qubits": 2, "qubits": [1, 2], "fci_energy": -2.851562662232364, "hf_energy": -2.8419356474537616, "CS_SRE": [0.023181139741588787, 0.02671550384773441], "CS_energy": [-2.8512236995403595, -2.8515626622323627], "overlaps": [0.9959329472705318, 0.995314026474645], "solver": "scipy", "data": {"molecule_id": "HHe+_singlet_Coov", "qubit_encoding": "JW", "unit": "Angstrom", "basis": "sto-3g", "charge": 1, "multiplicity": 1, "spin": 0, "geometry": "He 0.2583000000 0.0000000000 0.0000000000\nH -0.5165000000 0.0000000000 0.0000000000", "n_qubits": 4, "n_particles": {"total": 2, "alpha": 1, "beta": 1}, "hf_array": [1, 1, 0, 0], "hf_method": "pyscf.scf.hf_symm.SymAdaptedRHF", "convergence_threshold": 1e-06, "point_group": {"groupname": "Coov", "topgroup": "Coov"}, "alpha": 1.0, "calculated_properties": {"HF": {"energy": -2.8419356474537616, "converged": true}, "MP2": {"energy": -2.8491724690565325, "converged": null}, "CISD": {"energy": -2.851562662232364, "converged": true}, "CCSD": {"energy": -2.8515626669314544, "converged": true, "t1_diagnostic": 0.00895544698824732}, "FCI": {"energy": -2.851562662232364, "converged": true, "spin_matches_target": true, "multiplicity": 0.9999999999999998, "oscillatory_converged": false, "oscillation_energy_change": null}}, "auxiliary_operators": {"number_operator": {"IIII": 2.0, "ZIII": -0.5, "IZII": -0.5, "IIZI": -0.5, "IIIZ": -0.5}, "N_alpha": {"IIII": 1.0, "ZIII": -0.5, "IIZI": -0.5}, "N_beta": {"IIII": 1.0, "IZII": -0.5, "IIIZ": -0.5}, "S^2_operator": {"IIII": 0.75, "ZZII": -0.375, "IIZZ": -0.375, "YXYX": 0.125, "YXXY": -0.125, "XXYY": 0.125, "XXXX": 0.125, "YYYY": 0.125, "YYXX": 0.125, "XYYX": -0.125, "XYXY": 0.125, "ZIZI": 0.125, "ZIIZ": -0.125, "IZZI": -0.125, "IZIZ": 0.125}, "UCCSD_operator": {"XXXY": 0.008299575314272528, "XYXX": -0.008299575314272528, "YXXX": -0.008299575314272528, "XYYY": 0.008299575314272528, "YXYY": 0.008299575314272528, "YYYX": -0.008299575314272528, "XXYX": 0.008299575314272528, "YYXY": -0.008299575314272528, "IXZY": -0.006332457293970171, "IYZX": 0.006332457293970171, "XZYI": -0.006332457293970171, "YZXI": 0.006332457293970171}}, "hf_method_fallback": "standard", "generation_time_s": 1.383, "timestamp": "2026-03-10T21:44:40.775487+00:00", "formula_latex": "$\\mathrm{HHe^{+}}$"}}