{"n_qubits": 6, "qubits": [1, 2, 3, 4, 5, 6], "fci_energy": -2.888365578963228, "hf_energy": -2.8655210459313576, "CS_SRE": [0.006302601783309727, 0.014382543954961354, 0.026822415329527054, 0.029679784597528205, 0.033737047567216155, 0.03561337765208578], "CS_energy": [-2.8685299721451885, -2.8769318150735232, -2.8839587422731907, -2.8862506936413332, -2.8881451084939718, -2.8883655789633274], "overlaps": [0.998904231458829, 0.99749946453106, 0.9953424395781179, 0.9948493558724021, 0.9941484196382904, 0.9938240934553219], "solver": "scipy", "data": {"molecule_id": "HHe+_singlet_Coov", "qubit_encoding": "JW", "unit": "Angstrom", "basis": "3-21g", "charge": 1, "multiplicity": 1, "spin": 0, "geometry": "He 0.1808200000 0.0000000000 0.0000000000\nH -0.4390200000 0.0000000000 0.0000000000", "n_qubits": 8, "n_particles": {"total": 2, "alpha": 1, "beta": 1}, "hf_array": [1, 1, 0, 0, 0, 0, 0, 0], "hf_method": "pyscf.scf.hf_symm.SymAdaptedRHF", "convergence_threshold": 1e-06, "point_group": {"groupname": "Coov", "topgroup": "Coov"}, "alpha": 0.8, "calculated_properties": {"HF": {"energy": -2.8655210459313576, "converged": true}, "MP2": {"energy": -2.8831147983896934, "converged": null}, "CISD": {"energy": -2.888365578963206, "converged": true}, "CCSD": {"energy": -2.8883655796154604, "converged": true, "t1_diagnostic": 0.0064488616110394605}, "FCI": {"energy": -2.888365578963228, "converged": true, "spin_matches_target": true, "multiplicity": 1.0000000000000007, "oscillatory_converged": false, "oscillation_energy_change": null}}, "auxiliary_operators": {"number_operator": {"IIIIIIII": 4.0, "ZIIIIIII": -0.5, "IZIIIIII": -0.5, "IIZIIIII": -0.5, "IIIZIIII": -0.5, "IIIIZIII": -0.5, "IIIIIZII": -0.5, "IIIIIIZI": -0.5, "IIIIIIIZ": -0.5}, "N_alpha": {"IIIIIIII": 2.0, "ZIIIIIII": -0.5, "IIZIIIII": -0.5, "IIIIZIII": -0.5, "IIIIIIZI": -0.5}, "N_beta": {"IIIIIIII": 2.0, "IZIIIIII": -0.5, "IIIZIIII": -0.5, "IIIIIZII": -0.5, "IIIIIIIZ": -0.5}, "S^2_operator": {"IIIIIIII": 1.5, "ZZIIIIII": -0.375, "IIIIZZII": -0.375, "IIIIIIZZ": -0.375, "IIZZIIII": -0.375, "ZIIZIIII": -0.125, "ZIZIIIII": 0.125, "IIIIXYXY": 0.125, "IIIIXYYX": -0.125, "IIIIYYXX": 0.125, "IIIIYYYY": 0.125, "IIIIXXXX": 0.125, "IIIIXXYY": 0.125, "IIIIYXXY": -0.125, "IIIIYXYX": 0.125, "IIXYIIXY": 0.125, "IIXYIIYX": -0.125, "ZIIIZIII": 0.125, "ZIIIIZII": -0.125, "ZIIIIIZI": 0.125, "ZIIIIIIZ": -0.125, "IIIIZIIZ": -0.125, "IIIIZIZI": 0.125, "IIIZIIIZ": 0.125, "IIIZIIZI": -0.125, "IIIZIZII": 0.125, "IIIZZIII": -0.125, "IIZIIIIZ": -0.125, "IIYYIIXX": 0.125, "IIZIIIZI": 0.125, "IIZIZIII": 0.125, "IZIIIIIZ": 0.125, "IZIIIIZI": -0.125, "IZIIIZII": 0.125, "IZIIZIII": -0.125, "IZIZIIII": 0.125, "IZZIIIII": -0.125, "IIZIIZII": -0.125, "IIYYIIYY": 0.125, "IIXXIIXX": 0.125, "IIXXIIYY": 0.125, "XYIIYXII": -0.125, "YYIIXXII": 0.125, "YYIIYYII": 0.125, "XXIIXXII": 0.125, "XXIIYYII": 0.125, "YXIIXYII": -0.125, "YXIIYXII": 0.125, "XYXYIIII": 0.125, "XYYXIIII": -0.125, "YYXXIIII": 0.125, "YYYYIIII": 0.125, "XXXXIIII": 0.125, "XXYYIIII": 0.125, "YXXYIIII": -0.125, "YXYXIIII": 0.125, "XYIIXYII": 0.125, "IIIIIZZI": -0.125, "YXIIIIYX": 0.125, "XXIIIIYY": 0.125, "IIYXIIXY": -0.125, "IIYXIIYX": 0.125, "IIXYXYII": 0.125, "IIXYYXII": -0.125, "IIYYXXII": 0.125, "IIYYYYII": 0.125, "IIXXXXII": 0.125, "IIXXYYII": 0.125, "IIYXXYII": -0.125, "IIYXYXII": 0.125, "XYIIIIXY": 0.125, "XYIIIIYX": -0.125, "YYIIIIXX": 0.125, "YYIIIIYY": 0.125, "XXIIIIXX": 0.125, "YXIIIIXY": -0.125, "IIIIIZIZ": 0.125}, "UCCSD_operator": {"XYYYIIII": 0.0049094820493278315, "YXYYIIII": 0.0049094820493278315, "YYYXIIII": -0.0049094820493278315, "XXYXIIII": 0.0049094820493278315, "YXXXIIII": -0.0049094820493278315, "XYXXIIII": -0.0049094820493278315, "XXXYIIII": 0.0049094820493278315, "YYXYIIII": -0.0049094820493278315, "XXIIIIYX": 0.004868853742140771, "YYIIIIYX": -0.004868853742140771, "YXIIIIYY": 0.004868853742140771, "XYIIIIYY": 0.004868853742140771, "YXIIIIXX": -0.004868853742140771, "XYIIIIXX": -0.004868853742140771, "XXIIIIXY": 0.004868853742140771, "YYIIIIXY": -0.004868853742140771, "YZXIIIII": 0.003928652923322477, "IYZXIIII": 0.003928652923322477, "XZYIIIII": -0.003928652923322477, "IXZYIIII": -0.003928652923322477, "XYXZZZZX": -0.0036868684594225376, "XXIXZZYI": -0.0036868684594225376, "YYXZZZZY": -0.0036868684594225376, "YYIXZZYI": 0.0036868684594225376, "XXXZZZZY": 0.0036868684594225376, "YXIXZZXI": 0.0036868684594225376, "XXIYZZXI": -0.0036868684594225376, "YYIYZZXI": 0.0036868684594225376, "YXIYZZYI": -0.0036868684594225376, "XYIXZZXI": 0.0036868684594225376, "XYYZZZZY": 0.0036868684594225376, "YXXZZZZX": -0.0036868684594225376, "XXYZZZZX": 0.0036868684594225376, "XYIYZZYI": -0.0036868684594225376, "YYYZZZZX": -0.0036868684594225376, "YXYZZZZY": 0.0036868684594225376, "YYIIXYII": -0.0031708957414919702, "XXIIXYII": 0.0031708957414919702, "XYIIXXII": -0.0031708957414919702, "XXIIYXII": 0.0031708957414919702, "YYIIYXII": -0.0031708957414919702, "YXIIXXII": -0.0031708957414919702, "YXIIYYII": 0.0031708957414919702, "XYIIYYII": 0.0031708957414919702, "XZZZYIII": -0.002295681205728077, "YZZZXIII": 0.002295681205728077, "IYZZZXII": 0.002295681205728077, "IXZZZYII": -0.002295681205728077, "XYIXXIII": 0.0021617245089560386, "YYIXYIII": 0.0021617245089560386, "XYYZZYII": 0.0021617245089560386, "YXYZZYII": 0.0021617245089560386, "YYYZZXII": -0.0021617245089560386, "XXYZZXII": 0.0021617245089560386, "YXXZZXII": -0.0021617245089560386, "XYXZZXII": -0.0021617245089560386, "XXXZZYII": 0.0021617245089560386, "YYXZZYII": -0.0021617245089560386, "XXIXYIII": -0.0021617245089560386, "YXIXXIII": 0.0021617245089560386, "XYIYYIII": -0.0021617245089560386, "YXIYYIII": -0.0021617245089560386, "YYIYXIII": 0.0021617245089560386, "XXIYXIII": -0.0021617245089560386, "XYIIIYYI": -0.00033634351070586704, "YXIIIXXI": 0.00033634351070586704, "XXIIIXYI": -0.00033634351070586704, "YYIIIXYI": 0.00033634351070586704, "XYIIIXXI": 0.00033634351070586704, "YXIIIYYI": -0.00033634351070586704, "YYIIIYXI": 0.00033634351070586704, "XXIIYZZX": 0.00033634351070586704, "YYIIYZZX": -0.00033634351070586704, "XYIIYZZY": 0.00033634351070586704, "YXIIYZZY": 0.00033634351070586704, "XXIIIYXI": -0.00033634351070586704, "YXIIXZZX": -0.00033634351070586704, "YYIIXZZY": -0.00033634351070586704, "XXIIXZZY": 0.00033634351070586704, "XYIIXZZX": -0.00033634351070586704, "YZZZZZXI": -0.0002987373908628115, "XZZZZZYI": 0.0002987373908628115, "IXZZZZZY": 0.0002987373908628115, "IYZZZZZX": -0.0002987373908628115}}, "hf_method_fallback": "standard", "generation_time_s": 2.363, "timestamp": "2026-03-10T21:36:26.209022+00:00", "formula_latex": "$\\mathrm{HHe^{+}}$"}}