{"n_qubits": 3, "qubits": [1, 2, 3], "fci_energy": -1.0189532964691814, "hf_energy": -0.907416515958882, "CS_SRE": [0.4149277547738102, 0.6973584140253232, 0.6973584152263446], "CS_energy": [-0.9808854861232243, -1.0189532964375558, -1.018953296487798], "overlaps": [0.8508726944316605, 0.8319679109452547, 0.8319679105292304], "solver": "scipy", "data": {"molecule_id": "H3+_singlet_C1", "qubit_encoding": "JW", "unit": "Angstrom", "basis": "sto-3g", "charge": 1, "multiplicity": 1, "spin": 0, "geometry": "H 0.0000000000 1.2612000000 0.0000000000\nH 1.0922500000 -0.6305500000 0.0000000000\nH -1.0922500000 -0.6305500000 0.0000000000", "n_qubits": 6, "n_particles": {"total": 2, "alpha": 1, "beta": 1}, "hf_array": [1, 1, 0, 0, 0, 0], "hf_method": "pyscf.scf.hf_symm.SymAdaptedRHF", "convergence_threshold": 1e-06, "point_group": {"groupname": "C2v", "topgroup": "C2v"}, "alpha": 2.5, "calculated_properties": {"HF": {"energy": -0.907416515958882, "converged": true}, "MP2": {"energy": -0.9918924308353978, "converged": null}, "CISD": {"energy": -1.0189532964861734, "converged": true}, "CCSD": {"energy": -1.0189532444389224, "converged": true, "t1_diagnostic": 8.770047263908245e-06}, "FCI": {"energy": -1.0189532964691814, "converged": true, "spin_matches_target": true, "multiplicity": 1.0, "oscillatory_converged": false, "oscillation_energy_change": null}}, "auxiliary_operators": {"number_operator": {"IIIIII": 3.0, "ZIIIII": -0.5, "IZIIII": -0.5, "IIZIII": -0.5, "IIIZII": -0.5, "IIIIZI": -0.5, "IIIIIZ": -0.5}, "N_alpha": {"IIIIII": 1.5, "ZIIIII": -0.5, "IIZIII": -0.5, "IIIIZI": -0.5}, "N_beta": {"IIIIII": 1.5, "IZIIII": -0.5, "IIIZII": -0.5, "IIIIIZ": -0.5}, "S^2_operator": {"IIIIII": 1.125, "ZZIIII": -0.375, "IIIIZZ": -0.375, "IIZZII": -0.375, "IIXXXX": 0.125, "IIYYYY": 0.125, "IIYYXX": 0.125, "IIXYYX": -0.125, "IIXYXY": 0.125, "ZIZIII": 0.125, "ZIIIZI": 0.125, "ZIIIIZ": -0.125, "IZZIII": -0.125, "IZIZII": 0.125, "IZIIZI": -0.125, "IZIIIZ": 0.125, "IIZIZI": 0.125, "IIZIIZ": -0.125, "ZIIZII": -0.125, "IIXXYY": 0.125, "IIYXYX": 0.125, "IIIZZI": -0.125, "YXYXII": 0.125, "YXXYII": -0.125, "XXYYII": 0.125, "XXXXII": 0.125, "YYYYII": 0.125, "YYXXII": 0.125, "XYYXII": -0.125, "IIYXXY": -0.125, "XYXYII": 0.125, "YXIIXY": -0.125, "XXIIYY": 0.125, "XXIIXX": 0.125, "YYIIYY": 0.125, "YYIIXX": 0.125, "XYIIYX": -0.125, "XYIIXY": 0.125, "YXIIYX": 0.125, "IIIZIZ": 0.125}, "UCCSD_operator": {"XYXXII": -0.03972347712290218, "YYXYII": -0.03972347712290218, "XXXYII": 0.03972347712290218, "YXXXII": -0.03972347712290218, "XYYYII": 0.03972347712290218, "YXYYII": 0.03972347712290218, "YYYXII": -0.03972347712290218, "XXYXII": 0.03972347712290218, "YXIIYY": 0.03972171762519646, "XYIIYY": 0.03972171762519646, "YXIIXX": -0.03972171762519646, "XYIIXX": -0.03972171762519646, "XXIIXY": 0.03972171762519646, "XXIIYX": 0.03972171762519646, "YYIIXY": -0.03972171762519646, "YYIIYX": -0.03972171762519646, "IXZZZY": 5.7577187431572295e-06, "IYZZZX": -5.7577187431572295e-06, "XZZZYI": 5.7577187431572295e-06, "YZZZXI": -5.7577187431572295e-06}}, "hf_method_fallback": "standard", "generation_time_s": 1.452, "timestamp": "2026-03-10T21:25:16.176521+00:00", "formula_latex": "$\\mathrm{H_{3}^{+}}$"}}