{"n_qubits": 3, "qubits": [1, 2, 3], "fci_energy": -1.037736459973055, "hf_energy": -1.019533134774845, "CS_SRE": [0.023496745240359985, 0.04414695578801889, 0.04414695579078265], "CS_energy": [-1.0289191470313894, -1.0377364599728125, -1.0377364599730579], "overlaps": [0.9958768603271708, 0.9922738417249002, 0.9922738417244122], "solver": "scipy", "data": {"molecule_id": "H3+_singlet_C1", "qubit_encoding": "JW", "unit": "Angstrom", "basis": "sto-3g", "charge": 1, "multiplicity": 1, "spin": 0, "geometry": "H 0.0000000000 0.3531600000 0.0000000000\nH 0.3058300000 -0.1765300000 0.0000000000\nH -0.3058300000 -0.1765300000 0.0000000000", "n_qubits": 6, "n_particles": {"total": 2, "alpha": 1, "beta": 1}, "hf_array": [1, 1, 0, 0, 0, 0], "hf_method": "pyscf.scf.hf_symm.SymAdaptedRHF", "convergence_threshold": 1e-06, "point_group": {"groupname": "C2v", "topgroup": "C2v"}, "alpha": 0.7, "calculated_properties": {"HF": {"energy": -1.019533134774845, "converged": true}, "MP2": {"energy": -1.0328540946135971, "converged": null}, "CISD": {"energy": -1.037736459973057, "converged": true}, "CCSD": {"energy": -1.0377364975047751, "converged": true, "t1_diagnostic": 2.0370666391720498e-07}, "FCI": {"energy": -1.037736459973055, "converged": true, "spin_matches_target": true, "multiplicity": 1.0, "oscillatory_converged": false, "oscillation_energy_change": null}}, "auxiliary_operators": {"number_operator": {"IIIIII": 3.0, "ZIIIII": -0.5, "IZIIII": -0.5, "IIZIII": -0.5, "IIIZII": -0.5, "IIIIZI": -0.5, "IIIIIZ": -0.5}, "N_alpha": {"IIIIII": 1.5, "ZIIIII": -0.5, "IIZIII": -0.5, "IIIIZI": -0.5}, "N_beta": {"IIIIII": 1.5, "IZIIII": -0.5, "IIIZII": -0.5, "IIIIIZ": -0.5}, "S^2_operator": {"IIIIII": 1.125, "ZZIIII": -0.375, "IIIIZZ": -0.375, "IIZZII": -0.375, "IIXXXX": 0.125, "IIYYYY": 0.125, "IIYYXX": 0.125, "IIXYYX": -0.125, "IIXYXY": 0.125, "ZIZIII": 0.125, "ZIIIZI": 0.125, "ZIIIIZ": -0.125, "IZZIII": -0.125, "IZIZII": 0.125, "IZIIZI": -0.125, "IZIIIZ": 0.125, "IIZIZI": 0.125, "IIZIIZ": -0.125, "ZIIZII": -0.125, "IIXXYY": 0.125, "IIYXYX": 0.125, "IIIZZI": -0.125, "YXYXII": 0.125, "YXXYII": -0.125, "XXYYII": 0.125, "XXXXII": 0.125, "YYYYII": 0.125, "YYXXII": 0.125, "XYYXII": -0.125, "IIYXXY": -0.125, "XYXYII": 0.125, "YXIIXY": -0.125, "XXIIYY": 0.125, "XXIIXX": 0.125, "YYIIYY": 0.125, "YYIIXX": 0.125, "XYIIYX": -0.125, "XYIIXY": 0.125, "YXIIYX": 0.125, "IIIZIZ": 0.125}, "UCCSD_operator": {"XYXXII": -0.007799539519567672, "YYXYII": -0.007799539519567672, "XXXYII": 0.007799539519567672, "YXXXII": -0.007799539519567672, "XYYYII": 0.007799539519567672, "YXYYII": 0.007799539519567672, "YYYXII": -0.007799539519567672, "XXYXII": 0.007799539519567672, "YXIIYY": 0.007799287254704891, "XYIIYY": 0.007799287254704891, "YXIIXX": -0.007799287254704891, "XYIIXX": -0.007799287254704891, "XXIIXY": 0.007799287254704891, "XXIIYX": 0.007799287254704891, "YYIIXY": -0.007799287254704891, "YYIIYX": -0.007799287254704891, "IXZZZY": 1.5621853058033673e-07, "IYZZZX": -1.5621853058033673e-07, "XZZZYI": 1.5621853058033673e-07, "YZZZXI": -1.5621853058033673e-07}}, "hf_method_fallback": "standard", "generation_time_s": 1.011, "timestamp": "2026-03-10T21:25:20.157836+00:00", "formula_latex": "$\\mathrm{H_{3}^{+}}$"}}