{"n_qubits": 3, "qubits": [1, 2, 3], "fci_energy": -1.104471972375087, "hf_energy": -1.0330348767729804, "CS_SRE": [0.295906873652393, 0.4472145298419835, 0.4472145305433013], "CS_energy": [-1.075753130659599, -1.1044719723541148, -1.1044719723803775], "overlaps": [0.9341908790363223, 0.9103322592869989, 0.9103322591259445], "solver": "scipy", "data": {"molecule_id": "H3+_singlet_C1", "qubit_encoding": "JW", "unit": "Angstrom", "basis": "sto-3g", "charge": 1, "multiplicity": 1, "spin": 0, "geometry": "H 0.0000000000 1.0089666667 0.0000000000\nH 0.8738000000 -0.5044333333 0.0000000000\nH -0.8738000000 -0.5044333333 0.0000000000", "n_qubits": 6, "n_particles": {"total": 2, "alpha": 1, "beta": 1}, "hf_array": [1, 1, 0, 0, 0, 0], "hf_method": "pyscf.scf.hf_symm.SymAdaptedRHF", "convergence_threshold": 1e-06, "point_group": {"groupname": "C2v", "topgroup": "C2v"}, "alpha": 2.0, "calculated_properties": {"HF": {"energy": -1.0330348767729804, "converged": true}, "MP2": {"energy": -1.0822861719290897, "converged": null}, "CISD": {"energy": -1.1044719723788825, "converged": true}, "CCSD": {"energy": -1.1044719723945733, "converged": true, "t1_diagnostic": 4.477839139628817e-06}, "FCI": {"energy": -1.104471972375087, "converged": true, "spin_matches_target": true, "multiplicity": 1.0000000000000002, "oscillatory_converged": false, "oscillation_energy_change": null}}, "auxiliary_operators": {"number_operator": {"IIIIII": 3.0, "ZIIIII": -0.5, "IZIIII": -0.5, "IIZIII": -0.5, "IIIZII": -0.5, "IIIIZI": -0.5, "IIIIIZ": -0.5}, "N_alpha": {"IIIIII": 1.5, "ZIIIII": -0.5, "IIZIII": -0.5, "IIIIZI": -0.5}, "N_beta": {"IIIIII": 1.5, "IZIIII": -0.5, "IIIZII": -0.5, "IIIIIZ": -0.5}, "S^2_operator": {"IIIIII": 1.125, "ZZIIII": -0.375, "IIIIZZ": -0.375, "IIZZII": -0.375, "IIXXXX": 0.125, "IIYYYY": 0.125, "IIYYXX": 0.125, "IIXYYX": -0.125, "IIXYXY": 0.125, "ZIZIII": 0.125, "ZIIIZI": 0.125, "ZIIIIZ": -0.125, "IZZIII": -0.125, "IZIZII": 0.125, "IZIIZI": -0.125, "IZIIIZ": 0.125, "IIZIZI": 0.125, "IIZIIZ": -0.125, "ZIIZII": -0.125, "IIXXYY": 0.125, "IIYXYX": 0.125, "IIIZZI": -0.125, "YXYXII": 0.125, "YXXYII": -0.125, "XXYYII": 0.125, "XXXXII": 0.125, "YYYYII": 0.125, "YYXXII": 0.125, "XYYXII": -0.125, "IIYXXY": -0.125, "XYXYII": 0.125, "YXIIXY": -0.125, "XXIIYY": 0.125, "XXIIXX": 0.125, "YYIIYY": 0.125, "YYIIXX": 0.125, "XYIIYX": -0.125, "XYIIXY": 0.125, "YXIIYX": 0.125, "IIIZIZ": 0.125}, "UCCSD_operator": {"XYXXII": -0.027740923900644796, "YYXYII": -0.027740923900644796, "XXXYII": 0.027740923900644796, "YXXXII": -0.027740923900644796, "XYYYII": 0.027740923900644796, "YXYYII": 0.027740923900644796, "YYYXII": -0.027740923900644796, "XXYXII": 0.027740923900644796, "YXIIYY": 0.02773993276704641, "XYIIYY": 0.02773993276704641, "YXIIXX": -0.02773993276704641, "XYIIXX": -0.02773993276704641, "XXIIXY": 0.02773993276704641, "XXIIYX": 0.02773993276704641, "YYIIXY": -0.02773993276704641, "YYIIYX": -0.02773993276704641, "IXZZZY": 3.1633741438667713e-06, "IYZZZX": -3.1633741438667713e-06, "XZZZYI": 3.1633741438667713e-06, "YZZZXI": -3.1633741438667713e-06}}, "hf_method_fallback": "standard", "generation_time_s": 1.668, "timestamp": "2026-03-10T21:25:14.716572+00:00", "formula_latex": "$\\mathrm{H_{3}^{+}}$"}}