{"n_qubits": 3, "qubits": [1, 2, 3], "fci_energy": -1.2715411688525637, "hf_energy": -1.2415042005846073, "CS_SRE": [0.06794694825093445, 0.11875530158237313, 0.1187553016297806], "CS_energy": [-1.2575783635777458, -1.2715411688500486, -1.2715411688526828], "overlaps": [0.9877647096239368, 0.9788313443084726, 0.9788313442998101], "solver": "scipy", "data": {"molecule_id": "H3+_singlet_C1", "qubit_encoding": "JW", "unit": "Angstrom", "basis": "sto-3g", "charge": 1, "multiplicity": 1, "spin": 0, "geometry": "H 0.0000000000 0.6053933333 0.0000000000\nH 0.5242800000 -0.3026466667 0.0000000000\nH -0.5242800000 -0.3026466667 0.0000000000", "n_qubits": 6, "n_particles": {"total": 2, "alpha": 1, "beta": 1}, "hf_array": [1, 1, 0, 0, 0, 0], "hf_method": "pyscf.scf.hf_symm.SymAdaptedRHF", "convergence_threshold": 1e-06, "point_group": {"groupname": "C2v", "topgroup": "C2v"}, "alpha": 1.2, "calculated_properties": {"HF": {"energy": -1.2415042005846073, "converged": true}, "MP2": {"energy": -1.2622548193809482, "converged": null}, "CISD": {"energy": -1.2715411688526381, "converged": true}, "CCSD": {"energy": -1.2715413795399977, "converged": true, "t1_diagnostic": 9.222073713316735e-07}, "FCI": {"energy": -1.2715411688525637, "converged": true, "spin_matches_target": true, "multiplicity": 1.0, "oscillatory_converged": false, "oscillation_energy_change": null}}, "auxiliary_operators": {"number_operator": {"IIIIII": 3.0, "ZIIIII": -0.5, "IZIIII": -0.5, "IIZIII": -0.5, "IIIZII": -0.5, "IIIIZI": -0.5, "IIIIIZ": -0.5}, "N_alpha": {"IIIIII": 1.5, "ZIIIII": -0.5, "IIZIII": -0.5, "IIIIZI": -0.5}, "N_beta": {"IIIIII": 1.5, "IZIIII": -0.5, "IIIZII": -0.5, "IIIIIZ": -0.5}, "S^2_operator": {"IIIIII": 1.125, "ZZIIII": -0.375, "IIIIZZ": -0.375, "IIZZII": -0.375, "IIXXXX": 0.125, "IIYYYY": 0.125, "IIYYXX": 0.125, "IIXYYX": -0.125, "IIXYXY": 0.125, "ZIZIII": 0.125, "ZIIIZI": 0.125, "ZIIIIZ": -0.125, "IZZIII": -0.125, "IZIZII": 0.125, "IZIIZI": -0.125, "IZIIIZ": 0.125, "IIZIZI": 0.125, "IIZIIZ": -0.125, "ZIIZII": -0.125, "IIXXYY": 0.125, "IIYXYX": 0.125, "IIIZZI": -0.125, "YXYXII": 0.125, "YXXYII": -0.125, "XXYYII": 0.125, "XXXXII": 0.125, "YYYYII": 0.125, "YYXXII": 0.125, "XYYXII": -0.125, "IIYXXY": -0.125, "XYXYII": 0.125, "YXIIXY": -0.125, "XXIIYY": 0.125, "XXIIXX": 0.125, "YYIIYY": 0.125, "YYIIXX": 0.125, "XYIIYX": -0.125, "XYIIXY": 0.125, "YXIIYX": 0.125, "IIIZIZ": 0.125}, "UCCSD_operator": {"XYXXII": -0.012998657416693538, "YYXYII": -0.012998657416693538, "XXXYII": 0.012998657416693538, "YXXXII": -0.012998657416693538, "XYYYII": 0.012998657416693538, "YXYYII": 0.012998657416693538, "YYYXII": -0.012998657416693538, "XXYXII": 0.012998657416693538, "YXIIYY": 0.012998194639052742, "XYIIYY": 0.012998194639052742, "YXIIXX": -0.012998194639052742, "XYIIXX": -0.012998194639052742, "XXIIXY": 0.012998194639052742, "XXIIYX": 0.012998194639052742, "YYIIXY": -0.012998194639052742, "YYIIYX": -0.012998194639052742, "IXZZZY": 6.635283223011124e-07, "IYZZZX": -6.635283223011124e-07, "XZZZYI": 6.635283223011124e-07, "YZZZXI": -6.635283223011124e-07}}, "hf_method_fallback": "standard", "generation_time_s": 1.304, "timestamp": "2026-03-10T21:25:11.742553+00:00", "formula_latex": "$\\mathrm{H_{3}^{+}}$"}}