{"n_qubits": 3, "qubits": [1, 2, 3], "fci_energy": -1.2621949953032185, "hf_energy": -1.237684240957488, "CS_SRE": [0.0449143727192023, 0.08110492466321953, 0.08110492467972119], "CS_energy": [-1.2505787717084402, -1.2621949953021823, -1.262194995303249], "overlaps": [0.9920226951330986, 0.9856800079841563, 0.985680007981192], "solver": "scipy", "data": {"molecule_id": "H3+_singlet_C1", "qubit_encoding": "JW", "unit": "Angstrom", "basis": "sto-3g", "charge": 1, "multiplicity": 1, "spin": 0, "geometry": "H 0.0000000000 0.5045000000 0.0000000000\nH 0.4369000000 -0.2522000000 0.0000000000\nH -0.4369000000 -0.2522000000 0.0000000000", "n_qubits": 6, "n_particles": {"total": 2, "alpha": 1, "beta": 1}, "hf_array": [1, 1, 0, 0, 0, 0], "hf_method": "pyscf.scf.hf_symm.SymAdaptedRHF", "convergence_threshold": 1e-06, "point_group": {"groupname": "C2v", "topgroup": "C2v"}, "alpha": 1.0, "calculated_properties": {"HF": {"energy": -1.237684240957488, "converged": true}, "MP2": {"energy": -1.2549352308145993, "converged": null}, "CISD": {"energy": -1.2621949953032388, "converged": true}, "CCSD": {"energy": -1.2621951352508096, "converged": true, "t1_diagnostic": 5.398614175894648e-07}, "FCI": {"energy": -1.2621949953032185, "converged": true, "spin_matches_target": true, "multiplicity": 1.0, "oscillatory_converged": false, "oscillation_energy_change": null}}, "auxiliary_operators": {"number_operator": {"IIIIII": 3.0, "ZIIIII": -0.5, "IZIIII": -0.5, "IIZIII": -0.5, "IIIZII": -0.5, "IIIIZI": -0.5, "IIIIIZ": -0.5}, "N_alpha": {"IIIIII": 1.5, "ZIIIII": -0.5, "IIZIII": -0.5, "IIIIZI": -0.5}, "N_beta": {"IIIIII": 1.5, "IZIIII": -0.5, "IIIZII": -0.5, "IIIIIZ": -0.5}, "S^2_operator": {"IIIIII": 1.125, "ZZIIII": -0.375, "IIIIZZ": -0.375, "IIZZII": -0.375, "IIXXXX": 0.125, "IIYYYY": 0.125, "IIYYXX": 0.125, "IIXYYX": -0.125, "IIXYXY": 0.125, "ZIZIII": 0.125, "ZIIIZI": 0.125, "ZIIIIZ": -0.125, "IZZIII": -0.125, "IZIZII": 0.125, "IZIIZI": -0.125, "IZIIIZ": 0.125, "IIZIZI": 0.125, "IIZIIZ": -0.125, "ZIIZII": -0.125, "IIXXYY": 0.125, "IIYXYX": 0.125, "IIIZZI": -0.125, "YXYXII": 0.125, "YXXYII": -0.125, "XXYYII": 0.125, "XXXXII": 0.125, "YYYYII": 0.125, "YYXXII": 0.125, "XYYXII": -0.125, "IIYXXY": -0.125, "XYXYII": 0.125, "YXIIXY": -0.125, "XXIIYY": 0.125, "XXIIXX": 0.125, "YYIIYY": 0.125, "YYIIXX": 0.125, "XYIIYX": -0.125, "XYIIXY": 0.125, "YXIIYX": 0.125, "IIIZIZ": 0.125}, "UCCSD_operator": {"XYXXII": -0.010653898442884991, "YYXYII": -0.010653898442884991, "XXXYII": 0.010653898442884991, "YXXXII": -0.010653898442884991, "XYYYII": 0.010653898442884991, "YXYYII": 0.010653898442884991, "YYYXII": -0.010653898442884991, "XXYXII": 0.010653898442884991, "YXIIYY": 0.010653523411590468, "XYIIYY": 0.010653523411590468, "YXIIXX": -0.010653523411590468, "XYIIXX": -0.010653523411590468, "XXIIXY": 0.010653523411590468, "XXIIYX": 0.010653523411590468, "YYIIXY": -0.010653523411590468, "YYIIYX": -0.010653523411590468, "IXZZZY": 3.8173966916608674e-07, "IYZZZX": -3.8173966916608674e-07, "XZZZYI": 3.8173966916608674e-07, "YZZZXI": -3.8173966916608674e-07}}, "hf_method_fallback": "standard", "generation_time_s": 1.285, "timestamp": "2026-03-10T21:25:10.425404+00:00", "formula_latex": "$\\mathrm{H_{3}^{+}}$"}}