{"n_qubits": 3, "qubits": [1, 2, 3], "fci_energy": -1.2210481005403755, "hf_energy": -1.1795315270879827, "CS_SRE": [0.12482202601099612, 0.20588794237995817, 0.20588794254796491], "CS_energy": [-1.202490270247432, -1.2210481005334926, -1.2210481005410228], "overlaps": [0.9766549261259584, 0.9623886548980778, 0.9623886548659367], "solver": "scipy", "data": {"molecule_id": "H3+_singlet_C1", "qubit_encoding": "JW", "unit": "Angstrom", "basis": "sto-3g", "charge": 1, "multiplicity": 1, "spin": 0, "geometry": "H 0.0000000000 0.7567333333 0.0000000000\nH 0.6553500000 -0.3783166667 0.0000000000\nH -0.6553500000 -0.3783166667 0.0000000000", "n_qubits": 6, "n_particles": {"total": 2, "alpha": 1, "beta": 1}, "hf_array": [1, 1, 0, 0, 0, 0], "hf_method": "pyscf.scf.hf_symm.SymAdaptedRHF", "convergence_threshold": 1e-06, "point_group": {"groupname": "C2v", "topgroup": "C2v"}, "alpha": 1.5, "calculated_properties": {"HF": {"energy": -1.1795315270879827, "converged": true}, "MP2": {"energy": -1.2077322557635857, "converged": null}, "CISD": {"energy": -1.2210481005408051, "converged": true}, "CCSD": {"energy": -1.2210481005097604, "converged": true, "t1_diagnostic": 1.852053230897867e-06}, "FCI": {"energy": -1.2210481005403755, "converged": true, "spin_matches_target": true, "multiplicity": 1.0, "oscillatory_converged": false, "oscillation_energy_change": null}}, "auxiliary_operators": {"number_operator": {"IIIIII": 3.0, "ZIIIII": -0.5, "IZIIII": -0.5, "IIZIII": -0.5, "IIIZII": -0.5, "IIIIZI": -0.5, "IIIIIZ": -0.5}, "N_alpha": {"IIIIII": 1.5, "ZIIIII": -0.5, "IIZIII": -0.5, "IIIIZI": -0.5}, "N_beta": {"IIIIII": 1.5, "IZIIII": -0.5, "IIIZII": -0.5, "IIIIIZ": -0.5}, "S^2_operator": {"IIIIII": 1.125, "ZZIIII": -0.375, "IIIIZZ": -0.375, "IIZZII": -0.375, "IIXXXX": 0.125, "IIYYYY": 0.125, "IIYYXX": 0.125, "IIXYYX": -0.125, "IIXYXY": 0.125, "ZIZIII": 0.125, "ZIIIZI": 0.125, "ZIIIIZ": -0.125, "IZZIII": -0.125, "IZIZII": 0.125, "IZIIZI": -0.125, "IZIIIZ": 0.125, "IIZIZI": 0.125, "IIZIIZ": -0.125, "ZIIZII": -0.125, "IIXXYY": 0.125, "IIYXYX": 0.125, "IIIZZI": -0.125, "YXYXII": 0.125, "YXXYII": -0.125, "XXYYII": 0.125, "XXXXII": 0.125, "YYYYII": 0.125, "YYXXII": 0.125, "XYYXII": -0.125, "IIYXXY": -0.125, "XYXYII": 0.125, "YXIIXY": -0.125, "XXIIYY": 0.125, "XXIIXX": 0.125, "YYIIYY": 0.125, "YYIIXX": 0.125, "XYIIYX": -0.125, "XYIIXY": 0.125, "YXIIYX": 0.125, "IIIZIZ": 0.125}, "UCCSD_operator": {"XYXXII": -0.01747377940855064, "YYXYII": -0.01747377940855064, "XXXYII": 0.01747377940855064, "YXXXII": -0.01747377940855064, "XYYYII": 0.01747377940855064, "YXYYII": 0.01747377940855064, "YYYXII": -0.01747377940855064, "XXYXII": 0.01747377940855064, "YXIIYY": 0.017473163939202414, "XYIIYY": 0.017473163939202414, "YXIIXX": -0.017473163939202414, "XYIIXX": -0.017473163939202414, "XXIIXY": 0.017473163939202414, "XXIIYX": 0.017473163939202414, "YYIIXY": -0.017473163939202414, "YYIIYX": -0.017473163939202414, "IXZZZY": 1.312392655125928e-06, "IYZZZX": -1.312392655125928e-06, "XZZZYI": 1.312392655125928e-06, "YZZZXI": -1.312392655125928e-06}}, "hf_method_fallback": "standard", "generation_time_s": 1.276, "timestamp": "2026-03-10T21:25:13.038674+00:00", "formula_latex": "$\\mathrm{H_{3}^{+}}$"}}