{
  "hamiltonian": {
    "IIIIIIII": -1.0917214542374645,
    "IIIIZZII": 0.10444972005784771,
    "IIZZIIII": 0.10444972005784771,
    "IIIZIIZI": 0.10128608273602488,
    "IIZIIIIZ": 0.10128608273602488,
    "IZIIZIII": 0.10128596884658458,
    "ZIIIIZII": 0.10128596884658458,
    "IIIIIIZZ": 0.09836395733989373,
    "ZZIIIIII": 0.09836372956101314,
    "IIXXIIYY": -0.08579705641162418,
    "IIYXIIXY": 0.08579705641162418,
    "IIXYIIYX": 0.08579705641162418,
    "IIYYIIXX": -0.08579705641162418,
    "XYIIYXII": 0.08579693936584533,
    "XXIIYYII": -0.08579693936584533,
    "YXIIXYII": 0.08579693936584533,
    "YYIIXXII": -0.08579693936584533,
    "IZIIIIII": 0.03964098025329553,
    "ZIIIIIII": 0.03964098025329549,
    "IIIIIZII": 0.03963943874849065,
    "IIIIZIII": 0.03963943874849064,
    "IIZIIIII": 0.039639438748490505,
    "IIIZIIII": 0.039639438748490505,
    "IIIIIIIZ": 0.03963789740477544,
    "IIIIIIZI": 0.03963789740477541,
    "IZIIIIZI": 0.027649740128187217,
    "ZIIIIIIZ": 0.027649740128187217,
    "IIIIZIIZ": 0.024727614734243283,
    "IIIIIZZI": 0.024727614734243283,
    "ZIIZIIII": 0.024727500844803,
    "IZZIIIII": 0.024727500844803,
    "ZIIIIIZI": 0.02156386352553785,
    "IZIIIIIZ": 0.02156386352553785,
    "IIIZIZII": 0.021563863525167384,
    "IIIZZIII": 0.021563863525167384,
    "IIZIIZII": 0.021563863525167384,
    "IIZIZIII": 0.021563863525167384,
    "IZIZIIII": 0.02132279132828913,
    "ZIZIIIII": 0.02132279132828913,
    "IIIIZIZI": 0.02132278817195058,
    "IIIIIZIZ": 0.02132278817195058,
    "XZZZXXZX": -0.017091626548502062,
    "XZZZXYZY": -0.017091626548502062,
    "YZZZYXZX": -0.017091626548502062,
    "YZZZYYZY": -0.017091626548502062,
    "IYZZYXXI": 0.017091626548502062,
    "IXZZXYYI": 0.017091626548502062,
    "IXZZYYXI": -0.017091626548502062,
    "IYZZXXYI": -0.017091626548502062,
    "IYYXZZXI": -0.017091344429586233,
    "XZXXZZZX": 0.017091344429586233,
    "XZXYZZZY": 0.017091344429586233,
    "YZYXZZZX": 0.017091344429586233,
    "YZYYZZZY": 0.017091344429586233,
    "IXYYZZXI": 0.017091344429586233,
    "IXXYZZYI": -0.017091344429586233,
    "IYXXZZYI": 0.017091344429586233,
    "IXZZIZZX": 0.015881464260641236,
    "IYZZIZZY": 0.015881464260641236,
    "XZZZZIXI": 0.015881464260641236,
    "YZZZZIYI": 0.015881464260641236,
    "IYIZZZZY": -0.015881189749541925,
    "YZZIZZYI": -0.015881189749541925,
    "XZZIZZXI": -0.015881189749541925,
    "IXIZZZZX": -0.015881189749541925,
    "ZIIIZIII": 0.015489029480739241,
    "IZIIIZII": 0.015489029480739241,
    "IIIZIIIZ": 0.01548902632440069,
    "IIZIIIZI": 0.01548902632440069,
    "YIZZZZYI": 0.014669106319452592,
    "XIZZZZXI": 0.014669106319452592,
    "ZXZZZZZX": 0.014669106319452592,
    "ZYZZZZZY": 0.014669106319452592,
    "IYZZZZIY": -0.014668831808353273,
    "IXZZZZIX": -0.014668831808353273,
    "XZZZZZXZ": -0.014668831808353273,
    "YZZZZZYZ": -0.014668831808353273,
    "XXIIIIYY": -0.00608587660264937,
    "YXIIIIXY": 0.00608587660264937,
    "YYIIIIXX": -0.00608587660264937,
    "XYIIIIYX": 0.00608587660264937,
    "IIIIXXYY": -0.0034048265622927017,
    "IIIIXYYX": 0.0034048265622927017,
    "IIIIYYXX": -0.0034048265622927017,
    "IIIIYXXY": 0.0034048265622927017,
    "YYXXIIII": -0.0034047095165138713,
    "XXYYIIII": -0.0034047095165138713,
    "XYYXIIII": 0.0034047095165138713,
    "YXXYIIII": 0.0034047095165138713,
    "IYZZZIZY": -0.0012101622878608262,
    "XZZZIZXI": -0.0012101622878608262,
    "YZZZIZYI": -0.0012101622878608262,
    "IXZZZIZX": -0.0012101622878608262,
    "XZIZZZXI": 0.001210154680044307,
    "YZIZZZYI": 0.001210154680044307,
    "IXZIZZZX": 0.001210154680044307,
    "IYZIZZZY": 0.001210154680044307,
    "YZZZZZYI": -3.715340659187112e-06,
    "IYZZZZZY": -3.715340659187112e-06,
    "IXZZZZZX": -3.715340659187112e-06,
    "XZZZZZXI": -3.715340659187112e-06
  },
  "data": {
    "molecule_id": "H4_singlet_D4h",
    "qubit_encoding": "JW",
    "unit": "Angstrom",
    "basis": "sto-3g",
    "charge": 0,
    "multiplicity": 1,
    "spin": 0,
    "geometry": "H -1.8405000000 -1.8405000000 0.0000000000\nH 4.2945000000 -1.8405000000 0.0000000000\nH 4.2945000000 4.2945000000 0.0000000000\nH -1.8405000000 4.2945000000 0.0000000000",
    "n_qubits": 8,
    "n_particles": {
      "total": 4,
      "alpha": 2,
      "beta": 2
    },
    "hf_array": [
      1,
      1,
      1,
      1,
      0,
      0,
      0,
      0
    ],
    "hf_method": "pyscf.scf.hf_symm.SymAdaptedRHF",
    "convergence_threshold": 1e-06,
    "point_group": {
      "groupname": "D2h",
      "topgroup": "D4h"
    },
    "alpha": 2.5,
    "calculated_properties": {
      "HF": {
        "energy": -1.1536819789429498,
        "converged": true
      },
      "MP2": {
        "energy": -3.0580648854187658,
        "converged": null
      },
      "CISD": {
        "energy": -1.6574880985215215,
        "converged": true
      },
      "CCSD": {
        "energy": null,
        "converged": false,
        "t1_diagnostic": null
      },
      "FCI": {
        "energy": -1.8663273982602857,
        "converged": true,
        "spin_matches_target": true,
        "multiplicity": 1.0,
        "oscillatory_converged": false,
        "oscillation_energy_change": null
      }
    },
    "auxiliary_operators": {
      "number_operator": {
        "IIIIIIII": 4.0,
        "ZIIIIIII": -0.5,
        "IZIIIIII": -0.5,
        "IIZIIIII": -0.5,
        "IIIZIIII": -0.5,
        "IIIIZIII": -0.5,
        "IIIIIZII": -0.5,
        "IIIIIIZI": -0.5,
        "IIIIIIIZ": -0.5
      },
      "N_alpha": {
        "IIIIIIII": 2.0,
        "ZIIIIIII": -0.5,
        "IIZIIIII": -0.5,
        "IIIIZIII": -0.5,
        "IIIIIIZI": -0.5
      },
      "N_beta": {
        "IIIIIIII": 2.0,
        "IZIIIIII": -0.5,
        "IIIZIIII": -0.5,
        "IIIIIZII": -0.5,
        "IIIIIIIZ": -0.5
      },
      "S^2_operator": {
        "IIIIIIII": 1.5,
        "ZZIIIIII": -0.375,
        "IIIIZZII": -0.375,
        "IIIIIIZZ": -0.375,
        "IIZZIIII": -0.375,
        "ZIIZIIII": -0.125,
        "ZIZIIIII": 0.125,
        "IIIIXYXY": 0.125,
        "IIIIXYYX": -0.125,
        "IIIIYYXX": 0.125,
        "IIIIYYYY": 0.125,
        "IIIIXXXX": 0.125,
        "IIIIXXYY": 0.125,
        "IIIIYXXY": -0.125,
        "IIIIYXYX": 0.125,
        "IIXYIIXY": 0.125,
        "IIXYIIYX": -0.125,
        "ZIIIZIII": 0.125,
        "ZIIIIZII": -0.125,
        "ZIIIIIZI": 0.125,
        "ZIIIIIIZ": -0.125,
        "IIIIZIIZ": -0.125,
        "IIIIZIZI": 0.125,
        "IIIZIIIZ": 0.125,
        "IIIZIIZI": -0.125,
        "IIIZIZII": 0.125,
        "IIIZZIII": -0.125,
        "IIZIIIIZ": -0.125,
        "IIYYIIXX": 0.125,
        "IIZIIIZI": 0.125,
        "IIZIZIII": 0.125,
        "IZIIIIIZ": 0.125,
        "IZIIIIZI": -0.125,
        "IZIIIZII": 0.125,
        "IZIIZIII": -0.125,
        "IZIZIIII": 0.125,
        "IZZIIIII": -0.125,
        "IIZIIZII": -0.125,
        "IIYYIIYY": 0.125,
        "IIXXIIXX": 0.125,
        "IIXXIIYY": 0.125,
        "XYIIYXII": -0.125,
        "YYIIXXII": 0.125,
        "YYIIYYII": 0.125,
        "XXIIXXII": 0.125,
        "XXIIYYII": 0.125,
        "YXIIXYII": -0.125,
        "YXIIYXII": 0.125,
        "XYXYIIII": 0.125,
        "XYYXIIII": -0.125,
        "YYXXIIII": 0.125,
        "YYYYIIII": 0.125,
        "XXXXIIII": 0.125,
        "XXYYIIII": 0.125,
        "YXXYIIII": -0.125,
        "YXYXIIII": 0.125,
        "XYIIXYII": 0.125,
        "IIIIIZZI": -0.125,
        "YXIIIIYX": 0.125,
        "XXIIIIYY": 0.125,
        "IIYXIIXY": -0.125,
        "IIYXIIYX": 0.125,
        "IIXYXYII": 0.125,
        "IIXYYXII": -0.125,
        "IIYYXXII": 0.125,
        "IIYYYYII": 0.125,
        "IIXXXXII": 0.125,
        "IIXXYYII": 0.125,
        "IIYXXYII": -0.125,
        "IIYXYXII": 0.125,
        "XYIIIIXY": 0.125,
        "XYIIIIYX": -0.125,
        "YYIIIIXX": 0.125,
        "YYIIIIYY": 0.125,
        "XXIIIIXX": 0.125,
        "YXIIIIXY": -0.125,