{
  "hamiltonian": {
    "IIIIIIII": -1.0917214543091986,
    "IIIIZZII": 0.10317905720981417,
    "IIZZIIII": 0.10317905720981417,
    "IIIZIIZI": 0.10054597781755378,
    "IIZIIIIZ": 0.10054597781755378,
    "IZIIZIII": 0.10054597706026361,
    "ZIIIIZII": 0.10054597706026361,
    "IIIIIIZZ": 0.09807562994828782,
    "ZZIIIIII": 0.0980756284337075,
    "IIXXIIYY": -0.08767670752975582,
    "IIYXIIXY": 0.08767670752975582,
    "IIXYIIYX": 0.08767670752975582,
    "IIYYIIXX": -0.08767670752975582,
    "XYIIYXII": 0.08767670675637512,
    "XXIIYYII": -0.08767670675637512,
    "YYIIXXII": -0.08767670675637512,
    "YXIIXYII": 0.08767670675637512,
    "ZIIIIIII": 0.039639452683294225,
    "IZIIIIII": 0.039639452683294114,
    "IIZIIIII": 0.03963943879865975,
    "IIIZIIII": 0.039639438798659735,
    "IIIIZIII": 0.039639438798659735,
    "IIIIIZII": 0.03963943879865966,
    "IIIIIIZI": 0.039639424914036665,
    "IIIIIIIZ": 0.039639424914036624,
    "IZIIIIZI": 0.02307331429020977,
    "ZIIIIIIZ": 0.02307331429020977,
    "IIIIZIIZ": 0.02060296642094403,
    "IIIIIZZI": 0.02060296642094403,
    "ZIIZIIII": 0.020602965663653862,
    "IZZIIIII": 0.020602965663653862,
    "IIIZIZII": 0.017969886271393686,
    "IIIZZIII": 0.017969886271393686,
    "IIZIIZII": 0.017969886271393686,
    "IIZIZIII": 0.017969886271393686,
    "ZIIIIIZI": 0.017969886271393617,
    "IZIIIIIZ": 0.017969886271393617,
    "IZIZIIII": 0.01780724442324914,
    "ZIZIIIII": 0.01780724442324914,
    "IIIIZIZI": 0.017807244407158654,
    "IIIIIZIZ": 0.017807244407158654,
    "XZZZXXZX": -0.015656299025472244,
    "XZZZXYZY": -0.015656299025472244,
    "YZZZYXZX": -0.015656299025472244,
    "YZZZYYZY": -0.015656299025472244,
    "IYZZYXXI": 0.015656299025472244,
    "IXZZXYYI": 0.015656299025472244,
    "IXZZYYXI": -0.015656299025472244,
    "IYZZXXYI": -0.015656299025472244,
    "IYYXZZXI": -0.015656296929021585,
    "XZXXZZZX": 0.015656296929021585,
    "XZXYZZZY": 0.015656296929021585,
    "YZYXZZZX": 0.015656296929021585,
    "YZYYZZZY": 0.015656296929021585,
    "IXYYZZXI": 0.015656296929021585,
    "IXXYZZYI": -0.015656296929021585,
    "IYXXZZYI": 0.015656296929021585,
    "IXZZIZZX": 0.014745489665780659,
    "IYZZIZZY": 0.014745489665780659,
    "YZZZZIYI": 0.014745489665780659,
    "XZZZZIXI": 0.014745489665780659,
    "IYIZZZZY": -0.01474548761294749,
    "YZZIZZYI": -0.01474548761294749,
    "XZZIZZXI": -0.01474548761294749,
    "IXIZZZZX": -0.01474548761294749,
    "YIZZZZYI": 0.013834178185553167,
    "XIZZZZXI": 0.013834178185553167,
    "ZXZZZZZX": 0.013834178185553167,
    "ZYZZZZZY": 0.013834178185553167,
    "XZZZZZXZ": -0.013834176132719998,
    "IYZZZZIY": -0.013834176132719998,
    "IXZZZZIX": -0.013834176132719998,
    "YZZZZZYZ": -0.013834176132719998,
    "ZIIIZIII": 0.012869270303888493,
    "IZIIIZII": 0.012869270303888493,
    "IIZIIIZI": 0.012869270287797968,
    "IIIZIIIZ": 0.012869270287797968,
    "YXIIIIXY": 0.005103428018816156,
    "XXIIIIYY": -0.005103428018816156,
    "YYIIIIXX": -0.005103428018816156,
    "XYIIIIYX": 0.005103428018816156,
    "IIIIXXYY": -0.0027957220137853765,
    "IIIIYXXY": 0.0027957220137853765,
    "IIIIYYXX": -0.0027957220137853765,
    "IIIIXYYX": 0.0027957220137853765,
    "YXXYIIII": 0.0027957212404047184,
    "XXYYIIII": -0.0027957212404047184,
    "XYYXIIII": 0.0027957212404047184,
    "YYXXIIII": -0.0027957212404047184,
    "YZZZIZYI": -0.0009108093596915854,
    "IXZZZIZX": -0.0009108093596915854,
    "IYZZZIZY": -0.0009108093596915854,
    "XZZZIZXI": -0.0009108093596915854,
    "XZIZZZXI": 0.0009108093160740969,
    "IXZIZZZX": 0.0009108093160740969,
    "YZIZZZYI": 0.0009108093160740969,
    "IYZIZZZY": 0.0009108093160740969,
    "XZZZZZXI": -3.763791971752445e-08,
    "YZZZZZYI": -3.763791971752445e-08,
    "IYZZZZZY": -3.7637919716657087e-08,
    "IXZZZZZX": -3.7637919716657087e-08
  },
  "data": {
    "molecule_id": "H4_singlet_D4h",
    "qubit_encoding": "JW",
    "unit": "Angstrom",
    "basis": "sto-3g",
    "charge": 0,
    "multiplicity": 1,
    "spin": 0,
    "geometry": "H -2.4540000000 -2.4540000000 0.0000000000\nH 4.9080000000 -2.4540000000 0.0000000000\nH 4.9080000000 4.9080000000 0.0000000000\nH -2.4540000000 4.9080000000 0.0000000000",
    "n_qubits": 8,
    "n_particles": {
      "total": 4,
      "alpha": 2,
      "beta": 2
    },
    "hf_array": [
      1,
      1,
      1,
      1,
      0,
      0,
      0,
      0
    ],
    "hf_method": "pyscf.scf.hf_symm.SymAdaptedRHF",
    "convergence_threshold": 1e-06,
    "point_group": {
      "groupname": "D2h",
      "topgroup": "D4h"
    },
    "alpha": 3.0,
    "calculated_properties": {
      "HF": {
        "energy": -1.1431982323638676,
        "converged": true
      },
      "MP2": {
        "energy": -3.5354325201173085,
        "converged": null
      },
      "CISD": {
        "energy": -1.6544498565332433,
        "converged": true
      },
      "CCSD": {
        "energy": null,
        "converged": false,
        "t1_diagnostic": null
      },
      "FCI": {
        "energy": -1.866327398228754,
        "converged": true,
        "spin_matches_target": true,
        "multiplicity": 1.0000000000000009,
        "oscillatory_converged": false,
        "oscillation_energy_change": null
      }
    },
    "auxiliary_operators": {
      "number_operator": {
        "IIIIIIII": 4.0,
        "ZIIIIIII": -0.5,
        "IZIIIIII": -0.5,
        "IIZIIIII": -0.5,
        "IIIZIIII": -0.5,
        "IIIIZIII": -0.5,
        "IIIIIZII": -0.5,
        "IIIIIIZI": -0.5,
        "IIIIIIIZ": -0.5
      },
      "N_alpha": {
        "IIIIIIII": 2.0,
        "ZIIIIIII": -0.5,
        "IIZIIIII": -0.5,
        "IIIIZIII": -0.5,
        "IIIIIIZI": -0.5
      },
      "N_beta": {
        "IIIIIIII": 2.0,
        "IZIIIIII": -0.5,
        "IIIZIIII": -0.5,
        "IIIIIZII": -0.5,
        "IIIIIIIZ": -0.5
      },
      "S^2_operator": {
        "IIIIIIII": 1.5,
        "ZZIIIIII": -0.375,
        "IIIIZZII": -0.375,
        "IIIIIIZZ": -0.375,
        "IIZZIIII": -0.375,
        "ZIIZIIII": -0.125,
        "ZIZIIIII": 0.125,
        "IIIIXYXY": 0.125,
        "IIIIXYYX": -0.125,
        "IIIIYYXX": 0.125,
        "IIIIYYYY": 0.125,
        "IIIIXXXX": 0.125,
        "IIIIXXYY": 0.125,
        "IIIIYXXY": -0.125,
        "IIIIYXYX": 0.125,
        "IIXYIIXY": 0.125,
        "IIXYIIYX": -0.125,
        "ZIIIZIII": 0.125,
        "ZIIIIZII": -0.125,
        "ZIIIIIZI": 0.125,
        "ZIIIIIIZ": -0.125,
        "IIIIZIIZ": -0.125,
        "IIIIZIZI": 0.125,
        "IIIZIIIZ": 0.125,
        "IIIZIIZI": -0.125,
        "IIIZIZII": 0.125,
        "IIIZZIII": -0.125,
        "IIZIIIIZ": -0.125,
        "IIYYIIXX": 0.125,
        "IIZIIIZI": 0.125,
        "IIZIZIII": 0.125,
        "IZIIIIIZ": 0.125,
        "IZIIIIZI": -0.125,
        "IZIIIZII": 0.125,
        "IZIIZIII": -0.125,
        "IZIZIIII": 0.125,
        "IZZIIIII": -0.125,
        "IIZIIZII": -0.125,
        "IIYYIIYY": 0.125,
        "IIXXIIXX": 0.125,
        "IIXXIIYY": 0.125,
        "XYIIYXII": -0.125,
        "YYIIXXII": 0.125,
        "YYIIYYII": 0.125,
        "XXIIXXII": 0.125,
        "XXIIYYII": 0.125,
        "YXIIXYII": -0.125,
        "YXIIYXII": 0.125,
        "XYXYIIII": 0.125,
        "XYYXIIII": -0.125,
        "YYXXIIII": 0.125,
        "YYYYIIII": 0.125,
        "XXXXIIII": 0.125,
        "XXYYIIII": 0.125,
        "YXXYIIII": -0.125,
        "YXYXIIII": 0.125,
        "XYIIXYII": 0.125,
        "IIIIIZZI": -0.125,
        "YXIIIIYX": 0.125,
        "XXIIIIYY": 0.125,
        "IIYXIIXY": -0.125,
        "IIYXIIYX": 0.125,
        "IIXYXYII": 0.125,
        "IIXYYXII": -0.125,
        "IIYYXXII": 0.125,
        "IIYYYYII": 0.125,
        "IIXXXXII": 0.125,
        "IIXXYYII": 0.125,
        "IIYXXYII": -0.125,
        "IIYXYXII": 0.125,
        "XYIIIIXY": 0.125,
        "XYIIIIYX": -0.125,
        "YYIIIIXX": 0.125,
        "YYIIIIYY": 0.125,
        "XXIIIIXX": 0.125,