{
    "hamiltonian": {
        "IIIIIIII": -1.0811399195666906,
        "IIIIZZII": 0.11637394770154702,
        "IIZZIIII": 0.11637394770154702,
        "IIIZIIZI": 0.10114884701928649,
        "IIZIIIIZ": 0.10114884701928649,
        "IZIIZIII": 0.09944723437300099,
        "ZIIIIZII": 0.09944723437300099,
        "IIIIIIZZ": 0.09424143717952149,
        "ZZIIIIII": 0.09088382270620028,
        "ZIIIIIIZ": 0.07737596674316854,
        "IZIIIIZI": 0.07737596674316854,
        "IIIIIZZI": 0.0705240741280243,
        "IIIIZIIZ": 0.0705240741280243,
        "ZIIZIIII": 0.06882246148173879,
        "IZZIIIII": 0.06882246148173879,
        "ZIIIIIII": 0.06458158745266954,
        "IZIIIIII": 0.06458158745266952,
        "IIYXIIXY": 0.059280357235220446,
        "IIXYIIYX": 0.059280357235220446,
        "IIXXIIYY": -0.059280357235220446,
        "IIYYIIXX": -0.059280357235220446,
        "XYIIYXII": 0.05724862633431716,
        "YXIIXYII": 0.05724862633431716,
        "YYIIXXII": -0.05724862633431716,
        "XXIIYYII": -0.05724862633431716,
        "ZIIIIIZI": 0.05381156468402418,
        "IZIIIIIZ": 0.05381156468402418,
        "IIZIIZII": 0.053636244956641564,
        "IIIZZIII": 0.053636244956641564,
        "IIIZIZII": 0.05356550494495817,
        "IIZIZIII": 0.05356550494495817,
        "ZIZIIIII": 0.04988260492881945,
        "IZIZIIII": 0.04988260492881945,
        "IIIIZIZI": 0.04955248667420167,
        "IIIIIZIZ": 0.04955248667420167,
        "ZIIIZIII": 0.04219860803868383,
        "IZIIIZII": 0.04219860803868383,
        "IIZIIIZI": 0.04186848978406606,
        "IIIZIIIZ": 0.04186848978406606,
        "IIIIZIII": 0.037581802172473575,
        "IIIIIZII": 0.03758180217247355,
        "IIZIIIII": 0.03758180217247336,
        "IIIZIIII": 0.03758180217247335,
        "IYZZYXXI": 0.03455504445638327,
        "YZZZYYZY": -0.03455504445638327,
        "YZZZYXZX": -0.03455504445638327,
        "XZZZXYZY": -0.03455504445638327,
        "XZZZXXZX": -0.03455504445638327,
        "IXZZYYXI": -0.03455504445638327,
        "IXZZXYYI": 0.03455504445638327,
        "IYZZXXYI": -0.03455504445638327,
        "IXYYZZXI": 0.033409848638420496,
        "IXXYZZYI": -0.033409848638420496,
        "IYYXZZXI": -0.033409848638420496,
        "IYXXZZYI": 0.033409848638420496,
        "YZYYZZZY": 0.033409848638420496,
        "XZXYZZZY": 0.033409848638420496,
        "YZYXZZZX": 0.033409848638420496,
        "XZXXZZZX": 0.033409848638420496,
        "XZZZZIXI": 0.027645787727647708,
        "YZZZZIYI": 0.027645787727647708,
        "IXZZIZZX": 0.027645787727647708,
        "IYZZIZZY": 0.027645787727647708,
        "IXIZZZZX": -0.02668666480174625,
        "IYIZZZZY": -0.02668666480174625,
        "YZZIZZYI": -0.02668666480174625,
        "XZZIZZXI": -0.02668666480174625,
        "XXIIIIYY": -0.023564402059144365,
        "YXIIIIXY": 0.023564402059144365,
        "YYIIIIXX": -0.023564402059144365,
        "XYIIIIYX": 0.023564402059144365,
        "IIIIYXXY": 0.020971587453822636,
        "IIIIYYXX": -0.020971587453822636,
        "IIIIXXYY": -0.020971587453822636,
        "IIIIXYYX": 0.020971587453822636,
        "YYXXIIII": -0.018939856552919344,
        "XXYYIIII": -0.018939856552919344,
        "XYYXIIII": 0.018939856552919344,
        "YXXYIIII": 0.018939856552919344,
        "XZZZZZXI": -0.014308578576769955,
        "YZZZZZYI": -0.014308578576769955,
        "IYZZZZZY": -0.014308578576769935,
        "IXZZZZZX": -0.014308578576769935,
        "IIIIIIZI": 0.013810914373995065,
        "IIIIIIIZ": 0.013810914373995009,
        "YIZZZZYI": 0.01366714524577364,
        "XIZZZZXI": 0.01366714524577364,
        "ZXZZZZZX": 0.013667145245773638,
        "ZYZZZZZY": 0.013667145245773638,
        "YZZZZZYZ": -0.012720876709062074,
        "XZZZZZXZ": -0.012720876709062074,
        "IXZZZZIX": -0.012720876709062072,
        "IYZZZZIY": -0.012720876709062072,
        "XZZZIZXI": -0.006909256728735564,
        "IYZZZIZY": -0.006909256728735564,
        "IXZZZIZX": -0.006909256728735564,
        "YZZZIZYI": -0.006909256728735564,
        "XZIZZZXI": 0.006723183836674243,
        "YZIZZZYI": 0.006723183836674243,
        "IYZIZZZY": 0.006723183836674243,
        "IXZIZZZX": 0.006723183836674243,
        "IIXXYYII": -7.074001168339463e-05,
        "IIYXXYII": 7.074001168339463e-05,
        "IIYYXXII": -7.074001168339463e-05,
        "IIXYYXII": 7.074001168339463e-05
    },
    "data": {
        "molecule_id": "H4_singlet_D4h",
        "qubit_encoding": "JW",
        "unit": "Angstrom",
        "basis": "sto-3g",
        "charge": 0,
        "multiplicity": 1,
        "spin": 0,
        "geometry": "H 0.0000000000 0.0000000000 0.0000000000\nH 2.4540000000 0.0000000000 0.0000000000\nH 2.4540000000 2.4540000000 0.0000000000\nH 0.0000000000 2.4540000000 0.0000000000",
        "n_qubits": 8,
        "n_particles": {
            "total": 4,
            "alpha": 2,
            "beta": 2
        },
        "hf_array": [
            1,
            1,
            1,
            1,
            0,
            0,
            0,
            0
        ],
        "hf_method": "pyscf.scf.hf_symm.SymAdaptedRHF",
        "convergence_threshold": 1e-06,
        "point_group": {
            "groupname": "D2h",
            "topgroup": "D4h"
        },
        "alpha": 1.0,
        "calculated_properties": {
            "HF": {
                "energy": -1.3333497770973124,
                "converged": true
            },
            "MP2": {
                "energy": -1.6161399127016063,
                "converged": null
            },
            "CISD": {
                "energy": -1.6956046572820034,
                "converged": true
            },
            "CCSD": {
                "energy": -1.826184736634036,
                "converged": true,
                "t1_diagnostic": 8.781639658694191e-06,
                "_t1_diagnostic_check": {
                    "branch_match": false,
                    "recalculated_hf_energy": -1.4115460313508006,
                    "recalculated_ccsd_energy": -1.887613800362491,
                    "delta_hf_ha": -0.0781962542534882,
                    "delta_ccsd_ha": -0.061429063728454913
                }
            },
            "FCI": {
                "energy": -1.864392145422939,
                "converged": true,
                "spin_matches_target": true,
                "multiplicity": 1.0000000000000002,
                "oscillatory_converged": false,
                "oscillation_energy_change": null
            }
        },
        "auxiliary_operators": {
            "number_operator": {
                "IIIIIIII": 4.0,
                "ZIIIIIII": -0.5,
                "IZIIIIII": -0.5,
                "IIZIIIII": -0.5,
                "IIIZIIII": -0.5,
                "IIIIZIII": -0.5,
                "IIIIIZII": -0.5,
                "IIIIIIZI": -0.5,
                "IIIIIIIZ": -0.5
            },
            "N_alpha": {
                "IIIIIIII": 2.0,
                "ZIIIIIII": -0.5,
                "IIZIIIII": -0.5,
                "IIIIZIII": -0.5,
                "IIIIIIZI": -0.5
            },
            "N_beta": {
                "IIIIIIII": 2.0,
                "IZIIIIII": -0.5,
                "IIIZIIII": -0.5,
                "IIIIIZII": -0.5,
                "IIIIIIIZ": -0.5
            },
            "S^2_operator": {
                "IIIIIIII": 1.5,
                "ZZIIIIII": -0.375,
                "IIIIZZII": -0.375,
                "IIIIIIZZ": -0.375,
                "IIZZIIII": -0.375,
                "ZIIZIIII": -0.125,
                "ZIZIIIII": 0.125,
                "IIIIXYXY": 0.125,
                "IIIIXYYX": -0.125,
                "IIIIYYXX": 0.125,
                "IIIIYYYY": 0.125,
                "IIIIXXXX": 0.125,
                "IIIIXXYY": 0.125,
                "IIIIYXXY": -0.125,
                "IIIIYXYX": 0.125,
                "IIXYIIXY": 0.125,
                "IIXYIIYX": -0.125,