{
    "hamiltonian": {
        "IIIIIIII": -1.0917212875655409,
        "IIIIZZII": 0.10635572759316199,
        "IIZZIIII": 0.10635572759316199,
        "IIIZIIZI": 0.10225012268834835,
        "IIZIIIIZ": 0.10225012268834835,
        "IZIIZIII": 0.10224320047853643,
        "ZIIIIZII": 0.10224320047853643,
        "IIIIIIZZ": 0.09856981328939077,
        "ZZIIIIII": 0.09855596887220901,
        "IIXXIIYY": -0.08278175189455489,
        "IIYXIIXY": 0.08278175189455489,
        "IIXYIIYX": 0.08278175189455489,
        "IIYYIIXX": -0.08278175189455489,
        "XYIIYXII": 0.08277455377860754,
        "XXIIYYII": -0.08277455377860754,
        "YYIIXXII": -0.08277455377860754,
        "YXIIXYII": 0.08277455377860754,
        "IZIIIIII": 0.0397092644696583,
        "ZIIIIIII": 0.039709264469658265,
        "IIZIIIII": 0.03963932785200696,
        "IIIZIIII": 0.039639327852006925,
        "IIIIIZII": 0.039639327852006905,
        "IIIIZIII": 0.039639327852006905,
        "IIIIIIZI": 0.03956974057682497,
        "IIIIIIIZ": 0.039569740576824955,
        "IZIIIIZI": 0.034747650375254326,
        "ZIIIIIIZ": 0.034747650375254326,
        "IIIIZIIZ": 0.03106734762641108,
        "IIIIIZZI": 0.03106734762641108,
        "ZIIZIIII": 0.0310604254165992,
        "IZZIIIII": 0.0310604254165992,
        "ZIIIIIZI": 0.02695482927273024,
        "IZIIIIIZ": 0.02695482927273024,
        "IIIZIZII": 0.026954827160676,
        "IIIZZIII": 0.026954827160676,
        "IIZIZIII": 0.026954827160676,
        "IIZIIZII": 0.026954827160676,
        "ZIZIIIII": 0.026546399243068928,
        "IZIZIIII": 0.026546399243068928,
        "IIIIIZIZ": 0.026546123336933493,
        "IIIIZIZI": 0.026546123336933493,
        "ZIIIZIII": 0.019468646699928885,
        "IZIIIZII": 0.019468646699928885,
        "IIZIIIZI": 0.019468370793793453,
        "IIIZIIIZ": 0.019468370793793453,
        "IYZZXXYI": -0.01934534017757204,
        "IYZZYXXI": 0.01934534017757204,
        "IXZZXYYI": 0.01934534017757204,
        "IXZZYYXI": -0.01934534017757204,
        "YZZZYYZY": -0.01934534017757204,
        "XZZZXYZY": -0.01934534017757204,
        "YZZZYXZX": -0.01934534017757204,
        "XZZZXXZX": -0.01934534017757204,
        "XZXYZZZY": 0.019330774899992596,
        "IXYYZZXI": 0.019330774899992596,
        "YZYYZZZY": 0.019330774899992596,
        "YZYXZZZX": 0.019330774899992596,
        "IYXXZZYI": 0.019330774899992596,
        "IYYXZZXI": -0.019330774899992596,
        "IXXYZZYI": -0.019330774899992596,
        "XZXXZZZX": 0.019330774899992596,
        "IXZZIZZX": 0.01759615912524696,
        "IYZZIZZY": 0.01759615912524696,
        "XZZZZIXI": 0.01759615912524696,
        "YZZZZIYI": 0.01759615912524696,
        "IXIZZZZX": -0.017582152139514723,
        "IYIZZZZY": -0.017582152139514723,
        "XZZIZZXI": -0.017582152139514723,
        "YZZIZZYI": -0.017582152139514723,
        "ZXZZZZZX": 0.01577565086219737,
        "YIZZZZYI": 0.01577565086219737,
        "ZYZZZZZY": 0.01577565086219737,
        "XIZZZZXI": 0.01577565086219737,
        "XZZZZZXZ": -0.01576164387893588,
        "YZZZZZYZ": -0.01576164387893588,
        "IYZZZZIY": -0.01576164387893588,
        "IXZZZZIX": -0.01576164387893588,
        "XYIIIIYX": 0.007792821102524086,
        "XXIIIIYY": -0.007792821102524086,
        "YYIIIIXX": -0.007792821102524086,
        "YXIIIIXY": 0.007792821102524086,
        "IIIIXXYY": -0.004521224289477586,
        "IIIIXYYX": 0.004521224289477586,
        "IIIIYYXX": -0.004521224289477586,
        "IIIIYXXY": 0.004521224289477586,
        "YYXXIIII": -0.004514026173530272,
        "XYYXIIII": 0.004514026173530272,
        "YXXYIIII": 0.004514026173530272,
        "XXYYIIII": -0.004514026173530272,
        "XZZZIZXI": -0.0017491810523250807,
        "YZZZIZYI": -0.0017491810523250807,
        "IXZZZIZX": -0.0017491810523250807,
        "IYZZZIZY": -0.0017491810523250807,
        "XZIZZZXI": 0.00174862276047787,
        "IXZIZZZX": 0.00174862276047787,
        "IYZIZZZY": 0.00174862276047787,
        "YZIZZZYI": 0.00174862276047787,
        "XZZZZZXI": -0.00014116223210055255,
        "YZZZZZYI": -0.00014116223210055255,
        "IXZZZZZX": -0.00014116223210055168,
        "IYZZZZZY": -0.00014116223210055168
    },
    "data": {
        "molecule_id": "H4_singlet_D4h",
        "qubit_encoding": "JW",
        "unit": "Angstrom",
        "basis": "sto-3g",
        "charge": 0,
        "multiplicity": 1,
        "spin": 0,
        "geometry": "H -1.2270000000 -1.2270000000 0.0000000000\nH 3.6810000000 -1.2270000000 0.0000000000\nH 3.6810000000 3.6810000000 0.0000000000\nH -1.2270000000 3.6810000000 0.0000000000",
        "n_qubits": 8,
        "n_particles": {
            "total": 4,
            "alpha": 2,
            "beta": 2
        },
        "hf_array": [
            1,
            1,
            1,
            1,
            0,
            0,
            0,
            0
        ],
        "hf_method": "pyscf.scf.hf_symm.SymAdaptedRHF",
        "convergence_threshold": 1e-06,
        "point_group": {
            "groupname": "D2h",
            "topgroup": "D4h"
        },
        "alpha": 2.0,
        "calculated_properties": {
            "HF": {
                "energy": -1.1698074560171459,
                "converged": true
            },
            "MP2": {
                "energy": -2.5808003914167306,
                "converged": null
            },
            "CISD": {
                "energy": -1.6621057345017154,
                "converged": true
            },
            "CCSD": {
                "energy": -1.8662500224689427,
                "converged": false,
                "t1_diagnostic": 2.2312608566160777e-07,
                "_t1_diagnostic_check": {
                    "branch_match": false,
                    "recalculated_hf_energy": -1.2001704194579366,
                    "recalculated_ccsd_energy": -1.8663276568595042,
                    "delta_hf_ha": -0.030362963440790702,
                    "delta_ccsd_ha": -7.763439056152066e-05
                }
            },
            "FCI": {
                "energy": -1.866327414567042,
                "converged": true,
                "spin_matches_target": true,
                "multiplicity": 0.9999999999999998,
                "oscillatory_converged": false,
                "oscillation_energy_change": null
            }
        },
        "auxiliary_operators": {
            "number_operator": {
                "IIIIIIII": 4.0,
                "ZIIIIIII": -0.5,
                "IZIIIIII": -0.5,
                "IIZIIIII": -0.5,
                "IIIZIIII": -0.5,
                "IIIIZIII": -0.5,
                "IIIIIZII": -0.5,
                "IIIIIIZI": -0.5,
                "IIIIIIIZ": -0.5
            },
            "N_alpha": {
                "IIIIIIII": 2.0,
                "ZIIIIIII": -0.5,
                "IIZIIIII": -0.5,
                "IIIIZIII": -0.5,
                "IIIIIIZI": -0.5
            },
            "N_beta": {
                "IIIIIIII": 2.0,
                "IZIIIIII": -0.5,
                "IIIZIIII": -0.5,
                "IIIIIZII": -0.5,
                "IIIIIIIZ": -0.5
            },
            "S^2_operator": {
                "IIIIIIII": 1.5,
                "ZZIIIIII": -0.375,
                "IIIIZZII": -0.375,
                "IIIIIIZZ": -0.375,
                "IIZZIIII": -0.375,
                "ZIIZIIII": -0.125,
                "ZIZIIIII": 0.125,
                "IIIIXYXY": 0.125,
                "IIIIXYYX": -0.125,
                "IIIIYYXX": 0.125,
                "IIIIYYYY": 0.125,
                "IIIIXXXX": 0.125,
                "IIIIXXYY": 0.125,
                "IIIIYXXY": -0.125,
                "IIIIYXYX": 0.125,
                "IIXYIIXY": 0.125,
                "IIXYIIYX": -0.125,
                "ZIIIZIII": 0.125,
                "ZIIIIZII": -0.125,
                "ZIIIIIZI": 0.125,
                "ZIIIIIIZ": -0.125,