{
    "hamiltonian": {
        "IIIIIIII": -1.0675736774261047,
        "IIIIZZII": 0.1189104025668086,
        "IIZZIIII": 0.1189104025668086,
        "IIIZIIZI": 0.10194500644257329,
        "IIZIIIIZ": 0.10194500644257329,
        "IZIIZIII": 0.09975278590347675,
        "ZIIIIZII": 0.09975278590347675,
        "IIIIIIZZ": 0.09613362048335601,
        "ZZIIIIII": 0.09187112552266867,
        "ZIIIIIIZ": 0.0842305662597786,
        "IZIIIIZI": 0.0842305662597786,
        "IIIIIZZI": 0.07844343641957953,
        "IIIIZIIZ": 0.07844343641957953,
        "IZIIIIII": 0.07785357976022307,
        "ZIIIIIII": 0.077853579760223,
        "IZZIIIII": 0.076251215880483,
        "ZIIZIIII": 0.076251215880483,
        "ZIIIIIZI": 0.05961203933769281,
        "IZIIIIIZ": 0.05961203933769281,
        "IIZIIZII": 0.05926920685104913,
        "IIIZZIII": 0.05926920685104913,
        "IIIZIZII": 0.059123654761014846,
        "IIZIZIII": 0.059123654761014846,
        "IIXYIIYX": 0.054860759526191356,
        "IIXXIIYY": -0.054860759526191356,
        "IIYYIIXX": -0.054860759526191356,
        "IIYXIIXY": 0.054860759526191356,
        "ZIZIIIII": 0.05448190123014751,
        "IZIZIIII": 0.05448190123014751,
        "IIIIIZIZ": 0.053941755713827824,
        "IIIIZIZI": 0.053941755713827824,
        "YXIIXYII": 0.05212839347077514,
        "XYIIYXII": 0.05212839347077514,
        "XXIIYYII": -0.05212839347077514,
        "YYIIXXII": -0.05212839347077514,
        "ZIIIZIII": 0.04762439243270161,
        "IZIIIZII": 0.04762439243270161,
        "IIIZIIIZ": 0.04708424691638194,
        "IIZIIIZI": 0.04708424691638194,
        "IIIIZIII": 0.035700946146987315,
        "IIIIIZII": 0.03570094614698731,
        "IIZIIIII": 0.03570094614698715,
        "IIIZIIII": 0.03570094614698713,
        "IYZZYXXI": 0.03555971005266157,
        "YZZZYYZY": -0.03555971005266157,
        "YZZZYXZX": -0.03555971005266157,
        "XZZZXYZY": -0.03555971005266157,
        "XZZZXXZX": -0.03555971005266157,
        "IXZZYYXI": -0.03555971005266157,
        "IXZZXYYI": 0.03555971005266157,
        "IYZZXXYI": -0.03555971005266157,
        "IXYYZZXI": 0.034373548879722715,
        "IXXYZZYI": -0.034373548879722715,
        "IYYXZZXI": -0.034373548879722715,
        "IYXXZZYI": 0.034373548879722715,
        "YZYYZZZY": 0.034373548879722715,
        "XZXYZZZY": 0.034373548879722715,
        "YZYXZZZX": 0.034373548879722715,
        "XZXXZZZX": 0.034373548879722715,
        "XZZZZIXI": 0.0275442050606085,
        "YZZZZIYI": 0.0275442050606085,
        "IXZZIZZX": 0.0275442050606085,
        "IYZZIZZY": 0.0275442050606085,
        "IXIZZZZX": -0.026592529174853413,
        "IYIZZZZY": -0.026592529174853413,
        "YZZIZZYI": -0.026592529174853413,
        "XZZIZZXI": -0.026592529174853413,
        "XXIIIIYY": -0.024618526922085802,
        "YXIIIIXY": 0.024618526922085802,
        "YYIIIIXX": -0.024618526922085802,
        "XYIIIIYX": 0.024618526922085802,
        "IIIIYXXY": 0.0245016807057517,
        "IIIIYYXX": -0.0245016807057517,
        "IIIIXXYY": -0.0245016807057517,
        "IIIIXYYX": 0.0245016807057517,
        "YYXXIIII": -0.021769314650335488,
        "XXYYIIII": -0.021769314650335488,
        "XYYXIIII": 0.021769314650335488,
        "YXXYIIII": 0.021769314650335488,
        "XZZZZZXI": -0.01722926955302354,
        "YZZZZZYI": -0.01722926955302354,
        "IYZZZZZY": -0.01722926955302354,
        "IXZZZZZX": -0.01722926955302354,
        "YIZZZZYI": 0.011018071609073834,
        "ZXZZZZZX": 0.011018071609073834,
        "ZYZZZZZY": 0.011018071609073834,
        "XIZZZZXI": 0.011018071609073834,
        "YZZZZZYZ": -0.010092865044566761,
        "XZZZZZXZ": -0.010092865044566761,
        "IXZZZZIX": -0.010092865044566761,
        "IYZZZZIY": -0.010092865044566761,
        "XZZZIZXI": -0.00801550499205307,
        "YZZZIZYI": -0.00801550499205307,
        "IYZZZIZY": -0.00801550499205307,
        "IXZZZIZX": -0.00801550499205307,
        "XZIZZZXI": 0.0077810197048692985,
        "YZIZZZYI": 0.0077810197048692985,
        "IXZIZZZX": 0.0077810197048692985,
        "IYZIZZZY": 0.0077810197048692985,
        "IIIIIIZI": -0.0015229372937943103,
        "IIIIIIIZ": -0.0015229372937942895,
        "IIYXXYII": 0.00014555209003428427,
        "IIYYXXII": -0.00014555209003428427,
        "IIXXYYII": -0.00014555209003428427,
        "IIXYYXII": 0.00014555209003428427
    },
    "data": {
        "molecule_id": "H4_singlet_D4h",
        "qubit_encoding": "JW",
        "unit": "Angstrom",
        "basis": "sto-3g",
        "charge": 0,
        "multiplicity": 1,
        "spin": 0,
        "geometry": "H 0.1227000000 0.1227000000 0.0000000000\nH 2.3313000000 0.1227000000 0.0000000000\nH 2.3313000000 2.3313000000 0.0000000000\nH 0.1227000000 2.3313000000 0.0000000000",
        "n_qubits": 8,
        "n_particles": {
            "total": 4,
            "alpha": 2,
            "beta": 2
        },
        "hf_array": [
            1,
            1,
            1,
            1,
            0,
            0,
            0,
            0
        ],
        "hf_method": "pyscf.scf.hf_symm.SymAdaptedRHF",
        "convergence_threshold": 1e-06,
        "point_group": {
            "groupname": "D2h",
            "topgroup": "D4h"
        },
        "alpha": 0.9,
        "calculated_properties": {
            "HF": {
                "energy": -1.3915483397157629,
                "converged": true
            },
            "MP2": {
                "energy": -1.5906202184477363,
                "converged": null
            },
            "CISD": {
                "energy": -1.7071452507744644,
                "converged": true
            },
            "CCSD": {
                "energy": -1.8017236356000566,
                "converged": true,
                "t1_diagnostic": 1.765165429849094e-06,
                "_t1_diagnostic_check": {
                    "branch_match": false,
                    "recalculated_hf_energy": -1.4763151134013408,
                    "recalculated_ccsd_energy": -1.9012814701137015,
                    "delta_hf_ha": -0.08476677368557795,
                    "delta_ccsd_ha": -0.09955783451364497
                }
            },
            "FCI": {
                "energy": -1.8617342306016953,
                "converged": true,
                "spin_matches_target": true,
                "multiplicity": 0.9999999999999998,
                "oscillatory_converged": false,
                "oscillation_energy_change": null
            }
        },
        "auxiliary_operators": {
            "number_operator": {
                "IIIIIIII": 4.0,
                "ZIIIIIII": -0.5,
                "IZIIIIII": -0.5,
                "IIZIIIII": -0.5,
                "IIIZIIII": -0.5,
                "IIIIZIII": -0.5,
                "IIIIIZII": -0.5,
                "IIIIIIZI": -0.5,
                "IIIIIIIZ": -0.5
            },
            "N_alpha": {
                "IIIIIIII": 2.0,
                "ZIIIIIII": -0.5,
                "IIZIIIII": -0.5,
                "IIIIZIII": -0.5,
                "IIIIIIZI": -0.5
            },
            "N_beta": {
                "IIIIIIII": 2.0,
                "IZIIIIII": -0.5,
                "IIIZIIII": -0.5,
                "IIIIIZII": -0.5,
                "IIIIIIIZ": -0.5
            },
            "S^2_operator": {
                "IIIIIIII": 1.5,
                "ZZIIIIII": -0.375,
                "IIIIZZII": -0.375,
                "IIIIIIZZ": -0.375,
                "IIZZIIII": -0.375,
                "ZIIZIIII": -0.125,
                "ZIZIIIII": 0.125,
                "IIIIXYXY": 0.125,
                "IIIIXYYX": -0.125,
                "IIIIYYXX": 0.125,
                "IIIIYYYY": 0.125,
                "IIIIXXXX": 0.125,
                "IIIIXXYY": 0.125,
                "IIIIYXXY": -0.125,
                "IIIIYXYX": 0.125,
                "IIXYIIXY": 0.125,
                "IIXYIIYX": -0.125,