{
    "hamiltonian": {
        "IIIIIIII": -1.0899703761482302,
        "IIIIZZII": 0.11281974866404365,
        "IIZZIIII": 0.11281974866404365,
        "IIIZIIZI": 0.10133278019167372,
        "IIZIIIIZ": 0.10133278019167372,
        "IZIIZIII": 0.1005016111719424,
        "ZIIIIZII": 0.1005016111719424,
        "IIIIIIZZ": 0.09402438121631952,
        "ZZIIIIII": 0.09236618656645305,
        "IIYYIIXX": -0.06733242679376637,
        "IIYXIIXY": 0.06733242679376637,
        "IIXXIIYY": -0.06733242679376637,
        "IIXYIIYX": 0.06733242679376637,
        "XYIIYXII": 0.06639971133921653,
        "XXIIYYII": -0.06639971133921653,
        "YXIIXYII": 0.06639971133921653,
        "YYIIXXII": -0.06639971133921653,
        "ZIIIIIIZ": 0.06445461040065309,
        "IZIIIIZI": 0.06445461040065309,
        "IIIIIZZI": 0.05717365251365174,
        "IIIIZIIZ": 0.05717365251365174,
        "ZIIZIIII": 0.05634248349392042,
        "IZZIIIII": 0.05634248349392042,
        "IZIIIIII": 0.04910142790720787,
        "ZIIIIIII": 0.049101427907207694,
        "ZIIIIIZI": 0.04491673358609688,
        "IZIIIIIZ": 0.04491673358609688,
        "IIIZZIII": 0.04488123893545752,
        "IIZIIZII": 0.04488123893545752,
        "IIZIZIII": 0.04486752580553477,
        "IIIZIZII": 0.04486752580553477,
        "ZIZIIIII": 0.04265174350215526,
        "IZIZIIII": 0.04265174350215526,
        "IIIIIZIZ": 0.042550197067336745,
        "IIIIZIZI": 0.042550197067336745,
        "IIIIZIII": 0.03916157653753557,
        "IIIIIZII": 0.039161576537535506,
        "IIZIIIII": 0.03916157653753543,
        "IIIZIIII": 0.03916157653753537,
        "IZIIIZII": 0.03410189983272587,
        "ZIIIZIII": 0.03410189983272587,
        "IIIZIIIZ": 0.03400035339790734,
        "IIZIIIZI": 0.03400035339790734,
        "IXZZYYXI": -0.031138938329814122,
        "IYZZYXXI": 0.031138938329814122,
        "YZZZYYZY": -0.031138938329814122,
        "YZZZYXZX": -0.031138938329814122,
        "XZZZXYZY": -0.031138938329814122,
        "XZZZXXZX": -0.031138938329814122,
        "IYZZXXYI": -0.031138938329814122,
        "IXZZXYYI": 0.031138938329814122,
        "IXXYZZYI": -0.030339265121930276,
        "IXYYZZXI": 0.030339265121930276,
        "IYXXZZYI": 0.030339265121930276,
        "IYYXZZXI": -0.030339265121930276,
        "YZYYZZZY": 0.030339265121930276,
        "XZXXZZZX": 0.030339265121930276,
        "XZXYZZZY": 0.030339265121930276,
        "YZYXZZZX": 0.030339265121930276,
        "IIIIIIIZ": 0.03023475446175824,
        "IIIIIIZI": 0.030234754461758183,
        "YZZZZIYI": 0.02610926352015852,
        "IXZZIZZX": 0.02610926352015852,
        "XZZZZIXI": 0.02610926352015852,
        "IYZZIZZY": 0.02610926352015852,
        "IXIZZZZX": -0.025396652194743068,
        "IYIZZZZY": -0.025396652194743068,
        "YZZIZZYI": -0.025396652194743068,
        "XZZIZZXI": -0.025396652194743068,
        "XYIIIIYX": 0.019537876814556213,
        "YXIIIIXY": 0.019537876814556213,
        "YYIIIIXX": -0.019537876814556213,
        "XXIIIIYY": -0.019537876814556213,
        "YIZZZZYI": 0.01707828197529057,
        "XIZZZZXI": 0.01707828197529057,
        "ZYZZZZZY": 0.01707828197529057,
        "ZXZZZZZX": 0.01707828197529057,
        "YZZZZZYZ": -0.016367446838761943,
        "IYZZZZIY": -0.016367446838761943,
        "XZZZZZXZ": -0.016367446838761943,
        "IXZZZZIX": -0.016367446838761943,
        "IIIIXYYX": 0.014623455446314994,
        "IIIIXXYY": -0.014623455446314994,
        "IIIIYYXX": -0.014623455446314994,
        "IIIIYXXY": 0.014623455446314994,
        "YXXYIIII": 0.013690739991765165,
        "YYXXIIII": -0.013690739991765165,
        "XXYYIIII": -0.013690739991765165,
        "XYYXIIII": 0.013690739991765165,
        "YZZZZZYI": -0.008087768462838141,
        "XZZZZZXI": -0.008087768462838141,
        "IXZZZZZX": -0.008087768462838138,
        "IYZZZZZY": -0.008087768462838138,
        "IYZZZIZY": -0.005029674809655603,
        "IXZZZIZX": -0.005029674809655603,
        "YZZZIZYI": -0.005029674809655603,
        "XZZZIZXI": -0.005029674809655603,
        "YZIZZZYI": 0.004942612927187209,
        "XZIZZZXI": 0.004942612927187209,
        "IYZIZZZY": 0.004942612927187209,
        "IXZIZZZX": 0.004942612927187209,
        "IIXYYXII": 1.3713129922751579e-05,
        "IIXXYYII": -1.3713129922751579e-05,
        "IIYYXXII": -1.3713129922751579e-05,
        "IIYXXYII": 1.3713129922751579e-05
    },
    "data": {
        "molecule_id": "H4_singlet_D4h",
        "qubit_encoding": "JW",
        "unit": "Angstrom",
        "basis": "sto-3g",
        "charge": 0,
        "multiplicity": 1,
        "spin": 0,
        "geometry": "H -0.2454000000 -0.2454000000 0.0000000000\nH 2.6994000000 -0.2454000000 0.0000000000\nH 2.6994000000 2.6994000000 0.0000000000\nH -0.2454000000 2.6994000000 0.0000000000",
        "n_qubits": 8,
        "n_particles": {
            "total": 4,
            "alpha": 2,
            "beta": 2
        },
        "hf_array": [
            1,
            1,
            1,
            1,
            0,
            0,
            0,
            0
        ],
        "hf_method": "pyscf.scf.hf_symm.SymAdaptedRHF",
        "convergence_threshold": 1e-06,
        "point_group": {
            "groupname": "D2h",
            "topgroup": "D4h"
        },
        "alpha": 1.2,
        "calculated_properties": {
            "HF": {
                "energy": -1.2563510114181238,
                "converged": true
            },
            "MP2": {
                "energy": -1.7538866257103982,
                "converged": null
            },
            "CISD": {
                "energy": -1.6812515634327627,
                "converged": true
            },
            "CCSD": {
                "energy": -1.8531217315309525,
                "converged": true,
                "t1_diagnostic": 3.1033263664068373e-06,
                "_t1_diagnostic_check": {
                    "branch_match": false,
                    "recalculated_hf_energy": -1.319055868961705,
                    "recalculated_ccsd_energy": -1.8732469693370635,
                    "delta_hf_ha": -0.06270485754358113,
                    "delta_ccsd_ha": -0.020125237806110974
                }
            },
            "FCI": {
                "energy": -1.8660581714093185,
                "converged": true,
                "spin_matches_target": true,
                "multiplicity": 1.0000000000000018,
                "oscillatory_converged": false,
                "oscillation_energy_change": null
            }
        },
        "auxiliary_operators": {
            "number_operator": {
                "IIIIIIII": 4.0,
                "ZIIIIIII": -0.5,
                "IZIIIIII": -0.5,
                "IIZIIIII": -0.5,
                "IIIZIIII": -0.5,
                "IIIIZIII": -0.5,
                "IIIIIZII": -0.5,
                "IIIIIIZI": -0.5,
                "IIIIIIIZ": -0.5
            },
            "N_alpha": {
                "IIIIIIII": 2.0,
                "ZIIIIIII": -0.5,
                "IIZIIIII": -0.5,
                "IIIIZIII": -0.5,
                "IIIIIIZI": -0.5
            },
            "N_beta": {
                "IIIIIIII": 2.0,
                "IZIIIIII": -0.5,
                "IIIZIIII": -0.5,
                "IIIIIZII": -0.5,
                "IIIIIIIZ": -0.5
            },
            "S^2_operator": {
                "IIIIIIII": 1.5,
                "ZZIIIIII": -0.375,
                "IIIIZZII": -0.375,
                "IIIIIIZZ": -0.375,
                "IIZZIIII": -0.375,
                "ZIIZIIII": -0.125,
                "ZIZIIIII": 0.125,
                "IIIIXYXY": 0.125,
                "IIIIXYYX": -0.125,
                "IIIIYYXX": 0.125,
                "IIIIYYYY": 0.125,
                "IIIIXXXX": 0.125,
                "IIIIXXYY": 0.125,
                "IIIIYXXY": -0.125,
                "IIIIYXYX": 0.125,
                "IIXYIIXY": 0.125,