{
    "hamiltonian": {
        "IIIIIIII": -0.6402747629188785,
        "IIIIIIIZ": -0.19527980512743776,
        "IIIIIIZI": -0.19527980512743776,
        "IZIIIIII": 0.18895058373633386,
        "ZIIIIIII": 0.1889505837363338,
        "IIIIZZII": 0.13951086916427366,
        "IIZZIIII": 0.13951086916427366,
        "IIIIIIZZ": 0.1253096325017463,
        "IIIZIIZI": 0.12210279397532177,
        "IIZIIIIZ": 0.12210279397532177,
        "ZZIIIIII": 0.12012820846095192,
        "ZIIIIZII": 0.11908183333515149,
        "IZIIZIII": 0.11908183333515149,
        "IIIIIZZI": 0.11902539179655297,
        "IIIIZIIZ": 0.11902539179655297,
        "ZIIIIIIZ": 0.11843048413237059,
        "IZIIIIZI": 0.11843048413237059,
        "IZZIIIII": 0.11600443115638265,
        "ZIIZIIII": 0.11600443115638265,
        "IZIIIIIZ": 0.09764176555901667,
        "ZIIIIIZI": 0.09764176555901667,
        "IIIZZIII": 0.09604762871464005,
        "IIZIIZII": 0.09604762871464005,
        "IIZIZIII": 0.09432500064231654,
        "IIIZIZII": 0.09432500064231654,
        "ZIZIIIII": 0.08465360823543988,
        "IZIZIIII": 0.08465360823543988,
        "IIIIIZIZ": 0.08392141956105553,
        "IIIIZIZI": 0.08392141956105553,
        "IZIIIZII": 0.08278073613373385,
        "ZIIIZIII": 0.08278073613373385,
        "IIZIIIZI": 0.08204854745934953,
        "IIIZIIIZ": 0.08204854745934953,
        "IIXYIIYX": 0.04005424651597223,
        "IIYXIIXY": 0.04005424651597223,
        "IIYYIIXX": -0.04005424651597223,
        "IIXXIIYY": -0.04005424651597223,
        "XYIIYXII": 0.03630109720141763,
        "XXIIYYII": -0.03630109720141763,
        "YXIIXYII": 0.03630109720141763,
        "YYIIXXII": -0.03630109720141763,
        "IIIIXYYX": 0.03510397223549743,
        "IIIIYXXY": 0.03510397223549743,
        "IIIIYYXX": -0.03510397223549743,
        "IIIIXXYY": -0.03510397223549743,
        "IYZZXXYI": -0.03430845756522484,
        "IXZZXYYI": 0.03430845756522484,
        "IYZZYXXI": 0.03430845756522484,
        "IXZZYYXI": -0.03430845756522484,
        "XZZZXYZY": -0.03430845756522484,
        "YZZZYXZX": -0.03430845756522484,
        "YZZZYYZY": -0.03430845756522484,
        "XZZZXXZX": -0.03430845756522484,
        "YZYXZZZX": 0.03403661472564818,
        "XZXYZZZY": 0.03403661472564818,
        "XZXXZZZX": 0.03403661472564818,
        "IXYYZZXI": 0.03403661472564818,
        "IXXYZZYI": -0.03403661472564818,
        "YZYYZZZY": 0.03403661472564818,
        "IYXXZZYI": 0.03403661472564818,
        "IYYXZZXI": -0.03403661472564818,
        "YXXYIIII": 0.03135082292094277,
        "YYXXIIII": -0.03135082292094277,
        "XXYYIIII": -0.03135082292094277,
        "XYYXIIII": 0.03135082292094277,
        "IYZZIZZY": 0.021353205075518415,
        "IXZZIZZX": 0.021353205075518415,
        "YZZZZIYI": 0.021353205075518415,
        "XZZZZIXI": 0.021353205075518415,
        "YZZIZZYI": -0.02113439509759169,
        "IXIZZZZX": -0.02113439509759169,
        "IYIZZZZY": -0.02113439509759169,
        "XZZIZZXI": -0.02113439509759169,
        "YYIIIIXX": -0.020788718573353928,
        "XYIIIIYX": 0.020788718573353928,
        "XXIIIIYY": -0.020788718573353928,
        "YXIIIIXY": 0.020788718573353928,
        "IXZZZZZX": -0.013915017923122374,
        "IYZZZZZY": -0.013915017923122374,
        "YZZZZZYI": -0.013915017923122374,
        "XZZZZZXI": -0.013915017923122374,
        "YZZZIZYI": -0.012955252489706429,
        "XZZZIZXI": -0.012955252489706429,
        "IXZZZIZX": -0.012955252489706429,
        "IYZZZIZY": -0.012955252489706429,
        "IYZIZZZY": 0.012902219628056495,
        "YZIZZZYI": 0.012902219628056495,
        "IXZIZZZX": 0.012902219628056495,
        "XZIZZZXI": 0.012902219628056495,
        "IIZIIIII": 0.007843398041083992,
        "IIIZIIII": 0.007843398041083978,
        "IIIIZIII": 0.00784339804108368,
        "IIIIIZII": 0.007843398041083617,
        "IIXXYYII": -0.0017226280723235175,
        "IIYYXXII": -0.0017226280723235175,
        "IIYXXYII": 0.0017226280723235175,
        "IIXYYXII": 0.0017226280723235175,
        "ZXZZZZZX": 0.0014513776615418966,
        "ZYZZZZZY": 0.0014513776615418966,
        "XIZZZZXI": 0.0014513776615418966,
        "YIZZZZYI": 0.0014513776615418966,
        "IXZZZZIX": -0.0012637308473266188,
        "IYZZZZIY": -0.0012637308473266188,
        "XZZZZZXZ": -0.0012637308473266188,
        "YZZZZZYZ": -0.0012637308473266188
    },
    "data": {
        "molecule_id": "H4_singlet_D4h",
        "qubit_encoding": "JW",
        "unit": "Angstrom",
        "basis": "sto-3g",
        "charge": 0,
        "multiplicity": 1,
        "spin": 0,
        "geometry": "H 0.6135000000 0.6135000000 0.0000000000\nH 1.8405000000 0.6135000000 0.0000000000\nH 1.8405000000 1.8405000000 0.0000000000\nH 0.6135000000 1.8405000000 0.0000000000",
        "n_qubits": 8,
        "n_particles": {
            "total": 4,
            "alpha": 2,
            "beta": 2
        },
        "hf_array": [
            1,
            1,
            1,
            1,
            0,
            0,
            0,
            0
        ],
        "hf_method": "pyscf.scf.hf_symm.SymAdaptedRHF",
        "convergence_threshold": 1e-06,
        "point_group": {
            "groupname": "D2h",
            "topgroup": "D4h"
        },
        "alpha": 0.5,
        "calculated_properties": {
            "HF": {
                "energy": -1.701983839760115,
                "converged": true
            },
            "MP2": {
                "energy": -1.7395460805260752,
                "converged": null
            },
            "CISD": {
                "energy": -1.794810650725322,
                "converged": true
            },
            "CCSD": {
                "energy": -1.7878672208450597,
                "converged": true,
                "t1_diagnostic": 8.274570994373513e-09,
                "_t1_diagnostic_check": {
                    "branch_match": false,
                    "recalculated_hf_energy": -1.7796081111456514,
                    "recalculated_ccsd_energy": -1.9763582748975215,
                    "delta_hf_ha": -0.0776242713855364,
                    "delta_ccsd_ha": -0.1884910540524618
                }
            },
            "FCI": {
                "energy": -1.8215577781757375,
                "converged": true,
                "spin_matches_target": true,
                "multiplicity": 1.0,
                "oscillatory_converged": false,
                "oscillation_energy_change": null
            }
        },
        "auxiliary_operators": {
            "number_operator": {
                "IIIIIIII": 4.0,
                "ZIIIIIII": -0.5,
                "IZIIIIII": -0.5,
                "IIZIIIII": -0.5,
                "IIIZIIII": -0.5,
                "IIIIZIII": -0.5,
                "IIIIIZII": -0.5,
                "IIIIIIZI": -0.5,
                "IIIIIIIZ": -0.5
            },
            "N_alpha": {
                "IIIIIIII": 2.0,
                "ZIIIIIII": -0.5,
                "IIZIIIII": -0.5,
                "IIIIZIII": -0.5,
                "IIIIIIZI": -0.5
            },
            "N_beta": {
                "IIIIIIII": 2.0,
                "IZIIIIII": -0.5,
                "IIIZIIII": -0.5,
                "IIIIIZII": -0.5,
                "IIIIIIIZ": -0.5
            },
            "S^2_operator": {
                "IIIIIIII": 1.5,
                "ZZIIIIII": -0.375,
                "IIIIZZII": -0.375,
                "IIIIIIZZ": -0.375,
                "IIZZIIII": -0.375,
                "ZIIZIIII": -0.125,
                "ZIZIIIII": 0.125,
                "IIIIXYXY": 0.125,
                "IIIIXYYX": -0.125,
                "IIIIYYXX": 0.125,
                "IIIIYYYY": 0.125,
                "IIIIXXXX": 0.125,
                "IIIIXXYY": 0.125,
                "IIIIYXXY": -0.125,
                "IIIIYXYX": 0.125,
                "IIXYIIXY": 0.125,
                "IIXYIIYX": -0.125,
                "ZIIIZIII": 0.125,