{
    "hamiltonian": {
        "IIIIIIII": -0.9806046498456946,
        "IIIIZZII": 0.12648196255616853,
        "IIZZIIII": 0.12648196255616853,
        "IZIIIIII": 0.11961038045866501,
        "ZIIIIIII": 0.11961038045866496,
        "IIIZIIZI": 0.10751910655784408,
        "IIZIIIIZ": 0.10751910655784408,
        "IIIIIIZZ": 0.10570436563998428,
        "IZIIZIII": 0.10457335045946856,
        "ZIIIIZII": 0.10457335045946856,
        "ZZIIIIII": 0.10032364086047549,
        "IZIIIIZI": 0.0990340658542697,
        "ZIIIIIIZ": 0.0990340658542697,
        "IIIIIZZI": 0.09669052034550038,
        "IIIIZIIZ": 0.09669052034550038,
        "ZIIZIIII": 0.09374476424712486,
        "IZZIIIII": 0.09374476424712486,
        "ZIIIIIZI": 0.07510045436166084,
        "IZIIIIIZ": 0.07510045436166084,
        "IIZIIZII": 0.07412671300334084,
        "IIIZZIII": 0.07412671300334084,
        "IIIZIZII": 0.07359357940877159,
        "IIZIZIII": 0.07359357940877159,
        "IZIZIIII": 0.06664768443888394,
        "ZIZIIIII": 0.06664768443888394,
        "IIIIIZIZ": 0.06560845471704566,
        "IIIIZIZI": 0.06560845471704566,
        "IZIIIZII": 0.06218192731281544,
        "ZIIIZIII": 0.06218192731281544,
        "IIIZIIIZ": 0.06114269759097715,
        "IIZIIIZI": 0.06114269759097715,
        "IIIIIIIZ": -0.05974776805171166,
        "IIIIIIZI": -0.05974776805171162,
        "IIYYIIXX": -0.046376408966866914,
        "IIXXIIYY": -0.046376408966866914,
        "IIXYIIYX": 0.046376408966866914,
        "IIYXIIXY": 0.046376408966866914,
        "YYIIXXII": -0.04239142314665312,
        "YXIIXYII": 0.04239142314665312,
        "XXIIYYII": -0.04239142314665312,
        "XYIIYXII": 0.04239142314665312,
        "XZZZXXZX": -0.03575164152131825,
        "IYZZXXYI": -0.03575164152131825,
        "XZZZXYZY": -0.03575164152131825,
        "YZZZYXZX": -0.03575164152131825,
        "YZZZYYZY": -0.03575164152131825,
        "IYZZYXXI": 0.03575164152131825,
        "IXZZYYXI": -0.03575164152131825,
        "IXZZXYYI": 0.03575164152131825,
        "XZXXZZZX": 0.034888853952742445,
        "YZYYZZZY": 0.034888853952742445,
        "XZXYZZZY": 0.034888853952742445,
        "IYXXZZYI": 0.034888853952742445,
        "IYYXZZXI": -0.034888853952742445,
        "IXXYZZYI": -0.034888853952742445,
        "IXYYZZXI": 0.034888853952742445,
        "YZYXZZZX": 0.034888853952742445,
        "IIIIYXXY": 0.031082065628454718,
        "IIIIXYYX": 0.031082065628454718,
        "IIIIXXYY": -0.031082065628454718,
        "IIIIYYXX": -0.031082065628454718,
        "IIIIZIII": 0.02745936548396024,
        "IIIIIZII": 0.027459365483960156,
        "IIIZIIII": 0.027459365483960104,
        "IIZIIIII": 0.027459365483960045,
        "YXXYIIII": 0.027097079808240908,
        "YYXXIIII": -0.027097079808240908,
        "XYYXIIII": 0.027097079808240908,
        "XXYYIIII": -0.027097079808240908,
        "IYZZIZZY": 0.025326068978089623,
        "IXZZIZZX": 0.025326068978089623,
        "XZZZZIXI": 0.025326068978089623,
        "YZZZZIYI": 0.025326068978089623,
        "IXIZZZZX": -0.024688284590290106,
        "YZZIZZYI": -0.024688284590290106,
        "IYIZZZZY": -0.024688284590290106,
        "XZZIZZXI": -0.024688284590290106,
        "YXIIIIXY": 0.023933611492608864,
        "YYIIIIXX": -0.023933611492608864,
        "XXIIIIYY": -0.023933611492608864,
        "XYIIIIYX": 0.023933611492608864,
        "YZZZZZYI": -0.019416377854165175,
        "XZZZZZXI": -0.019416377854165175,
        "IXZZZZZX": -0.019416377854165168,
        "IYZZZZZY": -0.019416377854165168,
        "IXZZZIZX": -0.010425572543228626,
        "YZZZIZYI": -0.010425572543228626,
        "IYZZZIZY": -0.010425572543228626,
        "XZZZIZXI": -0.010425572543228626,
        "IXZIZZZX": 0.010200569362452337,
        "IYZIZZZY": 0.010200569362452337,
        "XZIZZZXI": 0.010200569362452337,
        "YZIZZZYI": 0.010200569362452337,
        "YIZZZZYI": 0.005275916736119006,
        "XIZZZZXI": 0.005275916736119006,
        "ZYZZZZZY": 0.005275916736119006,
        "ZXZZZZZX": 0.005275916736119006,
        "IYZZZZIY": -0.004693427530493812,
        "XZZZZZXZ": -0.004693427530493812,
        "IXZZZZIX": -0.004693427530493812,
        "YZZZZZYZ": -0.004693427530493812,
        "IIYXXYII": 0.0005331335945692369,
        "IIYYXXII": -0.0005331335945692369,
        "IIXXYYII": -0.0005331335945692369,
        "IIXYYXII": 0.0005331335945692369
    },
    "data": {
        "molecule_id": "H4_singlet_D4h",
        "qubit_encoding": "JW",
        "unit": "Angstrom",
        "basis": "sto-3g",
        "charge": 0,
        "multiplicity": 1,
        "spin": 0,
        "geometry": "H 0.3681000000 0.3681000000 0.0000000000\nH 2.0859000000 0.3681000000 0.0000000000\nH 2.0859000000 2.0859000000 0.0000000000\nH 0.3681000000 2.0859000000 0.0000000000",
        "n_qubits": 8,
        "n_particles": {
            "total": 4,
            "alpha": 2,
            "beta": 2
        },
        "hf_array": [
            1,
            1,
            1,
            1,
            0,
            0,
            0,
            0
        ],
        "hf_method": "pyscf.scf.hf_symm.SymAdaptedRHF",
        "convergence_threshold": 1e-06,
        "point_group": {
            "groupname": "D2h",
            "topgroup": "D4h"
        },
        "alpha": 0.7,
        "calculated_properties": {
            "HF": {
                "energy": -1.5494899568548381,
                "converged": true
            },
            "MP2": {
                "energy": -1.6375877275099144,
                "converged": null
            },
            "CISD": {
                "energy": -1.7466634987253147,
                "converged": true
            },
            "CCSD": {
                "energy": -1.7575546150517847,
                "converged": true,
                "t1_diagnostic": 3.488356573531333e-08,
                "_t1_diagnostic_check": {
                    "branch_match": false,
                    "recalculated_hf_energy": -1.6392448990126869,
                    "recalculated_ccsd_energy": -1.9457218544331183,
                    "delta_hf_ha": -0.08975494215784874,
                    "delta_ccsd_ha": -0.18816723938133362
                }
            },
            "FCI": {
                "energy": -1.8474483572533458,
                "converged": true,
                "spin_matches_target": true,
                "multiplicity": 1.0,
                "oscillatory_converged": false,
                "oscillation_energy_change": null
            }
        },
        "auxiliary_operators": {
            "number_operator": {
                "IIIIIIII": 4.0,
                "ZIIIIIII": -0.5,
                "IZIIIIII": -0.5,
                "IIZIIIII": -0.5,
                "IIIZIIII": -0.5,
                "IIIIZIII": -0.5,
                "IIIIIZII": -0.5,
                "IIIIIIZI": -0.5,
                "IIIIIIIZ": -0.5
            },
            "N_alpha": {
                "IIIIIIII": 2.0,
                "ZIIIIIII": -0.5,
                "IIZIIIII": -0.5,
                "IIIIZIII": -0.5,
                "IIIIIIZI": -0.5
            },
            "N_beta": {
                "IIIIIIII": 2.0,
                "IZIIIIII": -0.5,
                "IIIZIIII": -0.5,
                "IIIIIZII": -0.5,
                "IIIIIIIZ": -0.5
            },
            "S^2_operator": {
                "IIIIIIII": 1.5,
                "ZZIIIIII": -0.375,
                "IIIIZZII": -0.375,
                "IIIIIIZZ": -0.375,
                "IIZZIIII": -0.375,
                "ZIIZIIII": -0.125,
                "ZIZIIIII": 0.125,
                "IIIIXYXY": 0.125,
                "IIIIXYYX": -0.125,
                "IIIIYYXX": 0.125,
                "IIIIYYYY": 0.125,
                "IIIIXXXX": 0.125,
                "IIIIXXYY": 0.125,
                "IIIIYXXY": -0.125,
                "IIIIYXYX": 0.125,
                "IIXYIIXY": 0.125,
                "IIXYIIYX": -0.125,