{
    "hamiltonian": {
        "IIIIIIII": -1.0389324532519577,
        "IIIIZZII": 0.12219877593588935,
        "IIZZIIII": 0.12219877593588935,
        "IIIZIIZI": 0.1038863950768859,
        "IIZIIIIZ": 0.1038863950768859,
        "IZIIZIII": 0.10125635243971134,
        "ZIIIIZII": 0.10125635243971134,
        "IIIIIIZZ": 0.09981738126512421,
        "IZIIIIII": 0.0959587399115427,
        "ZIIIIIII": 0.09595873991154269,
        "ZZIIIIII": 0.09483289044375098,
        "ZIIIIIIZ": 0.09135426194347146,
        "IZIIIIZI": 0.09135426194347146,
        "IIIIIZZI": 0.08715864707903152,
        "IIIIZIIZ": 0.08715864707903152,
        "IZZIIIII": 0.08452860444185695,
        "ZIIZIIII": 0.08452860444185695,
        "IZIIIIIZ": 0.06661798063307721,
        "ZIIIIIZI": 0.06661798063307721,
        "IIZIIZII": 0.0660071778073405,
        "IIIZZIII": 0.0660071778073405,
        "IIZIZIII": 0.06572326960716557,
        "IIIZIZII": 0.06572326960716557,
        "ZIZIIIII": 0.059987634774744114,
        "IZIZIIII": 0.059987634774744114,
        "IIIIIZIZ": 0.059185307540621665,
        "IIIIZIZI": 0.059185307540621665,
        "ZIIIZIII": 0.05422585007723432,
        "IZIIIZII": 0.05422585007723432,
        "IIZIIIZI": 0.05342352284311186,
        "IIIZIIIZ": 0.05342352284311186,
        "IIYXIIXY": 0.05046287223377404,
        "IIYYIIXX": -0.05046287223377404,
        "IIXYIIYX": 0.05046287223377404,
        "IIXXIIYY": -0.05046287223377404,
        "XYIIYXII": 0.047030502362477015,
        "XXIIYYII": -0.047030502362477015,
        "YYIIXXII": -0.047030502362477015,
        "YXIIXYII": 0.047030502362477015,
        "IYZZXXYI": -0.03595143557963701,
        "IYZZYXXI": 0.03595143557963701,
        "IXZZXYYI": 0.03595143557963701,
        "XZZZXXZX": -0.03595143557963701,
        "XZZZXYZY": -0.03595143557963701,
        "YZZZYXZX": -0.03595143557963701,
        "IXZZYYXI": -0.03595143557963701,
        "YZZZYYZY": -0.03595143557963701,
        "IYXXZZYI": 0.03486134429125865,
        "IXXYZZYI": -0.03486134429125865,
        "XZXXZZZX": 0.03486134429125865,
        "XZXYZZZY": 0.03486134429125865,
        "IYYXZZXI": -0.03486134429125865,
        "YZYYZZZY": 0.03486134429125865,
        "IXYYZZXI": 0.03486134429125865,
        "YZYXZZZX": 0.03486134429125865,
        "IIIZIIII": 0.03252118585810085,
        "IIZIIIII": 0.03252118585810082,
        "IIIIIZII": 0.03252118585810067,
        "IIIIZIII": 0.0325211858581006,
        "IIIIYXXY": 0.02797333953840986,
        "IIIIYYXX": -0.02797333953840986,
        "IIIIXXYY": -0.02797333953840986,
        "IIIIXYYX": 0.02797333953840986,
        "YZZZZIYI": 0.026752965212707962,
        "IYZZIZZY": 0.026752965212707962,
        "XZZZZIXI": 0.026752965212707962,
        "IXZZIZZX": 0.026752965212707962,
        "IXIZZZZX": -0.02591768618557788,
        "YZZIZZYI": -0.02591768618557788,
        "IYIZZZZY": -0.02591768618557788,
        "XZZIZZXI": -0.02591768618557788,
        "YXIIIIXY": 0.02473628131039426,
        "XXIIIIYY": -0.02473628131039426,
        "YYIIIIXX": -0.02473628131039426,
        "XYIIIIYX": 0.02473628131039426,
        "IIIIIIZI": -0.024717786319734064,
        "IIIIIIIZ": -0.02471778631973394,
        "YXXYIIII": 0.024540969667112836,
        "XXYYIIII": -0.024540969667112836,
        "XYYXIIII": 0.024540969667112836,
        "YYXXIIII": -0.024540969667112836,
        "IXZZZZZX": -0.01916291584082211,
        "XZZZZZXI": -0.01916291584082211,
        "YZZZZZYI": -0.01916291584082211,
        "IYZZZZZY": -0.01916291584082211,
        "YZZZIZYI": -0.009198470366929043,
        "IXZZZIZX": -0.009198470366929043,
        "IYZZZIZY": -0.009198470366929043,
        "XZZZIZXI": -0.009198470366929043,
        "IXZIZZZX": 0.00894365810568077,
        "YZIZZZYI": 0.00894365810568077,
        "IYZIZZZY": 0.00894365810568077,
        "XZIZZZXI": 0.00894365810568077,
        "ZXZZZZZX": 0.008078560557382517,
        "ZYZZZZZY": 0.008078560557382517,
        "XIZZZZXI": 0.008078560557382517,
        "YIZZZZYI": 0.008078560557382517,
        "IXZZZZIX": -0.007287044749774131,
        "IYZZZZIY": -0.007287044749774131,
        "XZZZZZXZ": -0.00728704474977413,
        "YZZZZZYZ": -0.00728704474977413,
        "IIXYYXII": 0.0002839082001749312,
        "IIXXYYII": -0.0002839082001749312,
        "IIYYXXII": -0.0002839082001749312,
        "IIYXXYII": 0.0002839082001749312
    },
    "data": {
        "molecule_id": "H4_singlet_D4h",
        "qubit_encoding": "JW",
        "unit": "Angstrom",
        "basis": "sto-3g",
        "charge": 0,
        "multiplicity": 1,
        "spin": 0,
        "geometry": "H 0.2454000000 0.2454000000 0.0000000000\nH 2.2086000000 0.2454000000 0.0000000000\nH 2.2086000000 2.2086000000 0.0000000000\nH 0.2454000000 2.2086000000 0.0000000000",
        "n_qubits": 8,
        "n_particles": {
            "total": 4,
            "alpha": 2,
            "beta": 2
        },
        "hf_array": [
            1,
            1,
            1,
            1,
            0,
            0,
            0,
            0
        ],
        "hf_method": "pyscf.scf.hf_symm.SymAdaptedRHF",
        "convergence_threshold": 1e-06,
        "point_group": {
            "groupname": "D2h",
            "topgroup": "D4h"
        },
        "alpha": 0.8,
        "calculated_properties": {
            "HF": {
                "energy": -1.4645069153173433,
                "converged": true
            },
            "MP2": {
                "energy": -1.5989336964899572,
                "converged": null
            },
            "CISD": {
                "energy": -1.72350231827297,
                "converged": true
            },
            "CCSD": {
                "energy": -1.7733805067515076,
                "converged": true,
                "t1_diagnostic": 2.384972506387346e-07,
                "_t1_diagnostic_check": {
                    "branch_match": false,
                    "recalculated_hf_energy": -1.5535301893742854,
                    "recalculated_ccsd_energy": -1.920812692815501,
                    "delta_hf_ha": -0.0890232740569421,
                    "delta_ccsd_ha": -0.14743218606399333
                }
            },
            "FCI": {
                "energy": -1.8563852478771654,
                "converged": true,
                "spin_matches_target": true,
                "multiplicity": 1.0,
                "oscillatory_converged": false,
                "oscillation_energy_change": null
            }
        },
        "auxiliary_operators": {
            "number_operator": {
                "IIIIIIII": 4.0,
                "ZIIIIIII": -0.5,
                "IZIIIIII": -0.5,
                "IIZIIIII": -0.5,
                "IIIZIIII": -0.5,
                "IIIIZIII": -0.5,
                "IIIIIZII": -0.5,
                "IIIIIIZI": -0.5,
                "IIIIIIIZ": -0.5
            },
            "N_alpha": {
                "IIIIIIII": 2.0,
                "ZIIIIIII": -0.5,
                "IIZIIIII": -0.5,
                "IIIIZIII": -0.5,
                "IIIIIIZI": -0.5
            },
            "N_beta": {
                "IIIIIIII": 2.0,
                "IZIIIIII": -0.5,
                "IIIZIIII": -0.5,
                "IIIIIZII": -0.5,
                "IIIIIIIZ": -0.5
            },
            "S^2_operator": {
                "IIIIIIII": 1.5,
                "ZZIIIIII": -0.375,
                "IIIIZZII": -0.375,
                "IIIIIIZZ": -0.375,
                "IIZZIIII": -0.375,
                "ZIIZIIII": -0.125,
                "ZIZIIIII": 0.125,
                "IIIIXYXY": 0.125,
                "IIIIXYYX": -0.125,
                "IIIIYYXX": 0.125,
                "IIIIYYYY": 0.125,
                "IIIIXXXX": 0.125,
                "IIIIXXYY": 0.125,
                "IIIIYXXY": -0.125,
                "IIIIYXYX": 0.125,
                "IIXYIIXY": 0.125,
                "IIXYIIYX": -0.125,
                "ZIIIZIII": 0.125,