{
    "hamiltonian": {
        "IIIIIIIIII": -4.122427433045893,
        "ZIIIIIIIII": 1.0045122071082062,
        "IZIIIIIIII": 1.0045122071082062,
        "ZZIIIIIIII": 0.4154792305820828,
        "IIIIIIIIIZ": -0.23356336736397595,
        "IIIIIIIIZI": -0.23356336736397593,
        "IIIIZIIIII": -0.23356336736397593,
        "IIIIIZIIII": -0.23356336736397593,
        "IIIIIIZIII": -0.23356336736397593,
        "IIIIIIIZII": -0.23356336736397593,
        "IIIZIIIIII": -0.17122557153361778,
        "IIZIIIIIII": -0.17122557153361773,
        "IZZIIIIIII": 0.09973760967141201,
        "ZIIZIIIIII": 0.09973760967141201,
        "IZIIZIIIII": 0.09909653501746207,
        "ZIIIIIIZII": 0.09909653501746207,
        "IZIIIIZIII": 0.09909653501746207,
        "IZIIIIIIZI": 0.09909653501746207,
        "ZIIIIZIIII": 0.09909653501746207,
        "ZIIIIIIIIZ": 0.09909653501746207,
        "ZIIIIIZIII": 0.0966694517996424,
        "ZIIIZIIIII": 0.0966694517996424,
        "ZIIIIIIIZI": 0.0966694517996424,
        "IZIIIIIIIZ": 0.0966694517996424,
        "IZIIIZIIII": 0.0966694517996424,
        "IZIIIIIZII": 0.0966694517996424,
        "IZIZIIIIII": 0.09231413002259518,
        "ZIZIIIIIII": 0.09231413002259518,
        "IIIIZZIIII": 0.0782363777898523,
        "IIIIIIZZII": 0.0782363777898523,
        "IIIIIIIIZZ": 0.0782363777898523,
        "IIIZIIIIZI": 0.07140321479250304,
        "IIZIIZIIII": 0.07140321479250304,
        "IIZIIIIZII": 0.07140321479250304,
        "IIZIIIIIIZ": 0.07140321479250304,
        "IIIZZIIIII": 0.07140321479250304,
        "IIIZIIZIII": 0.07140321479250304,
        "IIZZIIIIII": 0.07056114813428879,
        "IIIIIZIIZI": 0.06980180803300681,
        "IIIIZIIIIZ": 0.06980180803300681,
        "IIIIZIIZII": 0.06980180803300681,
        "IIIIIZZIII": 0.06980180803300681,
        "IIIIIIZIIZ": 0.06980180803300681,
        "IIIIIIIZZI": 0.06980180803300681,
        "IIIIZIZIII": 0.06558452315458405,
        "IIIIIZIZII": 0.06558452315458405,
        "IIIIIIIZIZ": 0.06558452315458405,
        "IIIIIIZIZI": 0.06558452315458405,
        "IIIIZIIIZI": 0.06558452315458405,
        "IIIIIZIIIZ": 0.06558452315458405,
        "IIIZIIIIIZ": 0.05617469630391201,
        "IIZIZIIIII": 0.05617469630391201,
        "IIIZIZIIII": 0.05617469630391201,
        "IIZIIIIIZI": 0.05617469630391201,
        "IIIZIIIZII": 0.056174696303911996,
        "IIZIIIZIII": 0.056174696303911996,
        "ZXZXIIIIII": 0.04477263779244944,
        "ZYZYIIIIII": 0.04477263779244944,
        "YIYIIIIIII": 0.04477263779244944,
        "XIXIIIIIII": 0.04477263779244944,
        "IYZYIIIIII": 0.02328051675439961,
        "IXZXIIIIII": 0.02328051675439961,
        "YZYIIIIIII": 0.023280516754399593,
        "XZXIIIIIII": 0.023280516754399593,
        "IIXXIIYYII": -0.015228518488591037,
        "IIXYIIYXII": 0.015228518488591037,
        "IIYXIIXYII": 0.015228518488591037,
        "IIYYIIXXII": -0.015228518488591037,
        "IIXXYYIIII": -0.015228518488591036,
        "IIXYYXIIII": 0.015228518488591036,
        "IIXYIIIIYX": 0.015228518488591036,
        "IIXXIIIIYY": -0.015228518488591036,
        "IIYXIIIIXY": 0.015228518488591036,
        "IIYYIIIIXX": -0.015228518488591036,
        "IIYXXYIIII": 0.015228518488591036,
        "IIYYXXIIII": -0.015228518488591036,
        "YXXYIIIIII": 0.007423479648816818,
        "XXYYIIIIII": -0.007423479648816818,
        "YYXXIIIIII": -0.007423479648816818,
        "XYYXIIIIII": 0.007423479648816818,
        "IYZYIZIIII": 0.004870405325569241,
        "YZYIZIIIII": 0.004870405325569241,
        "XZXIZIIIII": 0.004870405325569241,
        "IXZXIZIIII": 0.004870405325569241,
        "IXZXIIIIIZ": 0.004870405325569241,
        "XZXIIIIIZI": 0.004870405325569241,
        "IYZYIIIIIZ": 0.004870405325569241,
        "YZYIIIIIZI": 0.004870405325569241,
        "XZXIIIZIII": 0.004870405325569238,
        "YZYIIIZIII": 0.004870405325569238,
        "IXZXIIIZII": 0.004870405325569238,
        "IYZYIIIZII": 0.004870405325569238,
        "IIIIIIXYYX": 0.00421728487842276,
        "IIIIIIXXYY": -0.00421728487842276,
        "IIIIIIYYXX": -0.00421728487842276,
        "IIIIIIYXXY": 0.00421728487842276,
        "IIIIYXXYII": 0.00421728487842276,
        "IIIIYYXXII": -0.00421728487842276,
        "IIIIXYIIYX": 0.00421728487842276,
        "IIIIYXIIXY": 0.00421728487842276,
        "IIIIXXYYII": -0.00421728487842276,
        "IIIIXYYXII": 0.00421728487842276,
        "IIIIXXIIYY": -0.00421728487842276,
        "IIIIYYIIXX": -0.00421728487842276,
        "IYXIIIXYII": -0.003365068232686706,
        "YZZYIIIIXX": -0.003365068232686706,
        "YZZXXYIIII": 0.003365068232686706,
        "YZZYXXIIII": -0.003365068232686706,
        "XZZXYYIIII": -0.003365068232686706,
        "XZZYYXIIII": 0.003365068232686706,
        "YZZXIIXYII": 0.003365068232686706,
        "YZZYIIXXII": -0.003365068232686706,
        "XZZXIIYYII": -0.003365068232686706,
        "XZZYIIYXII": 0.003365068232686706,
        "YZZXIIIIXY": 0.003365068232686706,
        "IXXIIIXXII": -0.003365068232686706,
        "XZZYIIIIYX": 0.003365068232686706,
        "IYYIIIYYII": -0.003365068232686706,
        "IXYIIIYXII": -0.003365068232686706,
        "XZZXIIIIYY": -0.003365068232686706,
        "IXYIIIIIYX": -0.0033650682326867055,
        "IYXIXYIIII": -0.0033650682326867055,
        "IYYIYYIIII": -0.0033650682326867055,
        "IXXIXXIIII": -0.0033650682326867055,
        "IXYIYXIIII": -0.0033650682326867055,
        "IYXIIIIIXY": -0.0033650682326867055,
        "IYYIIIIIYY": -0.0033650682326867055,
        "IXXIIIIIXX": -0.0033650682326867055,
        "XYIIIIYXII": 0.002427083217819674,
        "YXIIIIIIXY": 0.002427083217819674,
        "XXIIIIYYII": -0.002427083217819674,
        "YYIIIIIIXX": -0.002427083217819674,
        "XXIIIIIIYY": -0.002427083217819674,
        "XYIIIIIIYX": 0.002427083217819674,
        "YYIIIIXXII": -0.002427083217819674,
        "YXIIIIXYII": 0.002427083217819674,
        "YXIIXYIIII": 0.002427083217819674,
        "YYIIXXIIII": -0.002427083217819674,
        "XYIIYXIIII": 0.002427083217819674,
        "XXIIYYIIII": -0.002427083217819674,
        "IXIXIIIIII": 0.0023648955609521247,
        "IYIYIIIIII": 0.0023648955609521247,
        "YZYZIIIIII": 0.0023648955609521247,
        "XZXZIIIIII": 0.0023648955609521247,
        "IYZYIIIIZI": 0.0015053370928825355,
        "XZXIIZIIII": 0.0015053370928825355,
        "IXZXIIIIZI": 0.0015053370928825355,
        "YZYIIIIIIZ": 0.0015053370928825355,
        "XZXIIIIIIZ": 0.0015053370928825355,
        "IYZYZIIIII": 0.0015053370928825355,
        "IXZXZIIIII": 0.0015053370928825355,
        "YZYIIZIIII": 0.0015053370928825355,
        "YZYIIIIZII": 0.0015053370928825318,
        "XZXIIIIZII": 0.0015053370928825318,
        "IXZXIIZIII": 0.0015053370928825318,
        "IYZYIIZIII": 0.0015053370928825318
    },
    "data": {
        "molecule_id": "Li+_singlet_Kh",
        "qubit_encoding": "JW",
        "unit": "Angstrom",
        "basis": "sto-3g",
        "charge": 1,
        "multiplicity": 1,
        "spin": 0,
        "geometry": "Li 0.0000000000 0.0000000000 0.0000000000",
        "n_qubits": 10,
        "n_particles": {
            "total": 2,
            "alpha": 1,
            "beta": 1
        },
        "hf_array": [
            1,
            1,
            0,
            0,
            0,
            0,
            0,
            0,
            0,
            0
        ],
        "hf_method": "pyscf.scf.hf_symm.SymAdaptedRHF",
        "convergence_threshold": 1e-06,
        "point_group": {
            "groupname": "SO3",
            "topgroup": "SO3"
        },
        "alpha": 1.0,
        "calculated_properties": {
            "HF": {
                "energy": -7.135447629014111,
                "converged": true
            },
            "MP2": {
                "energy": -7.135673568424395,
                "converged": null
            },