{
  "hamiltonian": {
    "IIIIIIIIII": -77.17950661171166,
    "ZIIIIIIIII": 20.404313365766928,
    "IZIIIIIIII": 20.404313365766928,
    "IIIZIIIIII": 3.1714875881037594,
    "IIZIIIIIII": 3.1714875881037594,
    "IIIIIIIIIZ": 2.6917767651101787,
    "IIIIIIIZII": 2.6917767651101783,
    "IIIIIIIIZI": 2.691776765110178,
    "IIIIIIZIII": 2.691776765110177,
    "IIIIIZIIII": 2.6917767651101765,
    "IIIIZIIIII": 2.691776765110176,
    "ZZIIIIIIII": 1.4946984687190394,
    "IZIIIIIIZI": 0.35680684937670915,
    "ZIIIIZIIII": 0.35680684937670915,
    "ZIIIIIIZII": 0.35680684937670915,
    "ZIIIIIIIIZ": 0.35680684937670915,
    "IZIIZIIIII": 0.35680684937670915,
    "IZIIIIZIII": 0.35680684937670915,
    "IZZIIIIIII": 0.35623311232517796,
    "ZIIZIIIIII": 0.35623311232517796,
    "IZIIIZIIII": 0.34819595678759346,
    "IZIIIIIZII": 0.34819595678759346,
    "ZIIIIIIIZI": 0.34819595678759346,
    "ZIIIIIZIII": 0.34819595678759346,
    "ZIIIZIIIII": 0.34819595678759346,
    "IZIIIIIIIZ": 0.34819595678759346,
    "IZIZIIIIII": 0.3321136405074009,
    "ZIZIIIIIII": 0.3321136405074009,
    "IIIIIIZZII": 0.28165090478255617,
    "IIIIZZIIII": 0.28165090478255617,
    "IIIIIIIIZZ": 0.28165090478255617,
    "IIIZIIIIZI": 0.2569073504896053,
    "IIZIIZIIII": 0.2569073504896053,
    "IIZIIIIIIZ": 0.2569073504896053,
    "IIIZZIIIII": 0.2569073504896053,
    "IIIZIIZIII": 0.2569073504896053,
    "IIZIIIIZII": 0.2569073504896053,
    "IIZZIIIIII": 0.2536467928708997,
    "IIIIIZZIII": 0.25128646059762483,
    "IIIIIZIIZI": 0.25128646059762483,
    "IIIIZIIZII": 0.25128646059762483,
    "IIIIIIZIIZ": 0.25128646059762483,
    "IIIIZIIIIZ": 0.25128646059762483,
    "IIIIIIIZZI": 0.25128646059762483,
    "IIIIZIIIZI": 0.23610423850515927,
    "IIIIIZIZII": 0.23610423850515927,
    "IIIIIIZIZI": 0.23610423850515927,
    "IIIIZIZIII": 0.23610423850515927,
    "IIIIIZIIIZ": 0.23610423850515927,
    "IIIIIIIZIZ": 0.23610423850515927,
    "XZXIIIIIII": 0.22067335842308877,
    "IYZYIIIIII": 0.22067335842308877,
    "YZYIIIIIII": 0.22067335842308877,
    "IXZXIIIIII": 0.22067335842308877,
    "IIIZIIIIIZ": 0.2019079161943636,
    "IIZIIIZIII": 0.2019079161943636,
    "IIZIIIIIZI": 0.2019079161943636,
    "IIIZIZIIII": 0.2019079161943636,
    "IIIZIIIZII": 0.2019079161943636,
    "IIZIZIIIII": 0.2019079161943636,
    "YIYIIIIIII": 0.15108588518908622,
    "ZYZYIIIIII": 0.15108588518908622,
    "XIXIIIIIII": 0.15108588518908622,
    "ZXZXIIIIII": 0.15108588518908622,
    "IIXXIIYYII": -0.05499943429524169,
    "IIYYIIIIXX": -0.05499943429524169,
    "IIYXXYIIII": 0.05499943429524169,
    "IIYYXXIIII": -0.05499943429524169,
    "IIXXYYIIII": -0.05499943429524169,
    "IIXYYXIIII": 0.05499943429524169,
    "IIXXIIIIYY": -0.05499943429524169,
    "IIYXIIXYII": 0.05499943429524169,
    "IIXYIIIIYX": 0.05499943429524169,
    "IIYXIIIIXY": 0.05499943429524169,
    "IIXYIIYXII": 0.05499943429524169,
    "IIYYIIXXII": -0.05499943429524169,
    "YXXYIIIIII": 0.024119471817777086,
    "XXYYIIIIII": -0.024119471817777086,
    "YYXXIIIIII": -0.024119471817777086,
    "XYYXIIIIII": 0.024119471817777086,
    "IYZYIZIIII": 0.01628932602016848,
    "IXZXIIIZII": 0.01628932602016848,
    "IYZYIIIZII": 0.01628932602016848,
    "YZYIZIIIII": 0.01628932602016848,
    "XZXIZIIIII": 0.01628932602016848,
    "IXZXIZIIII": 0.01628932602016848,
    "YZYIIIZIII": 0.01628932602016848,
    "IXZXIIIIIZ": 0.01628932602016848,
    "XZXIIIZIII": 0.01628932602016848,
    "YZYIIIIIZI": 0.01628932602016848,
    "XZXIIIIIZI": 0.01628932602016848,
    "IYZYIIIIIZ": 0.01628932602016848,
    "IIIIYXIIXY": 0.015182222092465576,
    "IIIIXYIIYX": 0.015182222092465576,
    "IIIIXXIIYY": -0.015182222092465576,
    "IIIIYYIIXX": -0.015182222092465576,
    "IIIIXXYYII": -0.015182222092465574,
    "IIIIYYXXII": -0.015182222092465574,
    "IIIIYXXYII": 0.015182222092465574,
    "IIIIIIYXXY": 0.015182222092465574,
    "IIIIIIYYXX": -0.015182222092465574,
    "IIIIIIXXYY": -0.015182222092465574,
    "IIIIIIXYYX": 0.015182222092465574,
    "IIIIXYYXII": 0.015182222092465574,
    "IYXIIIXYII": -0.0117632675905695,
    "IXXIIIIIXX": -0.0117632675905695,
    "YZZXXYIIII": 0.0117632675905695,
    "YZZYXXIIII": -0.0117632675905695,
    "XZZXYYIIII": -0.0117632675905695,
    "XZZYYXIIII": 0.0117632675905695,
    "YZZXIIXYII": 0.0117632675905695,
    "YZZYIIXXII": -0.0117632675905695,
    "XZZXIIYYII": -0.0117632675905695,
    "XZZYIIYXII": 0.0117632675905695,
    "YZZXIIIIXY": 0.0117632675905695,
    "IXYIIIIIYX": -0.0117632675905695,
    "YZZYIIIIXX": -0.0117632675905695,
    "XZZYIIIIYX": 0.0117632675905695,
    "IYXIXYIIII": -0.0117632675905695,
    "IYYIYYIIII": -0.0117632675905695,
    "IXXIXXIIII": -0.0117632675905695,
    "IXYIYXIIII": -0.0117632675905695,
    "IYYIIIYYII": -0.0117632675905695,
    "IXYIIIYXII": -0.0117632675905695,
    "IYXIIIIIXY": -0.0117632675905695,
    "IYYIIIIIYY": -0.0117632675905695,
    "XZZXIIIIYY": -0.0117632675905695,
    "IXXIIIXXII": -0.0117632675905695,
    "XYIIIIYXII": 0.008610892589115614,
    "YXIIIIIIXY": 0.008610892589115614,
    "XXIIIIYYII": -0.008610892589115614,
    "YYIIIIIIXX": -0.008610892589115614,
    "XXIIIIIIYY": -0.008610892589115614,
    "XYIIIIIIYX": 0.008610892589115614,
    "YYIIIIXXII": -0.008610892589115614,
    "YXIIIIXYII": 0.008610892589115614,
    "YXIIXYIIII": 0.008610892589115614,
    "YYIIXXIIII": -0.008610892589115614,
    "XYIIYXIIII": 0.008610892589115614,
    "XXIIYYIIII": -0.008610892589115614,
    "IXIXIIIIII": 0.007141319884702053,
    "IYIYIIIIII": 0.007141319884702053,
    "YZYZIIIIII": 0.007141319884702053,
    "XZXZIIIIII": 0.007141319884702053,
    "IYZYIIIIZI": 0.00452605842959898,
    "XZXIIZIIII": 0.00452605842959898,
    "IXZXIIIIZI": 0.00452605842959898,
    "YZYIIIIZII": 0.00452605842959898,
    "XZXIIIIZII": 0.00452605842959898,
    "YZYIIIIIIZ": 0.00452605842959898,
    "XZXIIIIIIZ": 0.00452605842959898,
    "IYZYZIIIII": 0.00452605842959898,
    "IXZXZIIIII": 0.00452605842959898,
    "IXZXIIZIII": 0.00452605842959898,
    "YZYIIZIIII": 0.00452605842959898,
    "IYZYIIZIII": 0.00452605842959898
  },
  "data": {
    "molecule_id": "Ne_singlet_Kh",
    "qubit_encoding": "JW",
    "unit": "Angstrom",
    "basis": "sto-3g",
    "charge": 0,
    "multiplicity": 1,
    "spin": 0,
    "geometry": "Ne 0.0000000000 0.0000000000 0.0000000000",
    "n_qubits": 10,
    "n_particles": {
      "total": 10,
      "alpha": 5,
      "beta": 5
    },
    "hf_array": [
      1,
      1,
      1,
      1,
      1,
      1,
      1,
      1,
      1,
      1
    ],
    "hf_method": "pyscf.scf.hf_symm.SymAdaptedRHF",
    "convergence_threshold": 1e-06,
    "point_group": {
      "groupname": "SO3",
      "topgroup": "SO3"
    },
    "alpha": 1.0,
    "calculated_properties": {
      "HF": {
        "energy": -126.60452499680486,
        "converged": true
      },
      "MP2": {
        "energy": -126.60452499680486,
        "converged": null
      },
      "CISD": {
        "energy": -126.60452499680486,
        "converged": true
      },
      "CCSD": {
        "energy": -126.60452499680486,
        "converged": true,
        "t1_diagnostic": 0.0
      },
      "FCI": {
        "energy": -126.60452499680484,
        "converged": true,
        "spin_matches_target": true,
        "multiplicity": 1.0,
        "oscillatory_converged": false,
        "oscillation_energy_change": null
      }
    },
    "auxiliary_operators": {
      "number_operator": {
        "IIIIIIIIII": 5.0,
        "ZIIIIIIIII": -0.5,
        "IZIIIIIIII": -0.5,
        "IIZIIIIIII": -0.5,
        "IIIZIIIIII": -0.5,
        "IIIIZIIIII": -0.5,
        "IIIIIZIIII": -0.5,
        "IIIIIIZIII": -0.5,
        "IIIIIIIZII": -0.5,
        "IIIIIIIIZI": -0.5,
        "IIIIIIIIIZ": -0.5
      },
      "N_alpha": {
        "IIIIIIIIII": 2.5,
        "ZIIIIIIIII": -0.5,
        "IIZIIIIIII": -0.5,
        "IIIIZIIIII": -0.5,
        "IIIIIIZIII": -0.5,
        "IIIIIIIIZI": -0.5
      },