{
    "hamiltonian": {
        "IIIIIIII": 0.8969616829243983,
        "IIIIIIZI": -0.717801836683545,
        "IIIIIIIZ": -0.7178018366835448,
        "IZIIIIII": 0.24432496185012337,
        "ZIIIIIII": 0.24432496185012306,
        "IIIIZIII": -0.19723837743825418,
        "IIIIIZII": -0.19723837743825393,
        "IIIIIIZZ": 0.18146640076978393,
        "ZIIIIIIZ": 0.15633082468354964,
        "IZIIIIZI": 0.15633082468354964,
        "IIIIIZZI": 0.14633957579700263,
        "IIIIZIIZ": 0.14633957579700263,
        "ZZIIIIII": 0.14555852946914433,
        "IIZIIIIZ": 0.13836161392570198,
        "IIIZIIZI": 0.13836161392570198,
        "IIIIZZII": 0.13800017583515803,
        "ZIIIIIZI": 0.13316396151662738,
        "IZIIIIIZ": 0.13316396151662738,
        "ZIIIIZII": 0.13267477594283714,
        "IZIIZIII": 0.13267477594283714,
        "IIZZIIII": 0.1318887051809599,
        "IIZIIZII": 0.13051911476881956,
        "IIIZZIII": 0.13051911476881956,
        "ZIIZIIII": 0.12734128827570573,
        "IZZIIIII": 0.12734128827570573,
        "IIIZIIIZ": 0.1132395766639172,
        "IIZIIIZI": 0.1132395766639172,
        "IIIIZIZI": 0.10725583477994985,
        "IIIIIZIZ": 0.10725583477994985,
        "IZIIIZII": 0.10590971532796681,
        "ZIIIZIII": 0.10590971532796681,
        "IIZIZIII": 0.09556925410671124,
        "IIIZIZII": 0.09556925410671124,
        "ZIZIIIII": 0.08883114368060556,
        "IZIZIIII": 0.08883114368060556,
        "IIZIIIII": 0.0861702880839877,
        "IIIZIIII": 0.08617028808398766,
        "IIIIYYXX": -0.03908374101705275,
        "IIIIXYYX": 0.03908374101705275,
        "IIIIXXYY": -0.03908374101705275,
        "IIIIYXXY": 0.03908374101705275,
        "YYXXIIII": -0.03851014459510016,
        "XXYYIIII": -0.03851014459510016,
        "XYYXIIII": 0.03851014459510016,
        "YXXYIIII": 0.03851014459510016,
        "IXZXXZXI": -0.0356155665225922,
        "YZYIIXZX": -0.0356155665225922,
        "IXZXYZYI": -0.0356155665225922,
        "IYZYXZXI": -0.0356155665225922,
        "IYZYYZYI": -0.0356155665225922,
        "XZXIIXZX": -0.0356155665225922,
        "YZYIIYZY": -0.0356155665225922,
        "XZXIIYZY": -0.0356155665225922,
        "IIXYYXII": 0.03494986066210832,
        "IIXXYYII": -0.03494986066210832,
        "IIYYXXII": -0.03494986066210832,
        "IIYXXYII": 0.03494986066210832,
        "IIIXZIZX": -0.03218386615489292,
        "IIXZIZXI": -0.03218386615489292,
        "IIYZIZYI": -0.03218386615489292,
        "IIIYZIZY": -0.03218386615489292,
        "IIIXZZIX": -0.03008046831739502,
        "IIYZZZYZ": -0.03008046831739502,
        "IIXZZZXZ": -0.03008046831739502,
        "IIIYZZIY": -0.03008046831739502,
        "YZZZYIIZ": 0.027124509064627905,
        "XZZZXIIZ": 0.027124509064627905,
        "IXZZZXZI": 0.027124509064627905,
        "IYZZZYZI": 0.027124509064627905,
        "XZXIXZXI": -0.026791425538434225,
        "YZYIYZYI": -0.026791425538434225,
        "IXZXIXZX": -0.026791425538434225,
        "IYZYIYZY": -0.026791425538434225,
        "XYIIYXII": 0.026765060614870325,
        "YYIIXXII": -0.026765060614870325,
        "XXIIYYII": -0.026765060614870325,
        "YXIIXYII": 0.026765060614870325,
        "IXYYXIII": 0.026721636264560197,
        "IXXYYIII": -0.026721636264560197,
        "IYXXYIII": 0.026721636264560197,
        "IYYXXIII": -0.026721636264560197,
        "XZXYZYII": 0.026721636264560193,
        "XZXXZXII": 0.026721636264560193,
        "YZYXZXII": 0.026721636264560193,
        "YZYYZYII": 0.026721636264560193,
        "XZIZXIII": 0.026649117695299703,
        "YZIZYIII": 0.026649117695299703,
        "IXZIZXII": 0.026649117695299703,
        "IYZIZYII": 0.026649117695299703,
        "IIIXYYXI": -0.02593316376501873,
        "IIIXXYYI": 0.02593316376501873,
        "IIXZXXZX": -0.02593316376501873,
        "IIIYYXXI": 0.02593316376501873,
        "IIXZXYZY": -0.02593316376501873,
        "IIYZYXZX": -0.02593316376501873,
        "IIYZYYZY": -0.02593316376501873,
        "IIIYXXYI": -0.02593316376501873,
        "IIIYZZZY": 0.025485091080292864,
        "IIIXZZZX": 0.025485091080292864,
        "IIYZZZYI": 0.025485091080292847,
        "IIXZZZXI": 0.025485091080292847,
        "IZXZZZXI": -0.025145974331262824,
        "IZYZZZYI": -0.025145974331262824,
        "ZIIYZZZY": -0.025145974331262824,
        "ZIIXZZZX": -0.025145974331262824,
        "IIXYIIYX": 0.02512203726178477,
        "IIXXIIYY": -0.02512203726178477,
        "IIYYIIXX": -0.02512203726178477,
        "IIYXIIXY": 0.02512203726178477,
        "ZXZZZXII": 0.024169151284098266,
        "ZYZZZYII": 0.024169151284098266,
        "XIZZXIII": 0.024169151284098266,
        "YIZZYIII": 0.024169151284098266,
        "XYIIIIYX": 0.023166863166922243,
        "XXIIIIYY": -0.023166863166922243,
        "YYIIIIXX": -0.023166863166922243,
        "YXIIIIXY": 0.023166863166922243,
        "IYXIIXYI": -0.023048145163145805,
        "YZZYXZZX": 0.023048145163145805,
        "XZZXYZZY": 0.023048145163145805,
        "XZZYYZZX": -0.023048145163145805,
        "IXYIIYXI": -0.023048145163145805,
        "IXXIIYYI": 0.023048145163145805,
        "IYYIIXXI": 0.023048145163145805,
        "YZZXXZZY": -0.023048145163145805,
        "XZZZXIZI": 0.015032158344879008,
        "IYZZZYIZ": 0.015032158344879008,
        "YZZZYIZI": 0.015032158344879008,
        "IXZZZXIZ": 0.015032158344879008,
        "IXZYIYZX": -0.014224004178987823,
        "YZXIXZYI": -0.014224004178987823,
        "IYZXIXZY": -0.014224004178987823,
        "XZYIYZXI": -0.014224004178987823,
        "ZIYZZZYI": -0.012771951089731753,
        "IZIYZZZY": -0.012771951089731753,
        "IZIXZZZX": -0.012771951089731753,
        "ZIXZZZXI": -0.012771951089731753,
        "YZYIXZXI": -0.012567421359446398,
        "XZXIYZYI": -0.012567421359446398,
        "IYZYIXZX": -0.012567421359446398,
        "IXZXIYZY": -0.012567421359446398,
        "YXXZZZZY": 0.012374023241531073,
        "YYIYZZYI": -0.012374023241531073,
        "XXIXZZXI": -0.012374023241531073,
        "XYIYZZXI": -0.012374023241531073,
        "YYXZZZZX": -0.012374023241531073,
        "YXIXZZYI": -0.012374023241531073,
        "XYYZZZZX": 0.012374023241531073,
        "XXYZZZZY": -0.012374023241531073,
        "XZZZZXYY": 0.012092350719748901,
        "XZZZZYYX": -0.012092350719748901,
        "YZZZZXXY": -0.012092350719748901,
        "YZZZZYXX": 0.012092350719748901,
        "IYZZYIYY": 0.0120923507197489,
        "IXZZXIXX": 0.0120923507197489,
        "IXZZYIYX": 0.0120923507197489,
        "IYZZXIXY": 0.0120923507197489,
        "IYYIYZZY": 0.008824140984157977,
        "IXYIYZZX": 0.008824140984157977,
        "IXXIXZZX": 0.008824140984157977,
        "YZZXIXYI": 0.008824140984157977,
        "IYXIXZZY": 0.008824140984157977,
        "YZZYIYYI": 0.008824140984157977,
        "XZZXIXXI": 0.008824140984157977,
        "XZZYIYXI": 0.008824140984157977,
        "XZZZXZII": 0.007410962976572522,
        "YZZZYZII": 0.007410962976572522,
        "IYZZIYII": 0.007410962976572521,
        "IXZZIXII": 0.007410962976572521,
        "IIXZZIXI": -0.006250702389874187,
        "IIIXIZZX": -0.006250702389874187,
        "IIIYIZZY": -0.006250702389874187,
        "IIYZZIYI": -0.006250702389874187,
        "IIXIZZXI": -0.005109684674675196,
        "IIYIZZYI": -0.005109684674675196,
        "IIZYZZZY": -0.005109684674675195,
        "IIZXZZZX": -0.005109684674675195,
        "IYZZZYII": 0.0011759295113041774,
        "IXZZZXII": 0.0011759295113041774,
        "YZZZYIII": 0.00117592951130417,
        "XZZZXIII": 0.00117592951130417,
        "YZZIYIII": -7.251856926049157e-05,
        "IYIZZYII": -7.251856926049157e-05,
        "IXIZZXII": -7.251856926049157e-05,
        "XZZIXIII": -7.251856926049157e-05
    },
    "data": {
        "molecule_id": "H4_singlet_Dooh",
        "qubit_encoding": "JW",
        "unit": "Angstrom",
        "basis": "sto-3g",
        "charge": 0,
        "multiplicity": 1,
        "spin": 0,