{
    "hamiltonian": {
        "IIIIIIII": -0.9209431016975825,
        "IZIIIIII": 0.11933969601928016,
        "ZIIIIIII": 0.11933969601927996,
        "IIIIIIZZ": 0.1128093856291787,
        "ZIIIIIIZ": 0.10533488411349383,
        "IZIIIIZI": 0.10533488411349383,
        "ZZIIIIII": 0.10125767687662351,
        "IIIIIIZI": -0.10062351483214858,
        "IIIIIIIZ": -0.10062351483214851,
        "IIIIZZII": 0.09690710761570448,
        "IIIIIZZI": 0.09626317355906013,
        "IIIIZIIZ": 0.09626317355906013,
        "IIZIIIIZ": 0.09428143005502057,
        "IIIZIIZI": 0.09428143005502057,
        "IIZIIZII": 0.094109678059388,
        "IIIZZIII": 0.094109678059388,
        "IIZZIIII": 0.09406511971397565,
        "ZIIIIZII": 0.09114563331515935,
        "IZIIZIII": 0.09114563331515935,
        "IZZIIIII": 0.08996945130224063,
        "ZIIZIIII": 0.08996945130224063,
        "ZIIIIIZI": 0.07784530115714378,
        "IZIIIIIZ": 0.07784530115714378,
        "IIIZIIII": 0.07128039708590125,
        "IIZIIIII": 0.07128039708590117,
        "IIIZIIIZ": 0.06483219160654038,
        "IIZIIIZI": 0.06483219160654038,
        "ZIIIZIII": 0.062365869553365136,
        "IZIIIZII": 0.062365869553365136,
        "IIIZIZII": 0.05893281321745023,
        "IIZIZIII": 0.05893281321745023,
        "IIIIIZIZ": 0.0539148561913111,
        "IIIIZIZI": 0.0539148561913111,
        "ZIZIIIII": 0.05022257640433769,
        "IZIZIIII": 0.05022257640433769,
        "IIIIYXXY": 0.042348317367749015,
        "IIIIXXYY": -0.042348317367749015,
        "IIIIYYXX": -0.042348317367749015,
        "IIIIXYYX": 0.042348317367749015,
        "IXZXXZXI": -0.04000617657988056,
        "IYZYXZXI": -0.04000617657988056,
        "IYZYYZYI": -0.04000617657988056,
        "IXZXYZYI": -0.04000617657988056,
        "YZYIIYZY": -0.04000617657988056,
        "XZXIIXZX": -0.04000617657988056,
        "YZYIIXZX": -0.04000617657988056,
        "XZXIIYZY": -0.04000617657988056,
        "XXYYIIII": -0.03974687489790294,
        "XYYXIIII": 0.03974687489790294,
        "YXXYIIII": 0.03974687489790294,
        "YYXXIIII": -0.03974687489790294,
        "IIXYYXII": 0.035176864841937765,
        "IIXXYYII": -0.035176864841937765,
        "IIYYXXII": -0.035176864841937765,
        "IIYXXYII": 0.035176864841937765,
        "IIYYIIXX": -0.02944923844848018,
        "IIXXIIYY": -0.02944923844848018,
        "IIYXIIXY": 0.02944923844848018,
        "IIXYIIYX": 0.02944923844848018,
        "YXIIXYII": 0.02877976376179422,
        "YYIIXXII": -0.02877976376179422,
        "XYIIYXII": 0.02877976376179422,
        "XXIIYYII": -0.02877976376179422,
        "XZZYYZZX": -0.028392874735866377,
        "IYYIIXXI": 0.028392874735866377,
        "IYXIIXYI": -0.028392874735866377,
        "IXXIIYYI": 0.028392874735866377,
        "IXYIIYXI": -0.028392874735866377,
        "YZZXXZZY": -0.028392874735866377,
        "YZZYXZZX": 0.028392874735866377,
        "XZZXYZZY": 0.028392874735866377,
        "XYIIIIYX": 0.027489582956350064,
        "XXIIIIYY": -0.027489582956350064,
        "YXIIIIXY": 0.027489582956350064,
        "YYIIIIXX": -0.027489582956350064,
        "IIYZYYZY": -0.021747401290343936,
        "IIXZXYZY": -0.021747401290343936,
        "IIXZXXZX": -0.021747401290343936,
        "IIIYXXYI": -0.021747401290343936,
        "IIIYYXXI": 0.021747401290343936,
        "IIIXXYYI": 0.021747401290343936,
        "IIIXYYXI": -0.021747401290343936,
        "IIYZYXZX": -0.021747401290343936,
        "IXXYYIII": -0.020808798969586793,
        "IYXXYIII": 0.020808798969586793,
        "IXYYXIII": 0.020808798969586793,
        "IYYXXIII": -0.020808798969586793,
        "XZXYZYII": 0.020808798969586793,
        "YZYYZYII": 0.020808798969586793,
        "YZYXZXII": 0.020808798969586793,
        "XZXXZXII": 0.020808798969586793,
        "XZZYIYXI": 0.020019392559193314,
        "XZZXIXXI": 0.020019392559193314,
        "YZZYIYYI": 0.020019392559193314,
        "YZZXIXYI": 0.020019392559193314,
        "IYXIXZZY": 0.020019392559193314,
        "IYYIYZZY": 0.020019392559193314,
        "IXXIXZZX": 0.020019392559193314,
        "IXYIYZZX": 0.020019392559193314,
        "IYZYIYZY": -0.019986784020687244,
        "YZYIYZYI": -0.019986784020687244,
        "XZXIXZXI": -0.019986784020687244,
        "IXZXIXZX": -0.019986784020687244,
        "IIYZZZYZ": -0.018654336748955655,
        "IIXZZZXZ": -0.018654336748955655,
        "IIIXZZIX": -0.018654336748955655,
        "IIIYZZIY": -0.018654336748955655,
        "IIYZIZYI": -0.018446973326458962,
        "IIXZIZXI": -0.018446973326458962,
        "IIIXZIZX": -0.018446973326458962,
        "IIIYZIZY": -0.018446973326458962,
        "IYZZZYZI": 0.01748551012430135,
        "IXZZZXZI": 0.01748551012430135,
        "YZZZYIIZ": 0.01748551012430135,
        "XZZZXIIZ": 0.01748551012430135,
        "ZIIYZZZY": -0.017463061658601692,
        "ZIIXZZZX": -0.017463061658601692,
        "IZYZZZYI": -0.017463061658601692,
        "IZXZZZXI": -0.017463061658601692,
        "YIZZYIII": 0.01684357089617839,
        "XIZZXIII": 0.01684357089617839,
        "ZYZZZYII": 0.016843570896178387,
        "ZXZZZXII": 0.016843570896178387,
        "IXZIZXII": 0.016788762618293415,
        "YZIZYIII": 0.016788762618293415,
        "IYZIZYII": 0.016788762618293415,
        "XZIZXIII": 0.016788762618293415,
        "XZXIYZYI": -0.011613301844014186,
        "YZYIXZXI": -0.011613301844014186,
        "IXZXIYZY": -0.011613301844014186,
        "IYZYIXZX": -0.011613301844014186,
        "IIYZZZYI": 0.010558290677597944,
        "IIXZZZXI": 0.010558290677597944,
        "IIIYZZZY": 0.010558290677597932,
        "IIIXZZZX": 0.010558290677597932,
        "YYXZZZZX": -0.009065635934300981,
        "YXIXZZYI": -0.009065635934300981,
        "YYIYZZYI": -0.009065635934300981,
        "XXYZZZZY": -0.009065635934300981,
        "XYYZZZZX": 0.009065635934300981,
        "YXXZZZZY": 0.009065635934300981,
        "XXIXZZXI": -0.009065635934300981,
        "XYIYZZXI": -0.009065635934300981,
        "IXZZYIYX": 0.008884621027015337,
        "IXZZXIXX": 0.008884621027015337,
        "IYZZYIYY": 0.008884621027015337,
        "IYZZXIXY": 0.008884621027015337,
        "XZZZZYYX": -0.008884621027015337,
        "XZZZZXYY": 0.008884621027015337,
        "YZZZZYXX": 0.008884621027015337,
        "YZZZZXXY": -0.008884621027015337,
        "IXZZZXIZ": 0.008600889097286015,
        "IYZZZYIZ": 0.008600889097286015,
        "XZZZXIZI": 0.008600889097286015,
        "YZZZYIZI": 0.008600889097286015,
        "IZIYZZZY": -0.008397425724300715,
        "ZIYZZZYI": -0.008397425724300715,
        "ZIXZZZXI": -0.008397425724300715,
        "IZIXZZZX": -0.008397425724300715,
        "XZYIYZXI": -0.008373482176673061,
        "IYZXIXZY": -0.008373482176673061,
        "IXZYIYZX": -0.008373482176673061,
        "YZXIXZYI": -0.008373482176673061,
        "IIIIIZII": -0.006895448436493121,
        "IIIIZIII": -0.006895448436493118,
        "IXZZZXII": 0.006504052256804337,
        "IYZZZYII": 0.006504052256804337,
        "YZZZYIII": 0.006504052256804323,
        "XZZZXIII": 0.006504052256804323,
        "IYIZZYII": -0.0040200363512933775,
        "IXIZZXII": -0.0040200363512933775,
        "YZZIYIII": -0.0040200363512933775,
        "XZZIXIII": -0.0040200363512933775,
        "IIIYIZZY": 0.003300427963884974,
        "IIXZZIXI": 0.003300427963884974,
        "IIYZZIYI": 0.003300427963884974,
        "IIIXIZZX": 0.003300427963884974,
        "XZZZXZII": -0.0029746224152098323,
        "IXZZIXII": -0.0029746224152098323,
        "IYZZIYII": -0.0029746224152098323,
        "YZZZYZII": -0.0029746224152098323,
        "IIXIZZXI": 0.0026139929670742556,
        "IIZYZZZY": 0.0026139929670742556,
        "IIZXZZZX": 0.0026139929670742556,
        "IIYIZZYI": 0.0026139929670742556
    },
    "data": {
        "molecule_id": "H4_singlet_Dooh",
        "qubit_encoding": "JW",
        "unit": "Angstrom",
        "basis": "sto-3g",
        "charge": 0,