{
    "hamiltonian": {
        "IIIIIIII": 3.1479255511891036,
        "IIIIIIIZ": -1.3725056455462403,
        "IIIIIIZI": -1.3725056455462403,
        "IIIIZIII": -0.38005979717770794,
        "IIIIIZII": -0.3800597971777078,
        "ZIIIIIII": 0.3077993325500106,
        "IZIIIIII": 0.30779933255001046,
        "IIIIIIZZ": 0.23068991393567823,
        "ZIIIIIIZ": 0.18442345397525542,
        "IZIIIIZI": 0.18442345397525542,
        "IIIIIZZI": 0.17630048182202623,
        "IIIIZIIZ": 0.17630048182202623,
        "ZZIIIIII": 0.16502587838460672,
        "IIIZIIZI": 0.16121621291799126,
        "IIZIIIIZ": 0.16121621291799126,
        "IZIIIIIZ": 0.16121618781020672,
        "ZIIIIIZI": 0.16121618781020672,
        "IIIIZZII": 0.1599614973261887,
        "IZIIZIII": 0.153186777376642,
        "ZIIIIZII": 0.153186777376642,
        "IIIZZIII": 0.14879209548356315,
        "IIZIIZII": 0.14879209548356315,
        "IIZZIIII": 0.14878395662476207,
        "IZZIIIII": 0.14409793167534274,
        "ZIIZIIII": 0.14409793167534274,
        "IIIIIZIZ": 0.13800521815453193,
        "IIIIZIZI": 0.13800521815453193,
        "IIIZIIIZ": 0.13646332692925855,
        "IIZIIIZI": 0.13646332692925855,
        "ZIIIZIII": 0.12598113334107397,
        "IZIIIZII": 0.12598113334107397,
        "IIIZIZII": 0.11280282309351514,
        "IIZIZIII": 0.11280282309351514,
        "IZIZIIII": 0.1073666102622329,
        "ZIZIIIII": 0.1073666102622329,
        "IIZIIIII": 0.06182170592212853,
        "IIIZIIII": 0.061821705922128316,
        "IIIXZZIX": -0.04048360377511068,
        "IIIYZZIY": -0.04048360377511068,
        "IIXZZZXZ": -0.04048360377511067,
        "IIYZZZYZ": -0.04048360377511067,
        "IIIIXYYX": 0.038295263667494285,
        "IIIIYXXY": 0.038295263667494285,
        "IIIIYYXX": -0.038295263667494285,
        "IIIIXXYY": -0.038295263667494285,
        "IIYZIZYI": -0.03802618608071792,
        "IIXZIZXI": -0.03802618608071792,
        "IIIYZIZY": -0.03802618608071792,
        "IIIXZIZX": -0.03802618608071792,
        "IYZZZYZI": 0.037113399819795806,
        "XZZZXIIZ": 0.037113399819795806,
        "YZZZYIIZ": 0.037113399819795806,
        "IXZZZXZI": 0.037113399819795806,
        "IIIYZZZY": 0.03705019977534553,
        "IIXZZZXI": 0.03705019977534553,
        "IIIXZZZX": 0.03705019977534553,
        "IIYZZZYI": 0.03705019977534553,
        "YYXXIIII": -0.0367313214131098,
        "YXXYIIII": 0.0367313214131098,
        "XYYXIIII": 0.0367313214131098,
        "XXYYIIII": -0.0367313214131098,
        "IIYXXYII": 0.03598927239004801,
        "IIYYXXII": -0.03598927239004801,
        "IIXXYYII": -0.03598927239004801,
        "IIXYYXII": 0.03598927239004801,
        "XZXIIYZY": -0.033630245862082145,
        "XZXIIXZX": -0.033630245862082145,
        "IYZYXZXI": -0.033630245862082145,
        "YZYIIYZY": -0.033630245862082145,
        "IXZXYZYI": -0.033630245862082145,
        "IXZXXZXI": -0.033630245862082145,
        "IYZYYZYI": -0.033630245862082145,
        "YZYIIXZX": -0.033630245862082145,
        "IYZIZYII": 0.030861086370774563,
        "XZIZXIII": 0.030861086370774563,
        "YZIZYIII": 0.030861086370774563,
        "IXZIZXII": 0.030861086370774563,
        "IZXZZZXI": -0.02915819899522394,
        "IZYZZZYI": -0.02915819899522394,
        "ZIIXZZZX": -0.02915819899522394,
        "ZIIYZZZY": -0.02915819899522394,
        "YIZZYIII": 0.028543799656585527,
        "ZYZZZYII": 0.028543799656585527,
        "ZXZZZXII": 0.028543799656585527,
        "XIZZXIII": 0.028543799656585527,
        "XZXIXZXI": -0.027896671289822345,
        "IXZXIXZX": -0.027896671289822345,
        "YZYIYZYI": -0.027896671289822345,
        "IYZYIYZY": -0.027896671289822345,
        "IXXYYIII": -0.027741677488156116,
        "IXYYXIII": 0.027741677488156116,
        "IYYXXIII": -0.027741677488156116,
        "IYXXYIII": 0.027741677488156116,
        "XZXYZYII": 0.027741677488156112,
        "XZXXZXII": 0.027741677488156112,
        "YZYXZXII": 0.027741677488156112,
        "YZYYZYII": 0.027741677488156112,
        "YXIIXYII": 0.02720564403556802,
        "YYIIXXII": -0.02720564403556802,
        "XXIIYYII": -0.02720564403556802,
        "XYIIYXII": 0.02720564403556802,
        "IIIXYYXI": -0.025645673992045336,
        "IIXZXXZX": -0.025645673992045336,
        "IIYZYXZX": -0.025645673992045336,
        "IIYZYYZY": -0.025645673992045336,
        "IIIYXXYI": -0.025645673992045336,
        "IIIYYXXI": 0.025645673992045336,
        "IIIXXYYI": 0.025645673992045336,
        "IIXZXYZY": -0.025645673992045336,
        "IIYXIIXY": 0.02475288598873273,
        "IIYYIIXX": -0.02475288598873273,
        "IIXXIIYY": -0.02475288598873273,
        "IIXYIIYX": 0.02475288598873273,
        "XXIIIIYY": -0.023207266165048677,
        "XYIIIIYX": 0.023207266165048677,
        "YXIIIIXY": 0.023207266165048677,
        "YYIIIIXX": -0.023207266165048677,
        "YZZYXZZX": 0.022592734968979816,
        "YZZXXZZY": -0.022592734968979816,
        "XZZXYZZY": 0.022592734968979816,
        "IYXIIXYI": -0.022592734968979816,
        "XZZYYZZX": -0.022592734968979816,
        "IYYIIXXI": 0.022592734968979816,
        "IXXIIYYI": 0.022592734968979816,
        "IXYIIYXI": -0.022592734968979816,
        "XZZZXIZI": 0.022058143247977842,
        "YZZZYIZI": 0.022058143247977842,
        "IYZZZYIZ": 0.022058143247977842,
        "IXZZZXIZ": 0.022058143247977842,
        "YZXIXZYI": -0.01685916039672002,
        "IXZYIYZX": -0.01685916039672002,
        "IYZXIXZY": -0.01685916039672002,
        "XZYIYZXI": -0.01685916039672002,
        "IZIXZZZX": -0.015676544380215863,
        "ZIYZZZYI": -0.015676544380215863,
        "ZIXZZZXI": -0.015676544380215863,
        "IZIYZZZY": -0.015676544380215863,
        "YZZZZYXX": 0.01505525657181796,
        "YZZZZXXY": -0.01505525657181796,
        "IXZZYIYX": 0.01505525657181796,
        "XZZZZXYY": 0.01505525657181796,
        "XZZZZYYX": -0.01505525657181796,
        "IXZZXIXX": 0.01505525657181796,
        "IYZZYIYY": 0.01505525657181796,
        "IYZZXIXY": 0.01505525657181796,
        "XZZZXZII": 0.013741917400764166,
        "YZZZYZII": 0.013741917400764166,
        "IXZZIXII": 0.013741917400764164,
        "IYZZIYII": 0.013741917400764164,
        "XYYZZZZX": 0.01348165461500808,
        "XXYZZZZY": -0.01348165461500808,
        "YYXZZZZX": -0.01348165461500808,
        "YXXZZZZY": 0.01348165461500808,
        "YXIXZZYI": -0.01348165461500808,
        "YYIYZZYI": -0.01348165461500808,
        "XYIYZZXI": -0.01348165461500808,
        "XXIXZZXI": -0.01348165461500808,
        "IIYZZIYI": -0.012380512088672581,
        "IIXZZIXI": -0.012380512088672581,
        "IIIXIZZX": -0.012380512088672581,
        "IIIYIZZY": -0.012380512088672581,
        "IXZXIYZY": -0.011037510893102329,
        "YZYIXZXI": -0.011037510893102329,
        "XZXIYZYI": -0.011037510893102329,
        "IYZYIXZX": -0.011037510893102329,
        "YZZZYIII": -0.01039213739854071,
        "XZZZXIII": -0.01039213739854071,
        "IYZZZYII": -0.010392137398540696,
        "IXZZZXII": -0.010392137398540696,
        "IIXIZZXI": -0.009002470727296565,
        "IIZYZZZY": -0.009002470727296565,
        "IIYIZZYI": -0.009002470727296565,
        "IIZXZZZX": -0.009002470727296565,
        "YZZXIXYI": 0.005733574572259796,
        "YZZYIYYI": 0.005733574572259796,
        "XZZXIXXI": 0.005733574572259796,
        "XZZYIYXI": 0.005733574572259796,
        "IXYIYZZX": 0.005733574572259796,
        "IXXIXZZX": 0.005733574572259796,
        "IYXIXZZY": 0.005733574572259796,
        "IYYIYZZY": 0.005733574572259796,
        "IXIZZXII": 0.0031194088826184503,
        "IYIZZYII": 0.0031194088826184503,
        "XZZIXIII": 0.0031194088826184503,
        "YZZIYIII": 0.0031194088826184503
    },
    "data": {
        "molecule_id": "H4_singlet_Dooh",
        "qubit_encoding": "JW",
        "unit": "Angstrom",
        "basis": "sto-3g",
        "charge": 0,
        "multiplicity": 1,
        "spin": 0,