{
    "hamiltonian": {
        "IIIIIIII": -1.0554306820800692,
        "IIIIIIZZ": 0.09450743294521093,
        "IZIIIIZI": 0.09049006775475321,
        "ZIIIIIIZ": 0.09049006775475321,
        "ZZIIIIII": 0.08762288453334023,
        "IIIIZZII": 0.08535222052172563,
        "IIZIIZII": 0.08375040480804508,
        "IIIZZIII": 0.08375040480804508,
        "IIIIIZZI": 0.08367415457373856,
        "IIIIZIIZ": 0.08367415457373856,
        "IIZZIIII": 0.08308618099010337,
        "IIZIIIIZ": 0.08260255955105927,
        "IIIZIIZI": 0.08260255955105927,
        "IZIIIIII": 0.08162014495064115,
        "ZIIIIIII": 0.08162014495064115,
        "ZIIIIZII": 0.08053479345870108,
        "IZIIZIII": 0.08053479345870108,
        "ZIIZIIII": 0.07977513981664201,
        "IZZIIIII": 0.07977513981664201,
        "ZIIIIIZI": 0.0596521247193096,
        "IZIIIIIZ": 0.0596521247193096,
        "IIIZIIII": 0.05634098998740078,
        "IIZIIIII": 0.056340989987400704,
        "IIZIIIZI": 0.049609913287679115,
        "IIIZIIIZ": 0.049609913287679115,
        "ZIIIZIII": 0.048591016654982215,
        "IZIIIZII": 0.048591016654982215,
        "IIZIZIII": 0.04734975958218671,
        "IIIZIZII": 0.04734975958218671,
        "IIIIXYYX": 0.04370727301253351,
        "IIIIYXXY": 0.04370727301253351,
        "IIIIXXYY": -0.04370727301253351,
        "IIIIYYXX": -0.04370727301253351,
        "IXZXXZXI": -0.04207964627590298,
        "IXZXYZYI": -0.04207964627590298,
        "IYZYXZXI": -0.04207964627590298,
        "XZXIIYZY": -0.04207964627590298,
        "YZYIIYZY": -0.04207964627590298,
        "YZYIIXZX": -0.04207964627590298,
        "XZXIIXZX": -0.04207964627590298,
        "IYZYYZYI": -0.04207964627590298,
        "XXYYIIII": -0.04115883774052324,
        "YYXXIIII": -0.04115883774052324,
        "YXXYIIII": 0.04115883774052324,
        "XYYXIIII": 0.04115883774052324,
        "IIIIIZIZ": 0.03996688156120505,
        "IIIIZIZI": 0.03996688156120505,
        "IZIZIIII": 0.03861630207611878,
        "ZIZIIIII": 0.03861630207611878,
        "IIXXYYII": -0.03640064522585836,
        "IIYXXYII": 0.03640064522585836,
        "IIXYYXII": 0.03640064522585836,
        "IIYYXXII": -0.03640064522585836,
        "IIXXIIYY": -0.03299264626338016,
        "IIYYIIXX": -0.03299264626338016,
        "IIXYIIYX": 0.03299264626338016,
        "IIYXIIXY": 0.03299264626338016,
        "IYXIIXYI": -0.03225429001300549,
        "IYYIIXXI": 0.03225429001300549,
        "IXXIIYYI": 0.03225429001300549,
        "IXYIIYXI": -0.03225429001300549,
        "XZZYYZZX": -0.03225429001300549,
        "XZZXYZZY": 0.03225429001300549,
        "YZZXXZZY": -0.03225429001300549,
        "YZZYXZZX": 0.03225429001300549,
        "YXIIXYII": 0.031943776803718855,
        "YYIIXXII": -0.031943776803718855,
        "XYIIYXII": 0.031943776803718855,
        "XXIIYYII": -0.031943776803718855,
        "YXIIIIXY": 0.030837943035443623,
        "XYIIIIYX": 0.030837943035443623,
        "YYIIIIXX": -0.030837943035443623,
        "XXIIIIYY": -0.030837943035443623,
        "XZZXIXXI": 0.02598570807382556,
        "YZZYIYYI": 0.02598570807382556,
        "YZZXIXYI": 0.02598570807382556,
        "IYXIXZZY": 0.02598570807382556,
        "IYYIYZZY": 0.02598570807382556,
        "IXXIXZZX": 0.02598570807382556,
        "IXYIYZZX": 0.02598570807382556,
        "XZZYIYXI": 0.02598570807382556,
        "IIIIZIII": 0.0200779490554112,
        "IIIIIZII": 0.02007794905541112,
        "IIIXYYXI": -0.01819796669033345,
        "IIXZXYZY": -0.01819796669033345,
        "IIYZYXZX": -0.01819796669033345,
        "IIXZXXZX": -0.01819796669033345,
        "IIIXXYYI": 0.01819796669033345,
        "IIIYYXXI": 0.01819796669033345,
        "IIIYXXYI": -0.01819796669033345,
        "IIYZYYZY": -0.01819796669033345,
        "IXYYXIII": 0.017429259492136927,
        "IXXYYIII": -0.017429259492136927,
        "IYYXXIII": -0.017429259492136927,
        "XZXXZXII": 0.017429259492136927,
        "XZXYZYII": 0.017429259492136927,
        "YZYXZXII": 0.017429259492136927,
        "YZYYZYII": 0.017429259492136927,
        "IYXXYIII": 0.017429259492136927,
        "IIIIIIZI": -0.01694590846302782,
        "IIIIIIIZ": -0.0169459084630277,
        "IYZYIYZY": -0.016093938202077412,
        "XZXIXZXI": -0.016093938202077412,
        "YZYIYZYI": -0.016093938202077412,
        "IXZXIXZX": -0.016093938202077412,
        "IIIYZZIY": -0.0157089664322707,
        "IIYZZZYZ": -0.0157089664322707,
        "IIXZZZXZ": -0.0157089664322707,
        "IIIXZZIX": -0.0157089664322707,
        "ZIIXZZZX": -0.014962507214267992,
        "IZXZZZXI": -0.014962507214267992,
        "IZYZZZYI": -0.014962507214267992,
        "ZIIYZZZY": -0.014962507214267992,
        "IYZZZYZI": 0.014941498872194495,
        "IXZZZXZI": 0.014941498872194495,
        "YZZZYIIZ": 0.014941498872194495,
        "XZZZXIIZ": 0.014941498872194495,
        "XIZZXIII": 0.014406960769849611,
        "ZYZZZYII": 0.014406960769849611,
        "YIZZYIII": 0.014406960769849611,
        "ZXZZZXII": 0.014406960769849611,
        "IIYZIZYI": -0.013786498328199708,
        "IIXZIZXI": -0.013786498328199708,
        "IIIYZIZY": -0.013786498328199708,
        "IIIXZIZX": -0.013786498328199708,
        "XZIZXIII": 0.013070108900256146,
        "YZIZYIII": 0.013070108900256146,
        "IXZIZXII": 0.013070108900256146,
        "IYZIZYII": 0.013070108900256146,
        "XZXIYZYI": -0.00982535626289749,
        "YZYIXZXI": -0.00982535626289749,
        "IYZYIXZX": -0.00982535626289749,
        "IXZXIYZY": -0.00982535626289749,
        "XYYZZZZX": 0.0076030605253198415,
        "YXIXZZYI": -0.0076030605253198415,
        "YYXZZZZX": -0.0076030605253198415,
        "YXXZZZZY": 0.0076030605253198415,
        "YYIYZZYI": -0.0076030605253198415,
        "XYIYZZXI": -0.0076030605253198415,
        "XXIXZZXI": -0.0076030605253198415,
        "XXYZZZZY": -0.0076030605253198415,
        "YZZZZYXX": 0.007560310138434036,
        "XZZZZXYY": 0.007560310138434036,
        "XZZZZYYX": -0.007560310138434036,
        "IXZZYIYX": 0.007560310138434036,
        "IXZZXIXX": 0.007560310138434036,
        "IYZZYIYY": 0.007560310138434036,
        "IYZZXIXY": 0.007560310138434036,
        "YZZZZXXY": -0.007560310138434036,
        "YZZZYIZI": 0.007381188733760459,
        "XZZZXIZI": 0.007381188733760459,
        "IYZZZYIZ": 0.007381188733760459,
        "IXZZZXIZ": 0.007381188733760459,
        "ZIXZZZXI": -0.0073594466889481515,
        "IZIXZZZX": -0.0073594466889481515,
        "IZIYZZZY": -0.0073594466889481515,
        "ZIYZZZYI": -0.0073594466889481515,
        "IIIXZZZX": 0.006531906223918536,
        "IIXZZZXI": 0.006531906223918536,
        "IIYZZZYI": 0.006531906223918536,
        "IIIYZZZY": 0.006531906223918536,
        "YZXIXZYI": -0.006268581939179922,
        "XZYIYZXI": -0.006268581939179922,
        "IYZXIXZY": -0.006268581939179922,
        "IXZYIYZX": -0.006268581939179922,
        "XZZZXIII": 0.005269338366145064,
        "IXZZZXII": 0.005269338366145064,
        "IYZZZYII": 0.005269338366145064,
        "YZZZYIII": 0.005269338366145064,
        "YZZZYZII": -0.004478521928458085,
        "XZZZXZII": -0.004478521928458085,
        "IXZZIXII": -0.004478521928458084,
        "IYZZIYII": -0.004478521928458084,
        "IIIYIZZY": 0.004411468362133745,
        "IIXZZIXI": 0.004411468362133745,
        "IIYZZIYI": 0.004411468362133745,
        "IIIXIZZX": 0.004411468362133745,
        "YZZIYIII": -0.004359150591880781,
        "XZZIXIII": -0.004359150591880781,
        "IYIZZYII": -0.004359150591880781,
        "IXIZZXII": -0.004359150591880781,
        "IIXIZZXI": 0.00377371723034217,
        "IIYIZZYI": 0.00377371723034217,
        "IIZXZZZX": 0.0037737172303421696,
        "IIZYZZZY": 0.0037737172303421696
    },
    "data": {
        "molecule_id": "H4_singlet_Dooh",
        "qubit_encoding": "JW",
        "unit": "Angstrom",
        "basis": "sto-3g",
        "charge": 0,
        "multiplicity": 1,