{
    "hamiltonian": {
        "IIIIIIII": -1.0849165699370928,
        "IIIIIIZZ": 0.08287701556222965,
        "ZIIIIIIZ": 0.08078010210815198,
        "IZIIIIZI": 0.08078010210815198,
        "ZZIIIIII": 0.07900000855764645,
        "IIIIZZII": 0.07769376795087567,
        "IIIZZIII": 0.07686900206736219,
        "IIZIIZII": 0.07686900206736219,
        "IIIIIZZI": 0.07657109800811725,
        "IIIIZIIZ": 0.07657109800811725,
        "IIZZIIII": 0.07629002853615893,
        "IIZIIIIZ": 0.07599319190093788,
        "IIIZIIZI": 0.07599319190093788,
        "IZIIZIII": 0.07478583332534572,
        "ZIIIIZII": 0.07478583332534572,
        "IZZIIIII": 0.07429962309319878,
        "ZIIZIIII": 0.07429962309319878,
        "ZIIIIIII": 0.05970211906014316,
        "IZIIIIII": 0.05970211906014315,
        "IZIIIIIZ": 0.04733645684921309,
        "ZIIIIIZI": 0.04733645684921309,
        "IIZIIIII": 0.04729205218280295,
        "IIIZIIII": 0.04729205218280294,
        "IIIIYXXY": 0.045098968738068616,
        "IIIIYYXX": -0.045098968738068616,
        "IIIIXXYY": -0.045098968738068616,
        "IIIIXYYX": 0.045098968738068616,
        "YZYIIXZX": -0.04409624786138976,
        "IYZYYZYI": -0.04409624786138976,
        "IYZYXZXI": -0.04409624786138976,
        "IXZXYZYI": -0.04409624786138976,
        "XZXIIYZY": -0.04409624786138976,
        "XZXIIXZX": -0.04409624786138976,
        "YZYIIYZY": -0.04409624786138976,
        "IXZXXZXI": -0.04409624786138976,
        "YXXYIIII": 0.043280461302526385,
        "XYYXIIII": 0.043280461302526385,
        "XXYYIIII": -0.043280461302526385,
        "YYXXIIII": -0.043280461302526385,
        "IIZIIIZI": 0.0397879794941452,
        "IIIZIIIZ": 0.0397879794941452,
        "IIZIZIII": 0.039787141241637784,
        "IIIZIZII": 0.039787141241637784,
        "ZIIIZIII": 0.0394144956739752,
        "IZIIIZII": 0.0394144956739752,
        "IIYYXXII": -0.03708186082572441,
        "IIXYYXII": 0.03708186082572441,
        "IIYXXYII": 0.03708186082572441,
        "IIXXYYII": -0.03708186082572441,
        "IIYXIIXY": 0.03620521240679269,
        "IIXXIIYY": -0.03620521240679269,
        "IIXYIIYX": 0.03620521240679269,
        "IIYYIIXX": -0.03620521240679269,
        "XZZYYZZX": -0.03573800989323727,
        "XZZXYZZY": 0.03573800989323727,
        "YZZYXZZX": 0.03573800989323727,
        "YZZXXZZY": -0.03573800989323727,
        "IYXIIXYI": -0.03573800989323727,
        "IYYIIXXI": 0.03573800989323727,
        "IXYIIYXI": -0.03573800989323727,
        "IXXIIYYI": 0.03573800989323727,
        "XYIIYXII": 0.03537133765137051,
        "XXIIYYII": -0.03537133765137051,
        "YYIIXXII": -0.03537133765137051,
        "YXIIXYII": 0.03537133765137051,
        "XYIIIIYX": 0.033443645258938885,
        "YYIIIIXX": -0.033443645258938885,
        "XXIIIIYY": -0.033443645258938885,
        "YXIIIIXY": 0.033443645258938885,
        "IIIIZIZI": 0.031472129270048624,
        "IIIIIZIZ": 0.031472129270048624,
        "IIIIIZII": 0.03145976819634429,
        "IIIIZIII": 0.03145976819634428,
        "IZIZIIII": 0.031019161790672392,
        "ZIZIIIII": 0.031019161790672392,
        "IXYIYZZX": 0.03094574769872286,
        "IYXIXZZY": 0.03094574769872286,
        "IXXIXZZX": 0.03094574769872286,
        "XZZXIXXI": 0.03094574769872286,
        "YZZYIYYI": 0.03094574769872286,
        "YZZXIXYI": 0.03094574769872286,
        "IYYIYZZY": 0.03094574769872286,
        "XZZYIYXI": 0.03094574769872286,
        "IIIIIIZI": 0.016577969866995668,
        "IIIIIIIZ": 0.016577969866995654,
        "IIIXYYXI": -0.014237049203117535,
        "IIIXXYYI": 0.014237049203117535,
        "IIIYYXXI": 0.014237049203117535,
        "IIIYXXYI": -0.014237049203117535,
        "IIYZYXZX": -0.014237049203117535,
        "IIXZXYZY": -0.014237049203117535,
        "IIYZYYZY": -0.014237049203117535,
        "IIXZXXZX": -0.014237049203117535,
        "YZYYZYII": 0.013833345194526784,
        "YZYXZXII": 0.013833345194526784,
        "XZXYZYII": 0.013833345194526784,
        "XZXXZXII": 0.013833345194526784,
        "IXXYYIII": -0.013833345194526782,
        "IYYXXIII": -0.013833345194526782,
        "IYXXYIII": 0.013833345194526782,
        "IXYYXIII": 0.013833345194526782,
        "YZYIYZYI": -0.013150500162666891,
        "XZXIXZXI": -0.013150500162666891,
        "IXZXIXZX": -0.013150500162666891,
        "IYZYIYZY": -0.013150500162666891,
        "IIIXZZIX": -0.01267673412780515,
        "IIXZZZXZ": -0.01267673412780515,
        "IIYZZZYZ": -0.01267673412780515,
        "IIIYZZIY": -0.01267673412780515,
        "ZIIYZZZY": -0.012212439024186752,
        "ZIIXZZZX": -0.012212439024186752,
        "IZYZZZYI": -0.012212439024186752,
        "IZXZZZXI": -0.012212439024186752,
        "IXZZZXZI": 0.012195944774905881,
        "YZZZYIIZ": 0.012195944774905881,
        "XZZZXIIZ": 0.012195944774905881,
        "IYZZZYZI": 0.012195944774905881,
        "YIZZYIII": 0.011801412742740425,
        "XIZZXIII": 0.011801412742740425,
        "ZYZZZYII": 0.011801412742740425,
        "ZXZZZXII": 0.011801412742740425,
        "IIYZIZYI": -0.010583100828612869,
        "IIIYZIZY": -0.010583100828612869,
        "IIIXZIZX": -0.010583100828612869,
        "IIXZIZXI": -0.010583100828612869,
        "YZIZYIII": 0.010308104795409523,
        "XZIZXIII": 0.010308104795409523,
        "IXZIZXII": 0.010308104795409523,
        "IYZIZYII": 0.010308104795409523,
        "YZYIXZXI": -0.008358237968152486,
        "XZXIYZYI": -0.008358237968152486,
        "IYZYIXZX": -0.008358237968152486,
        "IXZXIYZY": -0.008358237968152486,
        "IZIXZZZX": -0.006722360915101715,
        "IZIYZZZY": -0.006722360915101715,
        "ZIYZZZYI": -0.006722360915101715,
        "ZIXZZZXI": -0.006722360915101715,
        "IYZZZYIZ": 0.006711846269440633,
        "IXZZZXIZ": 0.006711846269440633,
        "YZZZYIZI": 0.006711846269440633,
        "XZZZXIZI": 0.006711846269440633,
        "YYXZZZZX": -0.005490078109085036,
        "XXYZZZZY": -0.005490078109085036,
        "XYYZZZZX": 0.005490078109085036,
        "XYIYZZXI": -0.005490078109085036,
        "XXIXZZXI": -0.005490078109085036,
        "YYIYZZYI": -0.005490078109085036,
        "YXIXZZYI": -0.005490078109085036,
        "YXXZZZZY": 0.005490078109085036,
        "YZZZZYXX": 0.0054840985054652475,
        "XZZZZXYY": 0.0054840985054652475,
        "XZZZZYYX": -0.0054840985054652475,
        "YZZZZXXY": -0.0054840985054652475,
        "IYZZYIYY": 0.005484098505465247,
        "IXZZXIXX": 0.005484098505465247,
        "IXZZYIYX": 0.005484098505465247,
        "IYZZXIXY": 0.005484098505465247,
        "YZXIXZYI": -0.004792262194514405,
        "IYZXIXZY": -0.004792262194514405,
        "XZYIYZXI": -0.004792262194514405,
        "IXZYIYZX": -0.004792262194514405,
        "IIIYZZZY": 0.0038789291143628444,
        "IIIXZZZX": 0.0038789291143628444,
        "IIYZZZYI": 0.0038789291143628423,
        "IIXZZZXI": 0.0038789291143628423,
        "YZZZYZII": -0.003854546319656852,
        "XZZZXZII": -0.003854546319656852,
        "IYZZIYII": -0.0038545463196568517,
        "IXZZIXII": -0.0038545463196568517,
        "IIIYIZZY": 0.003653948374504666,
        "IIIXIZZX": 0.003653948374504666,
        "IIYZZIYI": 0.003653948374504666,
        "IIXZZIXI": 0.003653948374504666,
        "XZZZXIII": 0.0035306892837240825,
        "YZZZYIII": 0.0035306892837240825,
        "IXZZZXII": 0.0035306892837240764,
        "IYZZZYII": 0.0035306892837240764,
        "YZZIYIII": -0.0035252403991172616,
        "XZZIXIII": -0.0035252403991172616,
        "IYIZZYII": -0.0035252403991172616,
        "IXIZZXII": -0.0035252403991172616,
        "IIXIZZXI": 0.0032081829995377936,
        "IIYIZZYI": 0.0032081829995377936,
        "IIZXZZZX": 0.0032081829995377936,
        "IIZYZZZY": 0.0032081829995377936
    },
    "data": {
        "molecule_id": "H4_singlet_Dooh",
        "qubit_encoding": "JW",
        "unit": "Angstrom",
        "basis": "sto-3g",
        "charge": 0,