{
    "hamiltonian": {
        "IIIIIIIZ": -0.5468475585306177,
        "IIIIIIZI": -0.5468475585306177,
        "IIIIIIII": 0.328243216425383,
        "ZIIIIIII": 0.21982064261358591,
        "IZIIIIII": 0.21982064261358586,
        "IIIIIIZZ": 0.16657106052083068,
        "ZIIIIIIZ": 0.14635826762914889,
        "IZIIIIZI": 0.14635826762914889,
        "IIIIZIII": -0.1446787926849717,
        "IIIIIZII": -0.14467879268497164,
        "ZZIIIIII": 0.1376262448196701,
        "IIIIIZZI": 0.1359030384685283,
        "IIIIZIIZ": 0.1359030384685283,
        "IIIZIIZI": 0.12975449114457066,
        "IIZIIIIZ": 0.12975449114457066,
        "IIIIZZII": 0.1297347351960335,
        "IIZZIIII": 0.12496797722353346,
        "IZIIZIII": 0.12456323361848899,
        "ZIIIIZII": 0.12456323361848899,
        "IIZIIZII": 0.12332111045211293,
        "IIIZZIII": 0.12332111045211293,
        "IZIIIIIZ": 0.12292747050013447,
        "ZIIIIIZI": 0.12292747050013447,
        "ZIIZIIII": 0.12047387876934007,
        "IZZIIIII": 0.12047387876934007,
        "IIIZIIIZ": 0.10438902130332456,
        "IIZIIIZI": 0.10438902130332456,
        "ZIIIZIII": 0.09779621180725878,
        "IZIIIZII": 0.09779621180725878,
        "IIIIZIZI": 0.09632031099043584,
        "IIIIIZIZ": 0.09632031099043584,
        "IIIZIIII": 0.0892585547656303,
        "IIZIIIII": 0.08925855476563022,
        "IIZIZIII": 0.08875182489405206,
        "IIIZIZII": 0.08875182489405206,
        "IZIZIIII": 0.08150495674125302,
        "ZIZIIIII": 0.08150495674125302,
        "IIIIXYYX": 0.039582727478092466,
        "IIIIXXYY": -0.039582727478092466,
        "IIIIYXXY": 0.039582727478092466,
        "IIIIYYXX": -0.039582727478092466,
        "YXXYIIII": 0.03896892202808704,
        "YYXXIIII": -0.03896892202808704,
        "XXYYIIII": -0.03896892202808704,
        "XYYXIIII": 0.03896892202808704,
        "YZYIIYZY": -0.03638354603506381,
        "XZXIIYZY": -0.03638354603506381,
        "XZXIIXZX": -0.03638354603506381,
        "YZYIIXZX": -0.03638354603506381,
        "IYZYYZYI": -0.03638354603506381,
        "IYZYXZXI": -0.03638354603506381,
        "IXZXYZYI": -0.03638354603506381,
        "IXZXXZXI": -0.03638354603506381,
        "IIYYXXII": -0.034569285558060873,
        "IIYXXYII": 0.034569285558060873,
        "IIXXYYII": -0.034569285558060873,
        "IIXYYXII": 0.034569285558060873,
        "IIIYZIZY": -0.029701086818008184,
        "IIIXZIZX": -0.029701086818008184,
        "IIYZIZYI": -0.029701086818008184,
        "IIXZIZXI": -0.029701086818008184,
        "IIYZZZYZ": -0.02710803903796679,
        "IIIYZZIY": -0.02710803903796679,
        "IIXZZZXZ": -0.02710803903796679,
        "IIIXZZIX": -0.02710803903796679,
        "XXIIYYII": -0.0267670218112302,
        "YXIIXYII": 0.0267670218112302,
        "XYIIYXII": 0.0267670218112302,
        "YYIIXXII": -0.0267670218112302,
        "YZYIYZYI": -0.026051410004439942,
        "IYZYIYZY": -0.026051410004439942,
        "XZXIXZXI": -0.026051410004439942,
        "IXZXIXZX": -0.026051410004439942,
        "IXYYXIII": 0.026021348586031827,
        "IYXXYIII": 0.026021348586031827,
        "IXXYYIII": -0.026021348586031827,
        "IYYXXIII": -0.026021348586031827,
        "YZYXZXII": 0.026021348586031827,
        "XZXYZYII": 0.026021348586031827,
        "XZXXZXII": 0.026021348586031827,
        "YZYYZYII": 0.026021348586031827,
        "IIIYYXXI": 0.0257038487764287,
        "IIIXXYYI": 0.0257038487764287,
        "IIIYXXYI": -0.0257038487764287,
        "IIIXYYXI": -0.0257038487764287,
        "IIYZYYZY": -0.025703848776428697,
        "IIYZYXZX": -0.025703848776428697,
        "IIXZXXZX": -0.025703848776428697,
        "IIXZXYZY": -0.025703848776428697,
        "IIYYIIXX": -0.02536546984124611,
        "IIXXIIYY": -0.02536546984124611,
        "IIXYIIYX": 0.02536546984124611,
        "IIYXIIXY": 0.02536546984124611,
        "YZIZYIII": 0.02494356745967914,
        "XZIZXIII": 0.02494356745967914,
        "IXZIZXII": 0.02494356745967914,
        "IYZIZYII": 0.02494356745967914,
        "IXZZZXZI": 0.02456304154902092,
        "IYZZZYZI": 0.02456304154902092,
        "XZZZXIIZ": 0.02456304154902092,
        "YZZZYIIZ": 0.02456304154902092,
        "ZIIYZZZY": -0.023525271350983222,
        "IZYZZZYI": -0.023525271350983222,
        "ZIIXZZZX": -0.023525271350983222,
        "IZXZZZXI": -0.023525271350983222,
        "IXXIIYYI": 0.023478669957103415,
        "XZZYYZZX": -0.023478669957103415,
        "XZZXYZZY": 0.023478669957103415,
        "YZZYXZZX": 0.023478669957103415,
        "IXYIIYXI": -0.023478669957103415,
        "IYXIIXYI": -0.023478669957103415,
        "YZZXXZZY": -0.023478669957103415,
        "IYYIIXXI": 0.023478669957103415,
        "YXIIIIXY": 0.02343079712901441,
        "XXIIIIYY": -0.02343079712901441,
        "XYIIIIYX": 0.02343079712901441,
        "YYIIIIXX": -0.02343079712901441,
        "ZYZZZYII": 0.022662752204375098,
        "ZXZZZXII": 0.022662752204375098,
        "XIZZXIII": 0.022662752204375095,
        "YIZZYIII": 0.022662752204375095,
        "IIYZZZYI": 0.022001978515627685,
        "IIXZZZXI": 0.022001978515627685,
        "IIIYZZZY": 0.022001978515627678,
        "IIIXZZZX": 0.022001978515627678,
        "YZZZYIZI": 0.013328817996174951,
        "XZZZXIZI": 0.013328817996174951,
        "IYZZZYIZ": 0.013328817996174951,
        "IXZZZXIZ": 0.013328817996174951,
        "YZXIXZYI": -0.013146533926479537,
        "IXZYIYZX": -0.013146533926479537,
        "XZYIYZXI": -0.013146533926479537,
        "IYZXIXZY": -0.013146533926479537,
        "IYZYIXZX": -0.012904876077960401,
        "XZXIYZYI": -0.012904876077960401,
        "IXZXIYZY": -0.012904876077960401,
        "YZYIXZXI": -0.012904876077960401,
        "XYYZZZZX": 0.011788842782284505,
        "XXYZZZZY": -0.011788842782284505,
        "YYXZZZZX": -0.011788842782284505,
        "YXXZZZZY": 0.011788842782284505,
        "XYIYZZXI": -0.011788842782284505,
        "XXIXZZXI": -0.011788842782284505,
        "YXIXZZYI": -0.011788842782284505,
        "YYIYZZYI": -0.011788842782284505,
        "ZIYZZZYI": -0.011736428568698715,
        "ZIXZZZXI": -0.011736428568698715,
        "IZIXZZZX": -0.011736428568698715,
        "IZIYZZZY": -0.011736428568698715,
        "IXZZXIXX": 0.011234223552845968,
        "IYZZYIYY": 0.011234223552845968,
        "IYZZXIXY": 0.011234223552845968,
        "YZZZZXXY": -0.011234223552845968,
        "YZZZZYXX": 0.011234223552845968,
        "XZZZZXYY": 0.011234223552845968,
        "IXZZYIYX": 0.011234223552845968,
        "XZZZZYYX": -0.011234223552845968,
        "IYXIXZZY": 0.010332136030623875,
        "IXXIXZZX": 0.010332136030623875,
        "XZZXIXXI": 0.010332136030623875,
        "XZZYIYXI": 0.010332136030623875,
        "IYYIYZZY": 0.010332136030623875,
        "YZZYIYYI": 0.010332136030623875,
        "IXYIYZZX": 0.010332136030623875,
        "YZZXIXYI": 0.010332136030623875,
        "IXZZIXII": 0.005185301551067414,
        "IYZZIYII": 0.005185301551067414,
        "XZZZXZII": 0.005185301551067414,
        "YZZZYZII": 0.005185301551067414,
        "IIIXIZZX": -0.003997238041579484,
        "IIIYIZZY": -0.003997238041579484,
        "IIXZZIXI": -0.003997238041579484,
        "IIYZZIYI": -0.003997238041579484,
        "IIXIZZXI": -0.0035399315634647038,
        "IIZYZZZY": -0.0035399315634647038,
        "IIZXZZZX": -0.0035399315634647038,
        "IIYIZZYI": -0.0035399315634647038,
        "XZZZXIII": 0.003448868411077762,
        "YZZZYIII": 0.003448868411077762,
        "IXZZZXII": 0.003448868411077756,
        "IYZZZYII": 0.003448868411077756,
        "YZZIYIII": -0.0010777811263526895,
        "IYIZZYII": -0.0010777811263526895,
        "XZZIXIII": -0.0010777811263526895,
        "IXIZZXII": -0.0010777811263526895
    },
    "data": {
        "molecule_id": "H4_singlet_Dooh",
        "qubit_encoding": "JW",
        "unit": "Angstrom",
        "basis": "sto-3g",
        "charge": 0,
        "multiplicity": 1,