{
    "hamiltonian": {
        "IIIIIIII": -0.673530913778821,
        "IIIIIIIZ": -0.2093896510066581,
        "IIIIIIZI": -0.20938965100665807,
        "ZIIIIIII": 0.15246599750603057,
        "IZIIIIII": 0.15246599750603057,
        "IIIIIIZZ": 0.12979623842696453,
        "ZIIIIIIZ": 0.11876358656367794,
        "IZIIIIZI": 0.11876358656367794,
        "ZZIIIIII": 0.11360863738931389,
        "IIIIIZZI": 0.10854390876995046,
        "IIIIZIIZ": 0.10854390876995046,
        "IIIIZZII": 0.10733510089866269,
        "IIZIIIIZ": 0.1055741015667841,
        "IIIZIIZI": 0.1055741015667841,
        "IIZZIIII": 0.10428937898316226,
        "IIIZZIII": 0.10345383289387802,
        "IIZIIZII": 0.10345383289387802,
        "ZIIIIZII": 0.1016827323274685,
        "IZIIZIII": 0.1016827323274685,
        "IZZIIIII": 0.09995164455459354,
        "ZIIZIIII": 0.09995164455459354,
        "ZIIIIIZI": 0.09334362851537718,
        "IZIIIIIZ": 0.09334362851537718,
        "IIZIIIII": 0.08202507948341195,
        "IIIZIIII": 0.08202507948341195,
        "IIZIIIZI": 0.07822593027856073,
        "IIIZIIIZ": 0.07822593027856073,
        "ZIIIZIII": 0.07423248159295881,
        "IZIIIZII": 0.07423248159295881,
        "IIIZIZII": 0.06892892657825815,
        "IIZIZIII": 0.06892892657825815,
        "IIIIIZIZ": 0.0671079381899472,
        "IIIIZIZI": 0.0671079381899472,
        "IZIZIIII": 0.06050469109413559,
        "ZIZIIIII": 0.06050469109413559,
        "IIIIXXYY": -0.04143597058000326,
        "IIIIYYXX": -0.04143597058000326,
        "IIIIYXXY": 0.04143597058000326,
        "IIIIXYYX": 0.04143597058000326,
        "IIIIIZII": -0.04070519681801538,
        "IIIIZIII": -0.040705196818015356,
        "XYYXIIII": 0.039446953460457956,
        "XXYYIIII": -0.039446953460457956,
        "YYXXIIII": -0.039446953460457956,
        "YXXYIIII": 0.039446953460457956,
        "XZXIIXZX": -0.03868320734887216,
        "YZYIIYZY": -0.03868320734887216,
        "IYZYYZYI": -0.03868320734887216,
        "IYZYXZXI": -0.03868320734887216,
        "XZXIIYZY": -0.03868320734887216,
        "IXZXYZYI": -0.03868320734887216,
        "IXZXXZXI": -0.03868320734887216,
        "YZYIIXZX": -0.03868320734887216,
        "IIYYXXII": -0.03452490631561986,
        "IIXXYYII": -0.03452490631561986,
        "IIYXXYII": 0.03452490631561986,
        "IIXYYXII": 0.03452490631561986,
        "XXIIYYII": -0.027450250734509678,
        "XYIIYXII": 0.027450250734509678,
        "YYIIXXII": -0.027450250734509678,
        "YXIIXYII": 0.027450250734509678,
        "IIXXIIYY": -0.027348171288223363,
        "IIXYIIYX": 0.027348171288223363,
        "IIYYIIXX": -0.027348171288223363,
        "IIYXIIXY": 0.027348171288223363,
        "IYYIIXXI": 0.0260508654580057,
        "IXYIIYXI": -0.0260508654580057,
        "IXXIIYYI": 0.0260508654580057,
        "YZZXXZZY": -0.0260508654580057,
        "YZZYXZZX": 0.0260508654580057,
        "XZZXYZZY": 0.0260508654580057,
        "XZZYYZZX": -0.0260508654580057,
        "IYXIIXYI": -0.0260508654580057,
        "YYIIIIXX": -0.02541995804830075,
        "XXIIIIYY": -0.02541995804830075,
        "YXIIIIXY": 0.02541995804830075,
        "XYIIIIYX": 0.02541995804830075,
        "IIXZXYZY": -0.0236945524377652,
        "IIYZYXZX": -0.0236945524377652,
        "IIIXYYXI": -0.0236945524377652,
        "IIIXXYYI": 0.0236945524377652,
        "IIYZYYZY": -0.0236945524377652,
        "IIIYYXXI": 0.0236945524377652,
        "IIXZXXZX": -0.0236945524377652,
        "IIIYXXYI": -0.0236945524377652,
        "IXYYXIII": 0.022978043593880622,
        "IXXYYIII": -0.022978043593880622,
        "IYXXYIII": 0.022978043593880622,
        "YZYYZYII": 0.022978043593880622,
        "IYYXXIII": -0.022978043593880622,
        "XZXYZYII": 0.022978043593880622,
        "XZXXZXII": 0.022978043593880622,
        "YZYXZXII": 0.022978043593880622,
        "IXZXIXZX": -0.02265358313596117,
        "IYZYIYZY": -0.02265358313596117,
        "XZXIXZXI": -0.02265358313596117,
        "YZYIYZYI": -0.02265358313596117,
        "IIIYZIZY": -0.022281123601789476,
        "IIIXZIZX": -0.022281123601789476,
        "IIYZIZYI": -0.022281123601789476,
        "IIXZIZXI": -0.022281123601789476,
        "IIIXZZIX": -0.021059715277843956,
        "IIIYZZIY": -0.021059715277843956,
        "IIYZZZYZ": -0.021059715277843956,
        "IIXZZZXZ": -0.021059715277843956,
        "XZIZXIII": 0.019681219053545005,
        "YZIZYIII": 0.019681219053545005,
        "IYZIZYII": 0.019681219053545005,
        "IXZIZXII": 0.019681219053545005,
        "XZZZXIIZ": 0.019529638133370747,
        "YZZZYIIZ": 0.019529638133370747,
        "IYZZZYZI": 0.019529638133370747,
        "IXZZZXZI": 0.019529638133370747,
        "ZIIYZZZY": -0.01933830943491393,
        "ZIIXZZZX": -0.01933830943491393,
        "IZXZZZXI": -0.01933830943491393,
        "IZYZZZYI": -0.01933830943491393,
        "ZXZZZXII": 0.018718327959244174,
        "ZYZZZYII": 0.018718327959244174,
        "XIZZXIII": 0.018718327959244174,
        "YIZZYIII": 0.018718327959244174,
        "IYXIXZZY": 0.016029624212910983,
        "YZZXIXYI": 0.016029624212910983,
        "YZZYIYYI": 0.016029624212910983,
        "XZZXIXXI": 0.016029624212910983,
        "XZZYIYXI": 0.016029624212910983,
        "IYYIYZZY": 0.016029624212910983,
        "IXXIXZZX": 0.016029624212910983,
        "IXYIYZZX": 0.016029624212910983,
        "IIXZZZXI": 0.01406770810874812,
        "IIYZZZYI": 0.01406770810874812,
        "IIIYZZZY": 0.014067708108748116,
        "IIIXZZZX": 0.014067708108748116,
        "XZXIYZYI": -0.012632341890866459,
        "IXZXIYZY": -0.012632341890866459,
        "IYZYIXZX": -0.012632341890866459,
        "YZYIXZXI": -0.012632341890866459,
        "XZYIYZXI": -0.010021241245094719,
        "YZXIXZYI": -0.010021241245094719,
        "IXZYIYZX": -0.010021241245094719,
        "IYZXIXZY": -0.010021241245094719,
        "YYXZZZZX": -0.009983354412470391,
        "XYYZZZZX": 0.009983354412470391,
        "XXYZZZZY": -0.009983354412470391,
        "YXXZZZZY": 0.009983354412470391,
        "XYIYZZXI": -0.009983354412470391,
        "YXIXZZYI": -0.009983354412470391,
        "YYIYZZYI": -0.009983354412470391,
        "XXIXZZXI": -0.009983354412470391,
        "IYZZZYIZ": 0.009899469042178805,
        "IXZZZXIZ": 0.009899469042178805,
        "XZZZXIZI": 0.009899469042178805,
        "YZZZYIZI": 0.009899469042178805,
        "YZZZZYXX": 0.00963016909119194,
        "XZZZZXYY": 0.00963016909119194,
        "XZZZZYYX": -0.00963016909119194,
        "YZZZZXXY": -0.00963016909119194,
        "IXZZYIYX": 0.009630169091191939,
        "IXZZXIXX": 0.009630169091191939,
        "IYZZYIYY": 0.009630169091191939,
        "IYZZXIXY": 0.009630169091191939,
        "IZIXZZZX": -0.009354955022443538,
        "IZIYZZZY": -0.009354955022443538,
        "ZIYZZZYI": -0.009354955022443538,
        "ZIXZZZXI": -0.009354955022443538,
        "YZZZYIII": 0.006370871461254361,
        "XZZZXIII": 0.006370871461254361,
        "IXZZZXII": 0.006370871461254347,
        "IYZZZYII": 0.006370871461254347,
        "YZZIYIII": -0.003296824540335624,
        "XZZIXIII": -0.003296824540335624,
        "IYIZZYII": -0.003296824540335624,
        "IXIZZXII": -0.003296824540335624,
        "IIIYIZZY": 0.0014134288359757253,
        "IIXZZIXI": 0.0014134288359757253,
        "IIIXIZZX": 0.0014134288359757253,
        "IIYZZIYI": 0.0014134288359757253,
        "IIZXZZZX": 0.0008333601948640407,
        "IIZYZZZY": 0.0008333601948640407,
        "IIXIZZXI": 0.0008333601948640407,
        "IIYIZZYI": 0.0008333601948640407,
        "XZZZXZII": -0.0006970719882158983,
        "YZZZYZII": -0.0006970719882158983,
        "IXZZIXII": -0.0006970719882158982,
        "IYZZIYII": -0.0006970719882158982
    },
    "data": {
        "molecule_id": "H4_singlet_Dooh",
        "qubit_encoding": "JW",
        "unit": "Angstrom",
        "basis": "sto-3g",
        "charge": 0,
        "multiplicity": 1,
        "spin": 0,