{
    "hamiltonian": {
        "IIIIIIZI": -0.3346121300328116,
        "IIIIIIIZ": -0.33461213003281154,
        "IIIIIIII": -0.3314778134168106,
        "ZIIIIIII": 0.18136485128990845,
        "IZIIIIII": 0.18136485128990845,
        "IIIIIIZZ": 0.14526147930807787,
        "ZIIIIIIZ": 0.13073805878528402,
        "IZIIIIZI": 0.13073805878528402,
        "ZZIIIIII": 0.1243212084936269,
        "IIIIZIIZ": 0.12005460580671176,
        "IIIIIZZI": 0.12005460580671176,
        "IIIIZZII": 0.11685143854472047,
        "IIIZIIZI": 0.11598632411711238,
        "IIZIIIIZ": 0.11598632411711238,
        "IIZZIIII": 0.11340654161438059,
        "IIZIIZII": 0.11194105078035879,
        "IIIZZIII": 0.11194105078035879,
        "IZIIZIII": 0.1114985224260516,
        "ZIIIIZII": 0.1114985224260516,
        "ZIIZIIII": 0.10898302201672626,
        "IZZIIIII": 0.10898302201672626,
        "ZIIIIIZI": 0.10647068453545314,
        "IZIIIIIZ": 0.10647068453545314,
        "IIZIIIZI": 0.0898249923593194,
        "IIIZIIIZ": 0.0898249923593194,
        "IIIZIIII": 0.08792644653108563,
        "IIZIIIII": 0.08792644653108561,
        "ZIIIZIII": 0.08454049215503273,
        "IZIIIZII": 0.08454049215503273,
        "IIIIIZIZ": 0.0794384863228691,
        "IIIIZIZI": 0.0794384863228691,
        "IIIIIZII": -0.07904409226124148,
        "IIIIZIII": -0.07904409226124146,
        "IIIZIZII": 0.07762037309982325,
        "IIZIZIII": 0.07762037309982325,
        "ZIZIIIII": 0.0696375084563188,
        "IZIZIIII": 0.0696375084563188,
        "IIIIXXYY": -0.040616119483842646,
        "IIIIYXXY": 0.040616119483842646,
        "IIIIYYXX": -0.040616119483842646,
        "IIIIXYYX": 0.040616119483842646,
        "YYXXIIII": -0.03934551356040745,
        "XYYXIIII": 0.03934551356040745,
        "XXYYIIII": -0.03934551356040745,
        "YXXYIIII": 0.03934551356040745,
        "IYZYXZXI": -0.03765836794307968,
        "XZXIIYZY": -0.03765836794307968,
        "IXZXXZXI": -0.03765836794307968,
        "XZXIIXZX": -0.03765836794307968,
        "IYZYYZYI": -0.03765836794307968,
        "YZYIIYZY": -0.03765836794307968,
        "IXZXYZYI": -0.03765836794307968,
        "YZYIIXZX": -0.03765836794307968,
        "IIYXXYII": 0.03432067768053553,
        "IIXYYXII": 0.03432067768053553,
        "IIYYXXII": -0.03432067768053553,
        "IIXXYYII": -0.03432067768053553,
        "YXIIXYII": 0.02695803027101889,
        "YYIIXXII": -0.02695803027101889,
        "XXIIYYII": -0.02695803027101889,
        "XYIIYXII": 0.02695803027101889,
        "IIXXIIYY": -0.02616133175779298,
        "IIXYIIYX": 0.02616133175779298,
        "IIYXIIXY": 0.02616133175779298,
        "IIYYIIXX": -0.02616133175779298,
        "IIIYZIZY": -0.02554524151443462,
        "IIIXZIZX": -0.02554524151443462,
        "IIYZIZYI": -0.02554524151443462,
        "IIXZIZXI": -0.02554524151443462,
        "IIIXXYYI": 0.024841613754402192,
        "IIXZXYZY": -0.024841613754402192,
        "IIYZYXZX": -0.024841613754402192,
        "IIYZYYZY": -0.024841613754402192,
        "IIIYXXYI": -0.024841613754402192,
        "IIIYYXXI": 0.024841613754402192,
        "IIXZXXZX": -0.024841613754402192,
        "IIIXYYXI": -0.024841613754402192,
        "IYXIIXYI": -0.024628245729683966,
        "XZZXYZZY": 0.024628245729683966,
        "YZZYXZZX": 0.024628245729683966,
        "YZZXXZZY": -0.024628245729683966,
        "IYYIIXXI": 0.024628245729683966,
        "IXXIIYYI": 0.024628245729683966,
        "IXYIIYXI": -0.024628245729683966,
        "XZZYYZZX": -0.024628245729683966,
        "IYXXYIII": 0.024500238532872615,
        "IXXYYIII": -0.024500238532872615,
        "IXYYXIII": 0.024500238532872615,
        "IYYXXIII": -0.024500238532872615,
        "XZXXZXII": 0.024500238532872615,
        "XZXYZYII": 0.024500238532872615,
        "YZYXZXII": 0.024500238532872615,
        "YZYYZYII": 0.024500238532872615,
        "IYZYIYZY": -0.02441822802586467,
        "XZXIXZXI": -0.02441822802586467,
        "YZYIYZYI": -0.02441822802586467,
        "IXZXIXZX": -0.02441822802586467,
        "YYIIIIXX": -0.024267374249830893,
        "YXIIIIXY": 0.024267374249830893,
        "XXIIIIYY": -0.024267374249830893,
        "XYIIIIYX": 0.024267374249830893,
        "IIIYZZIY": -0.02338450413954824,
        "IIIXZZIX": -0.02338450413954824,
        "IIXZZZXZ": -0.02338450413954824,
        "IIYZZZYZ": -0.02338450413954824,
        "XZIZXIII": 0.022048950231499078,
        "IXZIZXII": 0.022048950231499078,
        "IYZIZYII": 0.022048950231499078,
        "YZIZYIII": 0.022048950231499078,
        "IYZZZYZI": 0.021476825762834356,
        "IXZZZXZI": 0.021476825762834356,
        "YZZZYIIZ": 0.021476825762834356,
        "XZZZXIIZ": 0.021476825762834356,
        "IZXZZZXI": -0.021061897360589436,
        "IZYZZZYI": -0.021061897360589436,
        "ZIIYZZZY": -0.021061897360589436,
        "ZIIXZZZX": -0.021061897360589436,
        "ZXZZZXII": 0.02039129829189842,
        "ZYZZZYII": 0.02039129829189842,
        "XIZZXIII": 0.020391298291898417,
        "YIZZYIII": 0.020391298291898417,
        "IIIXZZZX": 0.017266560724924614,
        "IIIYZZZY": 0.017266560724924614,
        "IIXZZZXI": 0.017266560724924614,
        "IIYZZZYI": 0.017266560724924614,
        "IYXIXZZY": 0.013240139917215009,
        "XZZYIYXI": 0.013240139917215009,
        "IYYIYZZY": 0.013240139917215009,
        "XZZXIXXI": 0.013240139917215009,
        "IXYIYZZX": 0.013240139917215009,
        "IXXIXZZX": 0.013240139917215009,
        "YZZXIXYI": 0.013240139917215009,
        "YZZYIYYI": 0.013240139917215009,
        "IXZXIYZY": -0.013030122213395718,
        "IYZYIXZX": -0.013030122213395718,
        "XZXIYZYI": -0.013030122213395718,
        "YZYIXZXI": -0.013030122213395718,
        "IXZYIYZX": -0.011388105812468957,
        "XZYIYZXI": -0.011388105812468957,
        "IYZXIXZY": -0.011388105812468957,
        "YZXIXZYI": -0.011388105812468957,
        "IYZZZYIZ": 0.011234473400252847,
        "IXZZZXIZ": 0.011234473400252847,
        "YZZZYIZI": 0.011234473400252847,
        "XZZZXIZI": 0.011234473400252847,
        "XXYZZZZY": -0.010770994389681817,
        "YYXZZZZX": -0.010770994389681817,
        "YXXZZZZY": 0.010770994389681817,
        "XYIYZZXI": -0.010770994389681817,
        "XXIXZZXI": -0.010770994389681817,
        "YYIYZZYI": -0.010770994389681817,
        "YXIXZZYI": -0.010770994389681817,
        "XYYZZZZX": 0.010770994389681817,
        "ZIYZZZYI": -0.010290902970907616,
        "ZIXZZZXI": -0.010290902970907616,
        "IZIYZZZY": -0.010290902970907616,
        "IZIXZZZX": -0.010290902970907616,
        "IXZZYIYX": 0.01024235236258151,
        "YZZZZYXX": 0.01024235236258151,
        "YZZZZXXY": -0.01024235236258151,
        "IXZZXIXX": 0.01024235236258151,
        "XZZZZXYY": 0.01024235236258151,
        "IYZZYIYY": 0.01024235236258151,
        "IYZZXIXY": 0.01024235236258151,
        "XZZZZYYX": -0.01024235236258151,
        "IXZZZXII": 0.005562131997510945,
        "IYZZZYII": 0.005562131997510945,
        "XZZZXIII": 0.005562131997510936,
        "YZZZYIII": 0.005562131997510936,
        "IYIZZYII": -0.0024512883013735358,
        "IXIZZXII": -0.0024512883013735358,
        "YZZIYIII": -0.0024512883013735358,
        "XZZIXIII": -0.0024512883013735358,
        "YZZZYZII": 0.0017156570386365737,
        "IYZZIYII": 0.0017156570386365737,
        "IXZZIXII": 0.0017156570386365737,
        "XZZZXZII": 0.0017156570386365737,
        "IIXIZZXI": -0.0010141239253515975,
        "IIYIZZYI": -0.0010141239253515975,
        "IIZXZZZX": -0.0010141239253515972,
        "IIZYZZZY": -0.0010141239253515972,
        "IIXZZIXI": -0.0007036277600324251,
        "IIIXIZZX": -0.0007036277600324251,
        "IIIYIZZY": -0.0007036277600324251,
        "IIYZZIYI": -0.0007036277600324251
    },
    "data": {
        "molecule_id": "H4_singlet_Dooh",
        "qubit_encoding": "JW",
        "unit": "Angstrom",
        "basis": "sto-3g",
        "charge": 0,
        "multiplicity": 1,