{
    "hamiltonian": {
        "IIIIIIIZ": -0.42528018530275585,
        "IIIIIIZI": -0.42528018530275585,
        "IZIIIIII": 0.19907443360861513,
        "ZIIIIIII": 0.1990744336086151,
        "IIIIIIZZ": 0.15490587191609886,
        "ZIIIIIIZ": 0.13797764227726741,
        "IZIIIIZI": 0.13797764227726741,
        "ZZIIIIII": 0.13059879682261946,
        "IIIIIZZI": 0.1272956389968109,
        "IIIIZIIZ": 0.1272956389968109,
        "IIIIZZII": 0.12277073644813509,
        "IIIZIIZI": 0.12237521096848106,
        "IIZIIIIZ": 0.12237521096848106,
        "IIZZIIII": 0.11884243262975884,
        "ZIIIIZII": 0.11755644771890221,
        "IZIIZIII": 0.11755644771890221,
        "IIIZZIII": 0.11718888568921468,
        "IIZIIZII": 0.11718888568921468,
        "IZZIIIII": 0.11438645302676152,
        "ZIIZIIII": 0.11438645302676152,
        "ZIIIIIZI": 0.11417279786202514,
        "IZIIIIIZ": 0.11417279786202514,
        "IIIIIZII": -0.10698072626820741,
        "IIIIZIII": -0.10698072626820736,
        "IIIZIIIZ": 0.0966690370608704,
        "IIZIIIZI": 0.0966690370608704,
        "IZIIIZII": 0.09072593193320828,
        "ZIIIZIII": 0.09072593193320828,
        "IIIZIIII": 0.08947530429433459,
        "IIZIIIII": 0.08947530429433456,
        "IIIIZIZI": 0.08718009799642226,
        "IIIIIZIZ": 0.08718009799642226,
        "IIZIZIII": 0.08282181200356507,
        "IIIZIZII": 0.08282181200356507,
        "IZIZIIII": 0.07516374230799587,
        "ZIZIIIII": 0.07516374230799587,
        "IIIIIIII": -0.058832611363632034,
        "IIIIYXXY": 0.04011554100038864,
        "IIIIYYXX": -0.04011554100038864,
        "IIIIXXYY": -0.04011554100038864,
        "IIIIXYYX": 0.04011554100038864,
        "YYXXIIII": -0.03922271071876565,
        "YXXYIIII": 0.03922271071876565,
        "XXYYIIII": -0.03922271071876565,
        "XYYXIIII": 0.03922271071876565,
        "IXZXXZXI": -0.037060496759438996,
        "IXZXYZYI": -0.037060496759438996,
        "IYZYXZXI": -0.037060496759438996,
        "XZXIIXZX": -0.037060496759438996,
        "XZXIIYZY": -0.037060496759438996,
        "YZYIIXZX": -0.037060496759438996,
        "YZYIIYZY": -0.037060496759438996,
        "IYZYYZYI": -0.037060496759438996,
        "IIYXXYII": 0.03436707368564961,
        "IIXXYYII": -0.03436707368564961,
        "IIXYYXII": 0.03436707368564961,
        "IIYYXXII": -0.03436707368564961,
        "IIIXZIZX": -0.02749350291210227,
        "IIXZIZXI": -0.02749350291210227,
        "IIYZIZYI": -0.02749350291210227,
        "IIIYZIZY": -0.02749350291210227,
        "XXIIYYII": -0.026830515785693933,
        "XYIIYXII": 0.026830515785693933,
        "YYIIXXII": -0.026830515785693933,
        "YXIIXYII": 0.026830515785693933,
        "IIXYIIYX": 0.025706173907610645,
        "IIXXIIYY": -0.025706173907610645,
        "IIYYIIXX": -0.025706173907610645,
        "IIYXIIXY": 0.025706173907610645,
        "IIYZYXZX": -0.025323652055157693,
        "IIXZXYZY": -0.025323652055157693,
        "IIXZXXZX": -0.025323652055157693,
        "IIYZYYZY": -0.025323652055157693,
        "IIIYXXYI": -0.025323652055157693,
        "IIIXXYYI": 0.025323652055157693,
        "IIIYYXXI": 0.025323652055157693,
        "IIIXYYXI": -0.025323652055157693,
        "IXYYXIII": 0.025269180786461228,
        "IXXYYIII": -0.025269180786461228,
        "IYXXYIII": 0.025269180786461228,
        "IYYXXIII": -0.025269180786461228,
        "YZYYZYII": 0.025269180786461228,
        "YZYXZXII": 0.025269180786461228,
        "XZXYZYII": 0.025269180786461228,
        "XZXXZXII": 0.025269180786461228,
        "YZYIYZYI": -0.02525675583697434,
        "XZXIXZXI": -0.02525675583697434,
        "IXZXIXZX": -0.02525675583697434,
        "IYZYIYZY": -0.02525675583697434,
        "IIYZZZYZ": -0.0249838097298245,
        "IIIXZZIX": -0.0249838097298245,
        "IIIYZZIY": -0.0249838097298245,
        "IIXZZZXZ": -0.0249838097298245,
        "IXXIIYYI": 0.02401033028760911,
        "IYYIIXXI": 0.02401033028760911,
        "IYXIIXYI": -0.02401033028760911,
        "IXYIIYXI": -0.02401033028760911,
        "YZZXXZZY": -0.02401033028760911,
        "YZZYXZZX": 0.02401033028760911,
        "XZZXYZZY": 0.02401033028760911,
        "XZZYYZZX": -0.02401033028760911,
        "YXIIIIXY": 0.02380484441524227,
        "YYIIIIXX": -0.02380484441524227,
        "XXIIIIYY": -0.02380484441524227,
        "XYIIIIYX": 0.02380484441524227,
        "YZIZYIII": 0.02341958908783219,
        "XZIZXIII": 0.02341958908783219,
        "IYZIZYII": 0.02341958908783219,
        "IXZIZXII": 0.02341958908783219,
        "IYZZZYZI": 0.022797409452836565,
        "XZZZXIIZ": 0.022797409452836565,
        "YZZZYIIZ": 0.022797409452836565,
        "IXZZZXZI": 0.022797409452836565,
        "ZIIYZZZY": -0.02217604610402152,
        "IZXZZZXI": -0.02217604610402152,
        "IZYZZZYI": -0.02217604610402152,
        "ZIIXZZZX": -0.02217604610402152,
        "XIZZXIII": 0.021429221644774493,
        "YIZZYIII": 0.021429221644774493,
        "ZXZZZXII": 0.021429221644774493,
        "ZYZZZYII": 0.021429221644774493,
        "IIIXZZZX": 0.01935821281283343,
        "IIIYZZZY": 0.01935821281283343,
        "IIYZZZYI": 0.019358212812833415,
        "IIXZZZXI": 0.019358212812833415,
        "XZXIYZYI": -0.013050166471829893,
        "YZYIXZXI": -0.013050166471829893,
        "IXZXIYZY": -0.013050166471829893,
        "IYZYIXZX": -0.013050166471829893,
        "IYZXIXZY": -0.012206589365144451,
        "YZXIXZYI": -0.012206589365144451,
        "XZYIYZXI": -0.012206589365144451,
        "IXZYIYZX": -0.012206589365144451,
        "XZZZXIZI": 0.012140536518590915,
        "IYZZZYIZ": 0.012140536518590915,
        "IXZZZXIZ": 0.012140536518590915,
        "YZZZYIZI": 0.012140536518590915,
        "IYYIYZZY": 0.011803740922464662,
        "IYXIXZZY": 0.011803740922464662,
        "XZZYIYXI": 0.011803740922464662,
        "YZZYIYYI": 0.011803740922464662,
        "IXXIXZZX": 0.011803740922464662,
        "YZZXIXYI": 0.011803740922464662,
        "XZZXIXXI": 0.011803740922464662,
        "IXYIYZZX": 0.011803740922464662,
        "YXIXZZYI": -0.011249007969000462,
        "YXXZZZZY": 0.011249007969000462,
        "YYXZZZZX": -0.011249007969000462,
        "YYIYZZYI": -0.011249007969000462,
        "XYYZZZZX": 0.011249007969000462,
        "XYIYZZXI": -0.011249007969000462,
        "XXYZZZZY": -0.011249007969000462,
        "XXIXZZXI": -0.011249007969000462,
        "ZIYZZZYI": -0.010927038135021055,
        "ZIXZZZXI": -0.010927038135021055,
        "IZIYZZZY": -0.010927038135021055,
        "IZIXZZZX": -0.010927038135021055,
        "IYZZYIYY": 0.01065687293424565,
        "XZZZZYYX": -0.01065687293424565,
        "XZZZZXYY": 0.01065687293424565,
        "YZZZZYXX": 0.01065687293424565,
        "IXZZYIYX": 0.01065687293424565,
        "YZZZZXXY": -0.01065687293424565,
        "IXZZXIXX": 0.01065687293424565,
        "IYZZXIXY": 0.01065687293424565,
        "YZZZYIII": 0.004757995404443827,
        "XZZZXIII": 0.004757995404443827,
        "IYZZZYII": 0.004757995404443827,
        "IXZZZXII": 0.004757995404443827,
        "IYZZIYII": 0.003300990211592988,
        "IXZZIXII": 0.003300990211592988,
        "YZZZYZII": 0.0033009902115929877,
        "XZZZXZII": 0.0033009902115929877,
        "IIXIZZXI": -0.002183320134455136,
        "IIYIZZYI": -0.002183320134455136,
        "IIZYZZZY": -0.002183320134455136,
        "IIZXZZZX": -0.002183320134455136,
        "IIXZZIXI": -0.002169850856944571,
        "IIYZZIYI": -0.002169850856944571,
        "IIIXIZZX": -0.002169850856944571,
        "IIIYIZZY": -0.002169850856944571,
        "YZZIYIII": -0.0018495916986290349,
        "IXIZZXII": -0.0018495916986290349,
        "XZZIXIII": -0.0018495916986290349,
        "IYIZZYII": -0.0018495916986290349
    },
    "data": {
        "molecule_id": "H4_singlet_Dooh",
        "qubit_encoding": "JW",
        "unit": "Angstrom",
        "basis": "sto-3g",
        "charge": 0,
        "multiplicity": 1,
        "spin": 0,