{"n_qubits": 5, "qubits": [1, 2, 3, 4, 5], "fci_energy": -14.403655108067664, "hf_energy": -14.351880476202023, "CS_SRE": [0.25902158577071965, 0.43035499055704124, 0.5493376500853439, 0.5483854659146675, 0.5472054883183457], "CS_energy": [-14.372790903887603, -14.389439069339005, -14.403328602133818, -14.403479129166017, -14.403655108067742], "overlaps": [0.9451594727716776, 0.9144140950247719, 0.8951897700455466, 0.8954092882677213, 0.8956791766968183], "solver": "scipy", "data": {"molecule_id": "Be_singlet_Kh", "qubit_encoding": "JW", "unit": "Angstrom", "basis": "sto-3g", "charge": 0, "multiplicity": 1, "spin": 0, "geometry": "Be 0.0000000000 0.0000000000 0.0000000000", "n_qubits": 10, "n_particles": {"total": 4, "alpha": 2, "beta": 2}, "hf_array": [1, 1, 1, 1, 0, 0, 0, 0, 0, 0], "hf_method": "pyscf.scf.hf_symm.SymAdaptedRHF", "convergence_threshold": 1e-06, "point_group": {"groupname": "SO3", "topgroup": "SO3"}, "alpha": 1.0, "calculated_properties": {"HF": {"energy": -14.351880476202023, "converged": true}, "MP2": {"energy": -14.376238850841515, "converged": null}, "CISD": {"energy": -14.403645784721308, "converged": true}, "CCSD": {"energy": -14.403650751753784, "converged": true, "t1_diagnostic": 0.0}, "FCI": {"energy": -14.403655108067664, "converged": true, "spin_matches_target": true, "multiplicity": 0.9999999999999969, "oscillatory_converged": false, "oscillation_energy_change": null}}, "auxiliary_operators": {"number_operator": {"IIIIIIIIII": 5.0, "ZIIIIIIIII": -0.5, "IZIIIIIIII": -0.5, "IIZIIIIIII": -0.5, "IIIZIIIIII": -0.5, "IIIIZIIIII": -0.5, "IIIIIZIIII": -0.5, "IIIIIIZIII": -0.5, "IIIIIIIZII": -0.5, "IIIIIIIIZI": -0.5, "IIIIIIIIIZ": -0.5}, "N_alpha": {"IIIIIIIIII": 2.5, "ZIIIIIIIII": -0.5, "IIZIIIIIII": -0.5, "IIIIZIIIII": -0.5, "IIIIIIZIII": -0.5, "IIIIIIIIZI": -0.5}, "N_beta": {"IIIIIIIIII": 2.5, "IZIIIIIIII": -0.5, "IIIZIIIIII": -0.5, "IIIIIZIIII": -0.5, "IIIIIIIZII": -0.5, "IIIIIIIIIZ": -0.5}, "S^2_operator": {"IIIIIIIIII": 1.875, "ZZIIIIIIII": -0.375, "IIZZIIIIII": -0.375, "IIIIZZIIII": -0.375, "IIIIIIZZII": -0.375, "IIIIIIIIZZ": -0.375, "IIIIIIYYXX": 0.125, "IIIIIIXYYX": -0.125, "IIIIIIXYXY": 0.125, "ZIIZIIIIII": -0.125, "IIIIIIYYYY": 0.125, "ZIIIZIIIII": 0.125, "ZIIIIZIIII": -0.125, "ZIIIIIZIII": 0.125, "ZIIIIIIZII": -0.125, "ZIZIIIIIII": 0.125, "IIIIIIXXXX": 0.125, "IIIIIIYXXY": -0.125, "ZIIIIIIIZI": 0.125, "IIIIIIYXYX": 0.125, "IIIIXYIIXY": 0.125, "IIIIXYIIYX": -0.125, "IIIIYYIIXX": 0.125, "IIIIYYIIYY": 0.125, "IIIIXXIIXX": 0.125, "IIIIXXIIYY": 0.125, "IIIIYXIIXY": -0.125, "IIIIYXIIYX": 0.125, "IIIIXYXYII": 0.125, "IIIIXYYXII": -0.125, "IIIIIIXXYY": 0.125, "ZIIIIIIIIZ": -0.125, "IZZIIIIIII": -0.125, "IZIZIIIIII": 0.125, "IIIIIIZIIZ": -0.125, "IIIIIIZIZI": 0.125, "IIIIIZIIIZ": 0.125, "IIIIIZIIZI": -0.125, "IIIIIZIZII": 0.125, "IIIIIZZIII": -0.125, "IIIIZIIIIZ": -0.125, "IIIIZIIIZI": 0.125, "IIIIZIIZII": -0.125, "IIIIZIZIII": 0.125, "IIIZIIIIIZ": 0.125, "IIIZIIIIZI": -0.125, "IIIZIIIZII": 0.125, "IIIIYYXXII": 0.125, "IIIZIIZIII": -0.125, "IIIZZIIIII": -0.125, "IIZIIIIIIZ": -0.125, "IIZIIIIIZI": 0.125, "IIZIIIIZII": -0.125, "IIZIIIZIII": 0.125, "IIZIIZIIII": -0.125, "IIZIZIIIII": 0.125, "IZIIIIIIIZ": 0.125, "IZIIIIIIZI": -0.125, "IZIIIIIZII": 0.125, "IZIIIIZIII": -0.125, "IZIIIZIIII": 0.125, "IZIIZIIIII": -0.125, "IIIZIZIIII": 0.125, "IIIIYYYYII": 0.125, "IIIIXXYYII": 0.125, "IIIIIIIZZI": -0.125, "XXIIIIIIYY": 0.125, "YXIIIIIIXY": -0.125, "YXIIIIIIYX": 0.125, "XYIIIIXYII": 0.125, "XYIIIIYXII": -0.125, "YYIIIIXXII": 0.125, "YYIIIIYYII": 0.125, "XXIIIIXXII": 0.125, "XXIIIIYYII": 0.125, "YXIIIIXYII": -0.125, "YXIIIIYXII": 0.125, "XYIIXYIIII": 0.125, "XYIIYXIIII": -0.125, "YYIIXXIIII": 0.125, "YYIIYYIIII": 0.125, "XXIIXXIIII": 0.125, "XXIIYYIIII": 0.125, "YXIIXYIIII": -0.125, "YXIIYXIIII": 0.125, "XYXYIIIIII": 0.125, "XYYXIIIIII": -0.125, "YYXXIIIIII": 0.125, "YYYYIIIIII": 0.125, "XXXXIIIIII": 0.125, "XXYYIIIIII": 0.125, "YXXYIIIIII": -0.125, "YXYXIIIIII": 0.125, "XXIIIIIIXX": 0.125, "IIIIXXXXII": 0.125, "YYIIIIIIYY": 0.125, "XYIIIIIIYX": -0.125, "IIIIYXXYII": -0.125, "IIIIYXYXII": 0.125, "IIXYIIIIXY": 0.125, "IIXYIIIIYX": -0.125, "IIYYIIIIXX": 0.125, "IIYYIIIIYY": 0.125, "IIXXIIIIXX": 0.125, "IIXXIIIIYY": 0.125, "IIYXIIIIXY": -0.125, "IIYXIIIIYX": 0.125, "IIXYIIXYII": 0.125, "IIXYIIYXII": -0.125, "IIYYIIXXII": 0.125, "IIYYIIYYII": 0.125, "IIXXIIXXII": 0.125, "IIXXIIYYII": 0.125, "IIYXIIXYII": -0.125, "IIYXIIYXII": 0.125, "IIXYXYIIII": 0.125, "IIXYYXIIII": -0.125, "IIYYXXIIII": 0.125, "IIYYYYIIII": 0.125, "IIXXXXIIII": 0.125, "IIXXYYIIII": 0.125, "IIYXXYIIII": -0.125, "IIYXYXIIII": 0.125, "XYIIIIIIXY": 0.125, "YYIIIIIIXX": 0.125, "IIIIIIIZIZ": 0.125}, "UCCSD_operator": {"IIXXXYIIII": 0.024619198574771378, "IIXYXXIIII": -0.024619198574771378, "IIYXXXIIII": -0.024619198574771378, "IIYYXYIIII": -0.024619198574771378, "IIXYYYIIII": 0.024619198574771378, "IIYYYXIIII": -0.024619198574771378, "IIXXYXIIII": 0.024619198574771378, "IIYYIIIIXY": -0.024619198574771378, "IIYXYYIIII": 0.024619198574771378, "IIYXIIIIXX": -0.024619198574771378, "IIXXIIIIXY": 0.024619198574771378, "IIXYIIIIXX": -0.024619198574771378, "IIXYIIIIYY": 0.024619198574771378, "IIYXIIIIYY": 0.024619198574771378, "IIYYIIIIYX": -0.024619198574771378, "IIXXIIIIYX": 0.024619198574771378, "IIXXIIXYII": 0.024619198574771375, "IIYYIIXYII": -0.024619198574771375, "IIXYIIXXII": -0.024619198574771375, "IIYXIIXXII": -0.024619198574771375, "IIXYIIYYII": 0.024619198574771375, "IIYXIIYYII": 0.024619198574771375, "IIYYIIYXII": -0.024619198574771375, "IIXXIIYXII": 0.024619198574771375, "XZZYIIYYII": 0.0004444198948305087, "YZZXIIXXII": -0.0004444198948305087, "YZZXIIYYII": 0.0004444198948305087, "XZZYIIXXII": -0.0004444198948305087, "IYYIIIXYII": 0.0004444198948305087, "XZZXIIXYII": 0.0004444198948305087, "YZZYIIXYII": -0.0004444198948305087, "IXXIIIXYII": -0.0004444198948305087, "IXYIIIXXII": 0.0004444198948305087, "YZZYIIYXII": -0.0004444198948305087, "XZZXIIYXII": 0.0004444198948305087, "IYYIIIYXII": 0.0004444198948305087, "IXXIIIYXII": -0.0004444198948305087, "IXYIIIYYII": -0.0004444198948305087, "IYXIIIXXII": 0.0004444198948305087, "IYXIIIYYII": -0.0004444198948305087, "IXXIXYIIII": -0.0004444198948305086, "IXYIXXIIII": 0.0004444198948305086, "IYYIXYIIII": 0.0004444198948305086, "IXYIIIIIXX": 0.0004444198948305086, "IXXIIIIIYX": -0.0004444198948305086, "IYYIIIIIXY": 0.0004444198948305086, "IXXIIIIIXY": -0.0004444198948305086, "IXYIIIIIYY": -0.0004444198948305086, "IYXIIIIIYY": -0.0004444198948305086, "IYYIIIIIYX": 0.0004444198948305086, "IYXIIIIIXX": 0.0004444198948305086, "IYXIXXIIII": 0.0004444198948305086, "YZZYXYIIII": -0.0004444198948305086, "XZZXXYIIII": 0.0004444198948305086, "XZZYXXIIII": -0.0004444198948305086, "YZZXXXIIII": -0.0004444198948305086, "YZZXYYIIII": 0.0004444198948305086, "YZZYYXIIII": -0.0004444198948305086, "XZZXYXIIII": 0.0004444198948305086, "IXYIYYIIII": -0.0004444198948305086, "XZZYYYIIII": 0.0004444198948305086, "XZZXIIIIYX": 0.0004444198948305086, "YZZYIIIIYX": -0.0004444198948305086, "IYXIYYIIII": -0.0004444198948305086, "IYYIYXIIII": 0.0004444198948305086, "IXXIYXIIII": -0.0004444198948305086, "YZZYIIIIXY": -0.0004444198948305086, "XZZXIIIIXY": 0.0004444198948305086, "XZZYIIIIXX": -0.0004444198948305086, "YZZXIIIIXX": -0.0004444198948305086, "XZZYIIIIYY": 0.0004444198948305086, "YZZXIIIIYY": 0.0004444198948305086, "XXIIIIXYII": 0.00010580623244091096, "XYIIIIXXII": -0.00010580623244091096, "YXIIIIXXII": -0.00010580623244091096, "YXIIIIYYII": 0.00010580623244091096, "YYIIIIXYII": -0.00010580623244091096, "YYIIIIYXII": -0.00010580623244091096, "XYIIIIYYII": 0.00010580623244091096, "XXIIIIYXII": 0.00010580623244091096, "YYIIXYIIII": -0.0001058062324409109, "XXIIXYIIII": 0.0001058062324409109, "XYIIXXIIII": -0.0001058062324409109, "YXIIXXIIII": -0.0001058062324409109, "XYIIYYIIII": 0.0001058062324409109, "YXIIYYIIII": 0.0001058062324409109, "YYIIYXIIII": -0.0001058062324409109, "XXIIYXIIII": 0.0001058062324409109, "XXIIIIIIYX": 0.0001058062324409109,