{
  "hamiltonian": {
    "IIIIIIIIII": 12.898280812137946,
    "IIIIIIIIIZ": -2.5441460995113556,
    "IIIIIIIIZI": -2.5441460995113556,
    "IIIIIIZIII": -2.5441460995113556,
    "IIIIIZIIII": -2.5441460995113556,
    "IIIIIIIZII": -2.5441460995113556,
    "IIIIZIIIII": -2.5441460995113556,
    "IIIZIIIIII": -1.6621267550640408,
    "IIZIIIIIII": -1.6621267550640408,
    "IZIIIIIIII": -1.1710216228042545,
    "ZIIIIIIIII": -1.1710216228042545,
    "IXZXIIIIII": 0.421902726959209,
    "IYZYIIIIII": 0.421902726959209,
    "YZYIIIIIII": 0.42190272695920894,
    "XZXIIIIIII": 0.42190272695920894,
    "IIIIIIZZII": 0.24162186946871383,
    "IIIIZZIIII": 0.24162186946871383,
    "IIIIIIIIZZ": 0.24162186946871383,
    "IIIIIZIIZI": 0.21203551810519786,
    "IIIIZIIIIZ": 0.21203551810519786,
    "IIIIIZZIII": 0.21203551810519783,
    "IIIIIIIZZI": 0.21203551810519783,
    "IIIIIIZIIZ": 0.21203551810519783,
    "IIIIZIIZII": 0.21203551810519783,
    "IIIIZIZIII": 0.19724234242343985,
    "IIIIZIIIZI": 0.19724234242343985,
    "IIIIIIIZIZ": 0.19724234242343985,
    "IIIIIZIZII": 0.19724234242343985,
    "IIIIIZIIIZ": 0.19724234242343985,
    "IIIIIIZIZI": 0.19724234242343985,
    "ZIIIIIIIIZ": 0.18290747998064566,
    "IZIIIIZIII": 0.18290747998064566,
    "ZIIIIIIZII": 0.18290747998064566,
    "ZIIIIZIIII": 0.18290747998064566,
    "IZIIIIIIZI": 0.18290747998064566,
    "IZIIZIIIII": 0.18290747998064566,
    "IIZIIZIIII": 0.17531734661136633,
    "IIIZIIIIZI": 0.17531734661136633,
    "IIIZZIIIII": 0.17531734661136633,
    "IIZIIIIIIZ": 0.17531734661136633,
    "IIIZIIZIII": 0.17531734661136633,
    "IIZIIIIZII": 0.17531734661136633,
    "IIZZIIIIII": 0.16058683782282251,
    "IIIZIIIZII": 0.15946176810800544,
    "IIIZIIIIIZ": 0.15946176810800544,
    "IIZIZIIIII": 0.15946176810800544,
    "IIZIIIIIZI": 0.15946176810800544,
    "IIIZIZIIII": 0.15946176810800544,
    "IIZIIIZIII": 0.15946176810800544,
    "ZZIIIIIIII": 0.15717791338784096,
    "IZZIIIIIII": 0.15292069989976542,
    "ZIIZIIIIII": 0.15292069989976542,
    "IZIIIZIIII": 0.1491675057442817,
    "IZIIIIIIIZ": 0.1491675057442817,
    "ZIIIIIIIZI": 0.1491675057442817,
    "ZIIIZIIIII": 0.1491675057442817,
    "IZIIIIIZII": 0.1491675057442817,
    "ZIIIIIZIII": 0.1491675057442817,
    "ZIZIIIIIII": 0.11381450770640116,
    "IZIZIIIIII": 0.11381450770640116,
    "IXZXIIZIII": -0.06381119796277282,
    "IYZYZIIIII": -0.06381119796277282,
    "IXZXZIIIII": -0.06381119796277282,
    "XZXIIIIIIZ": -0.06381119796277282,
    "XZXIIZIIII": -0.06381119796277282,
    "YZYIIIIIIZ": -0.06381119796277282,
    "IXZXIIIIZI": -0.06381119796277282,
    "XZXIIIIZII": -0.06381119796277282,
    "YZYIIIIZII": -0.06381119796277282,
    "IYZYIIIIZI": -0.06381119796277282,
    "IYZYIIZIII": -0.06381119796277282,
    "YZYIIZIIII": -0.06381119796277282,
    "XZXZIIIIII": -0.05397061275118889,
    "YZYZIIIIII": -0.05397061275118889,
    "IYIYIIIIII": -0.05397061275118889,
    "IXIXIIIIII": -0.05397061275118889,
    "ZYZYIIIIII": -0.04654384517115007,
    "YIYIIIIIII": -0.04654384517115007,
    "XIXIIIIIII": -0.04654384517115007,
    "ZXZXIIIIII": -0.04654384517115007,
    "IXZXIIIZII": -0.043318225049517094,
    "IXZXIIIIIZ": -0.043318225049517094,
    "IYZYIIIIIZ": -0.043318225049517094,
    "YZYIZIIIII": -0.043318225049517094,
    "IYZYIIIZII": -0.043318225049517094,
    "XZXIZIIIII": -0.043318225049517094,
    "XZXIIIZIII": -0.043318225049517094,
    "YZYIIIIIZI": -0.043318225049517094,
    "IXZXIZIIII": -0.043318225049517094,
    "IYZYIZIIII": -0.043318225049517094,
    "YZYIIIZIII": -0.043318225049517094,
    "XZXIIIIIZI": -0.043318225049517094,
    "XYYXIIIIII": 0.039106192193364274,
    "XXYYIIIIII": -0.039106192193364274,
    "YXXYIIIIII": 0.039106192193364274,
    "YYXXIIIIII": -0.039106192193364274,
    "XYIIYXIIII": 0.033739974236363955,
    "XYIIIIIIYX": 0.033739974236363955,
    "XXIIIIIIYY": -0.033739974236363955,
    "YYIIIIIIXX": -0.033739974236363955,
    "YXIIIIIIXY": 0.033739974236363955,
    "XYIIIIYXII": 0.033739974236363955,
    "YYIIIIXXII": -0.033739974236363955,
    "YXIIIIXYII": 0.033739974236363955,
    "YXIIXYIIII": 0.033739974236363955,
    "YYIIXXIIII": -0.033739974236363955,
    "XXIIYYIIII": -0.033739974236363955,
    "XXIIIIYYII": -0.033739974236363955,
    "YZZYIIXXII": -0.02049297291325572,
    "YZZXIIXYII": 0.02049297291325572,
    "XZZYYXIIII": 0.02049297291325572,
    "IXXIIIXXII": -0.02049297291325572,
    "YZZYXXIIII": -0.02049297291325572,
    "YZZXXYIIII": 0.02049297291325572,
    "XZZXIIYYII": -0.02049297291325572,
    "XZZXYYIIII": -0.02049297291325572,
    "IYYIIIYYII": -0.02049297291325572,
    "XZZYIIYXII": 0.02049297291325572,
    "IYXIIIXYII": -0.02049297291325572,
    "IXYIIIYXII": -0.02049297291325572,
    "IYXIIIIIXY": -0.02049297291325572,
    "IYYIIIIIYY": -0.02049297291325572,
    "IXXIIIIIXX": -0.02049297291325572,
    "IXYIIIIIYX": -0.02049297291325572,
    "IXYIYXIIII": -0.02049297291325572,
    "IXXIXXIIII": -0.02049297291325572,
    "IYYIYYIIII": -0.02049297291325572,
    "IYXIXYIIII": -0.02049297291325572,
    "XZZYIIIIYX": 0.02049297291325572,
    "YZZXIIIIXY": 0.02049297291325572,
    "XZZXIIIIYY": -0.02049297291325572,
    "YZZYIIIIXX": -0.02049297291325572,
    "IIXYIIIIYX": 0.015855578503360914,
    "IIXXIIIIYY": -0.015855578503360914,
    "IIYXIIXYII": 0.015855578503360914,
    "IIYYIIIIXX": -0.015855578503360914,
    "IIYXIIIIXY": 0.015855578503360914,
    "IIXYIIYXII": 0.015855578503360914,
    "IIYXXYIIII": 0.015855578503360914,
    "IIYYXXIIII": -0.015855578503360914,
    "IIXXYYIIII": -0.015855578503360914,
    "IIXYYXIIII": 0.015855578503360914,
    "IIYYIIXXII": -0.015855578503360914,
    "IIXXIIYYII": -0.015855578503360914,
    "IIIIIIXYYX": 0.014793175681757989,
    "IIIIIIXXYY": -0.014793175681757989,
    "IIIIIIYYXX": -0.014793175681757989,
    "IIIIYXIIXY": 0.014793175681757989,
    "IIIIXYYXII": 0.014793175681757989,
    "IIIIYXXYII": 0.014793175681757989,
    "IIIIYYXXII": -0.014793175681757989,
    "IIIIXYIIYX": 0.014793175681757989,
    "IIIIXXYYII": -0.014793175681757989,
    "IIIIYYIIXX": -0.014793175681757989,
    "IIIIIIYXXY": 0.014793175681757989,
    "IIIIXXIIYY": -0.014793175681757989
  },
  "data": {
    "molecule_id": "H+_singlet_Kh",
    "qubit_encoding": "JW",
    "unit": "Angstrom",
    "basis": "6-31g**",
    "charge": 1,
    "multiplicity": 1,
    "spin": 0,
    "geometry": "H 0.0000000000 0.0000000000 0.0000000000",
    "n_qubits": 10,
    "n_particles": {
      "total": 0,
      "alpha": 0,
      "beta": 0
    },
    "hf_array": [
      0,
      0,
      0,
      0,
      0,
      0,
      0,
      0,
      0,
      0
    ],
    "hf_method": "pyscf.scf.hf_symm.SymAdaptedRHF",
    "convergence_threshold": 1e-06,
    "point_group": {
      "groupname": "SO3",
      "topgroup": "SO3"
    },
    "alpha": 1.0,
    "calculated_properties": {
      "HF": {
        "energy": 0.0,
        "converged": true
      },
      "MP2": {
        "energy": null,
        "converged": null
      },
      "CISD": {
        "energy": null,
        "converged": false
      },
      "CCSD": {
        "energy": null,
        "converged": false,
        "t1_diagnostic": null
      },
      "FCI": {
        "energy": 0.0,
        "converged": true,
        "spin_matches_target": true,
        "multiplicity": 1.0,
        "oscillatory_converged": false,
        "oscillation_energy_change": null
      }
    },
    "auxiliary_operators": {
      "number_operator": {
        "IIIIIIIIII": 5.0,
        "ZIIIIIIIII": -0.5,
        "IZIIIIIIII": -0.5,
        "IIZIIIIIII": -0.5,
        "IIIZIIIIII": -0.5,
        "IIIIZIIIII": -0.5,
        "IIIIIZIIII": -0.5,
        "IIIIIIZIII": -0.5,
        "IIIIIIIZII": -0.5,
        "IIIIIIIIZI": -0.5,
        "IIIIIIIIIZ": -0.5
      },
      "N_alpha": {
        "IIIIIIIIII": 2.5,
        "ZIIIIIIIII": -0.5,
        "IIZIIIIIII": -0.5,
        "IIIIZIIIII": -0.5,
        "IIIIIIZIII": -0.5,