{
  "hamiltonian": {
    "IIIIIIIIII": 9.059679137312292,
    "IIIIIIZIII": -1.8727472342190117,
    "IIIIIIIZII": -1.8727472342190115,
    "IIIIZIIIII": -1.872747234219011,
    "IIIIIIIIZI": -1.872747234219011,
    "IIIIIIIIIZ": -1.872747234219011,
    "IIIIIZIIII": -1.8727472342190108,
    "IIIZIIIIII": -1.2036280526587495,
    "IIZIIIIIII": -1.2036280526587493,
    "IZIIIIIIII": -1.0308535881188843,
    "ZIIIIIIIII": -1.030853588118884,
    "YZYIIIIIII": -0.3286441929648362,
    "XZXIIIIIII": -0.3286441929648362,
    "IXZXIIIIII": -0.32864419296483616,
    "IYZYIIIIII": -0.32864419296483616,
    "IIIIIIZZII": 0.19642967724918134,
    "IIIIZZIIII": 0.19642967724918134,
    "IIIIIIIIZZ": 0.19642967724918134,
    "IIIIIIIZZI": 0.17237706370846534,
    "IIIIIIZIIZ": 0.17237706370846534,
    "IIIIIZIIZI": 0.17237706370846534,
    "IIIIIZZIII": 0.17237706370846534,
    "IIIIZIIIIZ": 0.17237706370846534,
    "IIIIZIIZII": 0.17237706370846534,
    "IZIIZIIIII": 0.16580429757780796,
    "ZIIIIIIIIZ": 0.16580429757780796,
    "ZIIIIIIZII": 0.16580429757780796,
    "IZIIIIZIII": 0.16580429757780796,
    "ZIIIIZIIII": 0.16580429757780796,
    "IZIIIIIIZI": 0.16580429757780796,
    "IIIIIIIZIZ": 0.1603507569381073,
    "IIIIZIIIZI": 0.1603507569381073,
    "IIIIZIZIII": 0.1603507569381073,
    "IIIIIIZIZI": 0.1603507569381073,
    "IIIIIZIZII": 0.1603507569381073,
    "IIIIIZIIIZ": 0.1603507569381073,
    "ZZIIIIIIII": 0.15631582628289833,
    "IZIIIIIIIZ": 0.13315186491308137,
    "ZIIIIIZIII": 0.13315186491308137,
    "IZIIIZIIII": 0.13315186491308137,
    "ZIIIZIIIII": 0.13315186491308137,
    "ZIIIIIIIZI": 0.13315186491308137,
    "IZIIIIIZII": 0.13315186491308137,
    "IIZIIIIZII": 0.1323251978956359,
    "IIIZIIZIII": 0.1323251978956359,
    "IIIZZIIIII": 0.13232519789563588,
    "IIZIIZIIII": 0.13232519789563588,
    "IIIZIIIIZI": 0.13232519789563588,
    "IIZIIIIIIZ": 0.13232519789563588,
    "ZIIZIIIIII": 0.12968039956983424,
    "IZZIIIIIII": 0.12968039956983424,
    "IIZIZIIIII": 0.1243709856874861,
    "IIIZIIIIIZ": 0.1243709856874861,
    "IIZIIIIIZI": 0.1243709856874861,
    "IIIZIZIIII": 0.1243709856874861,
    "IIZIIIZIII": 0.12437098568748609,
    "IIIZIIIZII": 0.12437098568748609,
    "IIZZIIIIII": 0.11526473905688556,
    "IZIZIIIIII": 0.09762807650327512,
    "ZIZIIIIIII": 0.09762807650327512,
    "IXZXIIIIZI": 0.04767708936301986,
    "XZXIIIIIIZ": 0.04767708936301986,
    "YZYIIZIIII": 0.04767708936301986,
    "XZXIIZIIII": 0.04767708936301986,
    "IYZYIIIIZI": 0.04767708936301986,
    "YZYIIIIIIZ": 0.04767708936301986,
    "IXZXZIIIII": 0.04767708936301986,
    "IYZYZIIIII": 0.04767708936301986,
    "YZYIIIIZII": 0.047677089363019856,
    "IYZYIIZIII": 0.047677089363019856,
    "IXZXIIZIII": 0.047677089363019856,
    "XZXIIIIZII": 0.047677089363019856,
    "ZYZYIIIIII": 0.045428383215937646,
    "YIYIIIIIII": 0.045428383215937646,
    "XIXIIIIIII": 0.045428383215937646,
    "ZXZXIIIIII": 0.045428383215937646,
    "IYIYIIIIII": 0.0359510396011892,
    "XZXZIIIIII": 0.0359510396011892,
    "YZYZIIIIII": 0.0359510396011892,
    "IXIXIIIIII": 0.0359510396011892,
    "YZYIZIIIII": 0.03474450068621664,
    "XZXIZIIIII": 0.03474450068621664,
    "IYZYIZIIII": 0.03474450068621664,
    "YZYIIIIIZI": 0.03474450068621664,
    "XZXIIIIIZI": 0.03474450068621664,
    "IXZXIZIIII": 0.03474450068621664,
    "IYZYIIIIIZ": 0.03474450068621664,
    "IXZXIIIIIZ": 0.03474450068621664,
    "IYZYIIIZII": 0.03474450068621663,
    "XZXIIIZIII": 0.03474450068621663,
    "YZYIIIZIII": 0.03474450068621663,
    "IXZXIIIZII": 0.03474450068621663,
    "YYIIIIIIXX": -0.03265243266472658,
    "XYIIYXIIII": 0.03265243266472658,
    "YXIIIIIIXY": 0.03265243266472658,
    "YYIIIIXXII": -0.03265243266472658,
    "XXIIYYIIII": -0.03265243266472658,
    "YXIIIIXYII": 0.03265243266472658,
    "YYIIXXIIII": -0.03265243266472658,
    "XXIIIIYYII": -0.03265243266472658,
    "YXIIXYIIII": 0.03265243266472658,
    "XYIIIIIIYX": 0.03265243266472658,
    "XXIIIIIIYY": -0.03265243266472658,
    "XYIIIIYXII": 0.03265243266472658,
    "XYYXIIIIII": 0.032052323066559106,
    "XXYYIIIIII": -0.032052323066559106,
    "YYXXIIIIII": -0.032052323066559106,
    "YXXYIIIIII": 0.032052323066559106,
    "IYXIIIXYII": 0.012932588676803232,
    "XZZYIIYXII": -0.012932588676803232,
    "YZZXIIXYII": -0.012932588676803232,
    "IXYIIIYXII": 0.012932588676803232,
    "IXXIIIXXII": 0.012932588676803232,
    "IYYIIIYYII": 0.012932588676803232,
    "XZZXIIYYII": 0.012932588676803232,
    "YZZYIIXXII": 0.012932588676803232,
    "IXXIXXIIII": 0.01293258867680323,
    "IYYIYYIIII": 0.01293258867680323,
    "IXYIYXIIII": 0.01293258867680323,
    "IYXIXYIIII": 0.01293258867680323,
    "IYXIIIIIXY": 0.01293258867680323,
    "IYYIIIIIYY": 0.01293258867680323,
    "IXXIIIIIXX": 0.01293258867680323,
    "IXYIIIIIYX": 0.01293258867680323,
    "XZZYYXIIII": -0.012932588676803226,
    "XZZXYYIIII": 0.012932588676803226,
    "YZZYXXIIII": 0.012932588676803226,
    "YZZXXYIIII": -0.012932588676803226,
    "YZZYIIIIXX": 0.012932588676803226,
    "YZZXIIIIXY": -0.012932588676803226,
    "XZZXIIIIYY": 0.012932588676803226,
    "XZZYIIIIYX": -0.012932588676803226,
    "IIIIIIXXYY": -0.01202630677035804,
    "IIIIIIYYXX": -0.01202630677035804,
    "IIIIIIXYYX": 0.01202630677035804,
    "IIIIIIYXXY": 0.01202630677035804,
    "IIIIXYIIYX": 0.01202630677035804,
    "IIIIXXIIYY": -0.01202630677035804,
    "IIIIYYIIXX": -0.01202630677035804,
    "IIIIYXIIXY": 0.01202630677035804,
    "IIIIXYYXII": 0.01202630677035804,
    "IIIIXXYYII": -0.01202630677035804,
    "IIIIYYXXII": -0.01202630677035804,
    "IIIIYXXYII": 0.01202630677035804,
    "IIXYIIYXII": 0.00795421220814979,
    "IIYXIIXYII": 0.00795421220814979,
    "IIYYIIXXII": -0.00795421220814979,
    "IIXXIIYYII": -0.00795421220814979,
    "IIYYXXIIII": -0.007954212208149765,
    "IIYYIIIIXX": -0.007954212208149765,
    "IIYXIIIIXY": 0.007954212208149765,
    "IIXXYYIIII": -0.007954212208149765,
    "IIXYIIIIYX": 0.007954212208149765,
    "IIYXXYIIII": 0.007954212208149765,
    "IIXYYXIIII": 0.007954212208149765,
    "IIXXIIIIYY": -0.007954212208149765
  },
  "data": {
    "molecule_id": "H+_singlet_Kh",
    "qubit_encoding": "JW",
    "unit": "Angstrom",
    "basis": "cc-pvdz",
    "charge": 1,
    "multiplicity": 1,
    "spin": 0,
    "geometry": "H 0.0000000000 0.0000000000 0.0000000000",
    "n_qubits": 10,
    "n_particles": {
      "total": 0,
      "alpha": 0,
      "beta": 0
    },
    "hf_array": [
      0,
      0,
      0,
      0,
      0,
      0,
      0,
      0,
      0,
      0
    ],
    "hf_method": "pyscf.scf.hf_symm.SymAdaptedRHF",
    "convergence_threshold": 1e-06,
    "point_group": {
      "groupname": "SO3",
      "topgroup": "SO3"
    },
    "alpha": 1.0,
    "calculated_properties": {
      "HF": {
        "energy": 0.0,
        "converged": true
      },
      "MP2": {
        "energy": null,
        "converged": null
      },
      "CISD": {
        "energy": null,
        "converged": false
      },
      "CCSD": {
        "energy": null,
        "converged": false,
        "t1_diagnostic": null
      },
      "FCI": {
        "energy": 0.0,
        "converged": true,
        "spin_matches_target": true,
        "multiplicity": 1.0,
        "oscillatory_converged": false,
        "oscillation_energy_change": null
      }
    },
    "auxiliary_operators": {
      "number_operator": {
        "IIIIIIIIII": 5.0,
        "ZIIIIIIIII": -0.5,
        "IZIIIIIIII": -0.5,
        "IIZIIIIIII": -0.5,
        "IIIZIIIIII": -0.5,
        "IIIIZIIIII": -0.5,
        "IIIIIZIIII": -0.5,
        "IIIIIIZIII": -0.5,
        "IIIIIIIZII": -0.5,
        "IIIIIIIIZI": -0.5,
        "IIIIIIIIIZ": -0.5
      },
      "N_alpha": {
        "IIIIIIIIII": 2.5,
        "ZIIIIIIIII": -0.5,
        "IIZIIIIIII": -0.5,
        "IIIIZIIIII": -0.5,
        "IIIIIIZIII": -0.5,
        "IIIIIIIIZI": -0.5
      },
      "N_beta": {
        "IIIIIIIIII": 2.5,