{
    "hamiltonian": {
        "IIII": -1.0271688629618136,
        "IZII": 0.8311290338733552,
        "ZIII": 0.831129033873355,
        "ZZII": 0.24091678323217125,
        "IIZZ": 0.19120811222124454,
        "IZZI": 0.18603386306253927,
        "ZIIZ": 0.18603386306253927,
        "IZIZ": 0.1451331131043887,
        "ZIZI": 0.1451331131043887,
        "IIIZ": 0.11091962907198079,
        "IIZI": 0.11091962907198073,
        "ZXZX": 0.04277065348370543,
        "YIYI": 0.04277065348370543,
        "XIXI": 0.04277065348370543,
        "ZYZY": 0.04277065348370543,
        "IYZY": 0.04133250278559984,
        "IXZX": 0.04133250278559984,
        "YZYI": 0.041332502785599835,
        "XZXI": 0.041332502785599835,
        "XXYY": -0.040900749958150545,
        "XYYX": 0.040900749958150545,
        "YXXY": 0.040900749958150545,
        "YYXX": -0.040900749958150545,
        "YZYZ": 0.0014381631517572956,
        "XZXZ": 0.0014381631517572956,
        "IYIY": 0.0014381631517572954,
        "IXIX": 0.0014381631517572954
    },
    "data": {
        "molecule_id": "HHe+_singlet_Coov",
        "qubit_encoding": "JW",
        "unit": "Angstrom",
        "basis": "sto-3g",
        "charge": 1,
        "multiplicity": 1,
        "spin": 0,
        "geometry": "He 0.1420800000 0.0000000000 0.0000000000\nH -0.4002800000 0.0000000000 0.0000000000",
        "n_qubits": 4,
        "n_particles": {
            "total": 2,
            "alpha": 1,
            "beta": 1
        },
        "hf_array": [
            1,
            1,
            0,
            0
        ],
        "hf_method": "pyscf.scf.hf_symm.SymAdaptedRHF",
        "convergence_threshold": 1e-06,
        "point_group": {
            "groupname": "Coov",
            "topgroup": "Coov"
        },
        "alpha": 0.7,
        "calculated_properties": {
            "HF": {
                "energy": -2.6977967294450034,
                "converged": true
            },
            "MP2": {
                "energy": -2.7048372968833383,
                "converged": null
            },
            "CISD": {
                "energy": -2.7071764124790128,
                "converged": true
            },
            "CCSD": {
                "energy": -2.707176411924938,
                "converged": true,
                "t1_diagnostic": 0.004487055637713141
            },
            "FCI": {
                "energy": -2.7071764124790123,
                "converged": true,
                "spin_matches_target": true,
                "multiplicity": 1.0,
                "oscillatory_converged": false,
                "oscillation_energy_change": null
            }
        },
        "auxiliary_operators": {
            "number_operator": {
                "IIII": 2.0,
                "ZIII": -0.5,
                "IZII": -0.5,
                "IIZI": -0.5,
                "IIIZ": -0.5
            },
            "N_alpha": {
                "IIII": 1.0,
                "ZIII": -0.5,
                "IIZI": -0.5
            },
            "N_beta": {
                "IIII": 1.0,
                "IZII": -0.5,
                "IIIZ": -0.5
            },
            "S^2_operator": {
                "IIII": 0.75,
                "ZZII": -0.375,
                "IIZZ": -0.375,
                "YXYX": 0.125,
                "YXXY": -0.125,
                "XXYY": 0.125,
                "XXXX": 0.125,
                "YYYY": 0.125,
                "YYXX": 0.125,
                "XYYX": -0.125,
                "XYXY": 0.125,
                "ZIZI": 0.125,
                "ZIIZ": -0.125,
                "IZZI": -0.125,
                "IZIZ": 0.125
            },
            "UCCSD_operator": {
                "XXXY": 0.007171532965343367,
                "XYXX": -0.007171532965343367,
                "YXXX": -0.007171532965343367,
                "XYYY": 0.007171532965343367,
                "YXYY": 0.007171532965343367,
                "YYYX": -0.007171532965343367,
                "XXYX": 0.007171532965343367,
                "YYXY": -0.007171532965343367,
                "IXZY": -0.0031737421779973064,
                "IYZX": 0.0031737421779973064,
                "XZYI": -0.0031737421779973064,
                "YZXI": 0.0031737421779973064
            }
        },
        "hf_method_fallback": "standard",
        "generation_time_s": 1.49,
        "timestamp": "2026-03-10T21:44:48.779518+00:00",
        "formula_latex": "$\\mathrm{HHe^{+}}$"
    }
}