{
    "hamiltonian": {
        "IIII": -1.9148030541316325,
        "ZIII": 0.7001778222680478,
        "IZII": 0.7001778222680477,
        "ZZII": 0.2527167380240182,
        "IIIZ": 0.20143934659252982,
        "IIZI": 0.20143934659252982,
        "IIZZ": 0.19004680314714217,
        "IZZI": 0.09318528864266813,
        "ZIIZ": 0.09318528864266813,
        "IZIZ": 0.08271007835231335,
        "ZIZI": 0.08271007835231335,
        "IYZY": 0.04997299119551617,
        "XZXI": 0.04997299119551617,
        "YZYI": 0.04997299119551617,
        "IXZX": 0.04997299119551617,
        "YIYI": 0.03331498059944325,
        "XIXI": 0.03331498059944325,
        "ZXZX": 0.033314980599443246,
        "ZYZY": 0.033314980599443246,
        "YZYZ": -0.016657714392620735,
        "XZXZ": -0.016657714392620735,
        "IYIY": -0.016657714392620735,
        "IXIX": -0.016657714392620735,
        "YYXX": -0.010475210290354782,
        "YXXY": 0.010475210290354782,
        "XYYX": 0.010475210290354782,
        "XXYY": -0.010475210290354782
    },
    "data": {
        "molecule_id": "HHe+_singlet_Coov",
        "qubit_encoding": "JW",
        "unit": "Angstrom",
        "basis": "sto-3g",
        "charge": 1,
        "multiplicity": 1,
        "spin": 0,
        "geometry": "He 0.6457000000 0.0000000000 0.0000000000\nH -0.9039000000 0.0000000000 0.0000000000",
        "n_qubits": 4,
        "n_particles": {
            "total": 2,
            "alpha": 1,
            "beta": 1
        },
        "hf_array": [
            1,
            1,
            0,
            0
        ],
        "hf_method": "pyscf.scf.hf_symm.SymAdaptedRHF",
        "convergence_threshold": 1e-06,
        "point_group": {
            "groupname": "Coov",
            "topgroup": "Coov"
        },
        "alpha": 2.0,
        "calculated_properties": {
            "HF": {
                "energy": -2.821307198301472,
                "converged": true
            },
            "MP2": {
                "energy": -2.822383599873384,
                "converged": null
            },
            "CISD": {
                "energy": -2.8222590632886013,
                "converged": true
            },
            "CCSD": {
                "energy": -2.8222590557119314,
                "converged": true,
                "t1_diagnostic": 0.006083584526258586
            },
            "FCI": {
                "energy": -2.822259063288601,
                "converged": true,
                "spin_matches_target": true,
                "multiplicity": 1.0,
                "oscillatory_converged": false,
                "oscillation_energy_change": null
            }
        },
        "auxiliary_operators": {
            "number_operator": {
                "IIII": 2.0,
                "ZIII": -0.5,
                "IZII": -0.5,
                "IIZI": -0.5,
                "IIIZ": -0.5
            },
            "N_alpha": {
                "IIII": 1.0,
                "ZIII": -0.5,
                "IIZI": -0.5
            },
            "N_beta": {
                "IIII": 1.0,
                "IZII": -0.5,
                "IIIZ": -0.5
            },
            "S^2_operator": {
                "IIII": 0.75,
                "ZZII": -0.375,
                "IIZZ": -0.375,
                "YXYX": 0.125,
                "YXXY": -0.125,
                "XXYY": 0.125,
                "XXXX": 0.125,
                "YYYY": 0.125,
                "YYXX": 0.125,
                "XYYX": -0.125,
                "XYXY": 0.125,
                "ZIZI": 0.125,
                "ZIIZ": -0.125,
                "IZZI": -0.125,
                "IZIZ": 0.125
            },
            "UCCSD_operator": {
                "YZXI": 0.004303383270847688,
                "XZYI": -0.004303383270847688,
                "IYZX": 0.004303383270847688,
                "IXZY": -0.004303383270847688,
                "XXXY": 0.0028489030474834905,
                "XYXX": -0.0028489030474834905,
                "YXXX": -0.0028489030474834905,
                "XYYY": 0.0028489030474834905,
                "YXYY": 0.0028489030474834905,
                "YYXY": -0.0028489030474834905,
                "YYYX": -0.0028489030474834905,
                "XXYX": 0.0028489030474834905
            }
        },
        "hf_method_fallback": "standard",
        "generation_time_s": 1.093,
        "timestamp": "2026-03-10T21:44:43.900297+00:00",
        "formula_latex": "$\\mathrm{HHe^{+}}$"
    }
}