{
    "hamiltonian": {
        "IIIIII": -0.7978483497725435,
        "IIZZII": 0.13102933289562665,
        "IIIIZZ": 0.13102933164791103,
        "ZIIIIZ": 0.10498100326523356,
        "IZIIZI": 0.10498100326523356,
        "IZZIII": 0.10498098529132846,
        "ZIIZII": 0.10498098529132846,
        "ZZIIII": 0.10371555381559659,
        "IIIZZI": 0.08375098061097212,
        "IIZIIZ": 0.08375098061097212,
        "IZIIII": 0.08200774444541621,
        "ZIIIII": 0.0820077444454162,
        "ZIIIZI": 0.0614618168827719,
        "IZIIIZ": 0.0614618168827719,
        "ZIZIII": 0.06146180432809789,
        "IZIZII": 0.06146180432809789,
        "IIZIZI": 0.060111786584867585,
        "IIIZIZ": 0.060111786584867585,
        "XXIIYY": -0.04351918638246167,
        "XYIIYX": 0.04351918638246167,
        "YXIIXY": 0.04351918638246167,
        "YYIIXX": -0.04351918638246167,
        "YXXYII": 0.04351918096323057,
        "YYXXII": -0.04351918096323057,
        "XXYYII": -0.04351918096323057,
        "XYYXII": 0.04351918096323057,
        "XZXYZY": -0.03193515484058262,
        "YZYXZX": -0.03193515484058262,
        "IYXXYI": -0.03193515484058262,
        "IYYXXI": 0.03193515484058262,
        "IXXYYI": 0.03193515484058262,
        "IXYYXI": -0.03193515484058262,
        "XZXXZX": -0.03193515484058262,
        "YZYYZY": -0.03193515484058262,
        "XZZIXI": 0.03193514582651119,
        "IYIZZY": 0.03193514582651119,
        "IXIZZX": 0.03193514582651119,
        "YZZIYI": 0.03193514582651119,
        "YZZZYZ": -0.0319351436636169,
        "IYZZIY": -0.0319351436636169,
        "XZZZXZ": -0.0319351436636169,
        "IXZZIX": -0.0319351436636169,
        "IIYXXY": 0.02363919402610454,
        "IIYYXX": -0.02363919402610454,
        "IIXXYY": -0.02363919402610454,
        "IIXYYX": 0.02363919402610454,
        "IIZIII": 0.014005423234931681,
        "IIIZII": 0.014005423234931664,
        "IIIIZI": 0.014005380348265872,
        "IIIIIZ": 0.014005380348265845
    },
    "data": {
        "molecule_id": "H3+_singlet_D3h",
        "qubit_encoding": "JW",
        "unit": "Angstrom",
        "basis": "sto-3g",
        "charge": 1,
        "multiplicity": 1,
        "spin": 0,
        "geometry": "H 0.0000000000 1.2361580000 0.0000000000\nH 1.0705450000 -0.6180795000 0.0000000000\nH -1.0705450000 -0.6180795000 0.0000000000",
        "n_qubits": 6,
        "n_particles": {
            "total": 2,
            "alpha": 1,
            "beta": 1
        },
        "hf_array": [
            1,
            1,
            0,
            0,
            0,
            0
        ],
        "hf_method": "pyscf.scf.hf_symm.SymAdaptedRHF",
        "convergence_threshold": 1e-06,
        "point_group": {
            "groupname": "C2v",
            "topgroup": "D3h"
        },
        "alpha": 2.5,
        "calculated_properties": {
            "HF": {
                "energy": -0.9181136982810297,
                "converged": true
            },
            "MP2": {
                "energy": -0.9983972166077556,
                "converged": null
            },
            "CISD": {
                "energy": -1.0255152924339679,
                "converged": true
            },
            "CCSD": {
                "energy": -1.025515292437425,
                "converged": true,
                "t1_diagnostic": 7.760322006697475e-08
            },
            "FCI": {
                "energy": -1.0255152924339637,
                "converged": true,
                "spin_matches_target": true,
                "multiplicity": 1.0,
                "oscillatory_converged": false,
                "oscillation_energy_change": null
            }
        },
        "auxiliary_operators": {
            "number_operator": {
                "IIIIII": 3.0,
                "ZIIIII": -0.5,
                "IZIIII": -0.5,
                "IIZIII": -0.5,
                "IIIZII": -0.5,
                "IIIIZI": -0.5,
                "IIIIIZ": -0.5
            },
            "N_alpha": {
                "IIIIII": 1.5,
                "ZIIIII": -0.5,
                "IIZIII": -0.5,
                "IIIIZI": -0.5
            },
            "N_beta": {
                "IIIIII": 1.5,
                "IZIIII": -0.5,
                "IIIZII": -0.5,
                "IIIIIZ": -0.5
            },
            "S^2_operator": {
                "IIIIII": 1.125,
                "ZZIIII": -0.375,
                "IIIIZZ": -0.375,
                "IIZZII": -0.375,
                "IIXXXX": 0.125,
                "IIYYYY": 0.125,
                "IIYYXX": 0.125,
                "IIXYYX": -0.125,
                "IIXYXY": 0.125,
                "ZIZIII": 0.125,
                "ZIIIZI": 0.125,
                "ZIIIIZ": -0.125,
                "IZZIII": -0.125,
                "IZIZII": 0.125,
                "IZIIZI": -0.125,
                "IZIIIZ": 0.125,
                "IIZIZI": 0.125,
                "IIZIIZ": -0.125,
                "ZIIZII": -0.125,
                "IIXXYY": 0.125,
                "IIYXYX": 0.125,
                "IIIZZI": -0.125,
                "YXYXII": 0.125,
                "YXXYII": -0.125,
                "XXYYII": 0.125,
                "XXXXII": 0.125,
                "YYYYII": 0.125,
                "YYXXII": 0.125,
                "XYYXII": -0.125,
                "IIYXXY": -0.125,
                "XYXYII": 0.125,
                "YXIIXY": -0.125,
                "XXIIYY": 0.125,
                "XXIIXX": 0.125,
                "YYIIYY": 0.125,
                "YYIIXX": 0.125,
                "XYIIYX": -0.125,
                "XYIIXY": 0.125,
                "YXIIYX": 0.125,
                "IIIZIZ": 0.125
            },
            "UCCSD_operator": {
                "XYXXII": -0.038561160158228414,
                "YYXYII": -0.038561160158228414,
                "XXXYII": 0.038561160158228414,
                "YXXXII": -0.038561160158228414,
                "XYYYII": 0.038561160158228414,
                "YXYYII": 0.038561160158228414,
                "YYYXII": -0.038561160158228414,
                "XXYXII": 0.038561160158228414,
                "YXIIYY": 0.03856114623929743,
                "XYIIYY": 0.03856114623929743,
                "YXIIXX": -0.03856114623929743,
                "XYIIXX": -0.03856114623929743,
                "XXIIXY": 0.03856114623929743,
                "XXIIYX": 0.03856114623929743,
                "YYIIXY": -0.03856114623929743,
                "YYIIYX": -0.03856114623929743,
                "IXZZZY": 5.1532876870753154e-08,
                "IYZZZX": -5.1532876870753154e-08,
                "XZZZYI": 5.1532876870753154e-08,
                "YZZZXI": -5.1532876870753154e-08
            }
        },
        "hf_method_fallback": "standard",
        "generation_time_s": 1.839,
        "timestamp": "2026-03-10T21:40:07.535607+00:00",
        "formula_latex": "$\\mathrm{H_{3}^{+}}$"
    }
}