{
    "hamiltonian": {
        "IIIIII": -0.35312439692141956,
        "IZIIII": 0.205876728569193,
        "ZIIIII": 0.20587672856919292,
        "IIIIZZ": 0.16216686262370053,
        "IIZZII": 0.16216685711973083,
        "ZZIIII": 0.14466339094326236,
        "IZIIZI": 0.14084482935974185,
        "ZIIIIZ": 0.14084482935974185,
        "IZZIII": 0.14084481598813808,
        "ZIIZII": 0.14084481598813808,
        "IIIZZI": 0.12383427245552618,
        "IIZIIZ": 0.12383427245552618,
        "IIIIZI": -0.10560535832735374,
        "IIIIIZ": -0.10560535832735371,
        "IIIZII": -0.10560522088665303,
        "IIZIII": -0.10560522088665297,
        "IZIIIZ": 0.10477974807924126,
        "ZIIIZI": 0.10477974807924126,
        "IZIZII": 0.10477973531537145,
        "ZIZIII": 0.10477973531537145,
        "IIZIZI": 0.10466796607495138,
        "IIIZIZ": 0.10466796607495138,
        "YYIIXX": -0.036065081280500615,
        "XYIIYX": 0.036065081280500615,
        "XXIIYY": -0.036065081280500615,
        "YXIIXY": 0.036065081280500615,
        "YYXXII": -0.036065080672766626,
        "XXYYII": -0.036065080672766626,
        "XYYXII": 0.036065080672766626,
        "YXXYII": 0.036065080672766626,
        "IYXXYI": -0.02418929967992045,
        "IYYXXI": 0.02418929967992045,
        "IXYYXI": -0.02418929967992045,
        "IXXYYI": 0.02418929967992045,
        "XZXYZY": -0.024189299679920447,
        "YZYXZX": -0.024189299679920447,
        "YZYYZY": -0.024189299679920447,
        "XZXXZX": -0.024189299679920447,
        "YZZZYZ": -0.02418929505703807,
        "XZZZXZ": -0.02418929505703807,
        "IYZZIY": -0.024189295057038068,
        "IXZZIX": -0.024189295057038068,
        "IXIZZX": 0.024189289635043368,
        "IYIZZY": 0.024189289635043368,
        "XZZIXI": 0.024189289635043368,
        "YZZIYI": 0.024189289635043368,
        "IIYXXY": 0.019166306380574802,
        "IIYYXX": -0.019166306380574802,
        "IIXXYY": -0.019166306380574802,
        "IIXYYX": 0.019166306380574802
    },
    "data": {
        "molecule_id": "H3+_singlet_D3h",
        "qubit_encoding": "JW",
        "unit": "Angstrom",
        "basis": "sto-3g",
        "charge": 1,
        "multiplicity": 1,
        "spin": 0,
        "geometry": "H 0.0000000000 0.5933556667 0.0000000000\nH 0.5138616000 -0.2966783333 0.0000000000\nH -0.5138616000 -0.2966783333 0.0000000000",
        "n_qubits": 6,
        "n_particles": {
            "total": 2,
            "alpha": 1,
            "beta": 1
        },
        "hf_array": [
            1,
            1,
            0,
            0,
            0,
            0
        ],
        "hf_method": "pyscf.scf.hf_symm.SymAdaptedRHF",
        "convergence_threshold": 1e-06,
        "point_group": {
            "groupname": "C2v",
            "topgroup": "C2v"
        },
        "alpha": 1.2,
        "calculated_properties": {
            "HF": {
                "energy": -1.2437956822251552,
                "converged": true
            },
            "MP2": {
                "energy": -1.2640784298313357,
                "converged": null
            },
            "CISD": {
                "energy": -1.2730990428706832,
                "converged": true
            },
            "CCSD": {
                "energy": -1.27309923628836,
                "converged": true,
                "t1_diagnostic": 8.936308213665658e-09
            },
            "FCI": {
                "energy": -1.2730990428706825,
                "converged": true,
                "spin_matches_target": true,
                "multiplicity": 1.0,
                "oscillatory_converged": false,
                "oscillation_energy_change": null
            }
        },
        "auxiliary_operators": {
            "number_operator": {
                "IIIIII": 3.0,
                "ZIIIII": -0.5,
                "IZIIII": -0.5,
                "IIZIII": -0.5,
                "IIIZII": -0.5,
                "IIIIZI": -0.5,
                "IIIIIZ": -0.5
            },
            "N_alpha": {
                "IIIIII": 1.5,
                "ZIIIII": -0.5,
                "IIZIII": -0.5,
                "IIIIZI": -0.5
            },
            "N_beta": {
                "IIIIII": 1.5,
                "IZIIII": -0.5,
                "IIIZII": -0.5,
                "IIIIIZ": -0.5
            },
            "S^2_operator": {
                "IIIIII": 1.125,
                "ZZIIII": -0.375,
                "IIIIZZ": -0.375,
                "IIZZII": -0.375,
                "IIXXXX": 0.125,
                "IIYYYY": 0.125,
                "IIYYXX": 0.125,
                "IIXYYX": -0.125,
                "IIXYXY": 0.125,
                "ZIZIII": 0.125,
                "ZIIIZI": 0.125,
                "ZIIIIZ": -0.125,
                "IZZIII": -0.125,
                "IZIZII": 0.125,
                "IZIIZI": -0.125,
                "IZIIIZ": 0.125,
                "IIZIZI": 0.125,
                "IIZIIZ": -0.125,
                "ZIIZII": -0.125,
                "IIXXYY": 0.125,
                "IIYXYX": 0.125,
                "IIIZZI": -0.125,
                "YXYXII": 0.125,
                "YXXYII": -0.125,
                "XXYYII": 0.125,
                "XXXXII": 0.125,
                "YYYYII": 0.125,
                "YYXXII": 0.125,
                "XYYXII": -0.125,
                "IIYXXY": -0.125,
                "XYXYII": 0.125,
                "YXIIXY": -0.125,
                "XXIIYY": 0.125,
                "XXIIXX": 0.125,
                "YYIIYY": 0.125,
                "YYIIXX": 0.125,
                "XYIIYX": -0.125,
                "XYIIXY": 0.125,
                "YXIIYX": 0.125,
                "IIIZIZ": 0.125
            },
            "UCCSD_operator": {
                "YYXYII": -0.012695607598962703,
                "XXXYII": 0.012695607598962703,
                "XYXXII": -0.012695607598962703,
                "YXXXII": -0.012695607598962703,
                "YXYYII": 0.012695607598962703,
                "YYYXII": -0.012695607598962703,
                "XXYXII": 0.012695607598962703,
                "XYYYII": 0.012695607598962703,
                "XXIIXY": 0.012695602948116119,
                "XYIIXX": -0.012695602948116119,
                "YXIIXX": -0.012695602948116119,
                "XYIIYY": 0.012695602948116119,
                "YXIIYY": 0.012695602948116119,
                "YYIIYX": -0.012695602948116119,
                "XXIIYX": 0.012695602948116119,
                "YYIIXY": -0.012695602948116119
            }
        },
        "hf_method_fallback": "standard",
        "generation_time_s": 1.259,
        "timestamp": "2026-03-10T21:40:01.959760+00:00",
        "formula_latex": "$\\mathrm{H_{3}^{+}}$"
    }
}