{
    "hamiltonian": {
        "IIIIII": -0.5790296411034197,
        "IZIIII": 0.1627763299161434,
        "ZIIIII": 0.16277632991614327,
        "IIIIZZ": 0.1527079873017013,
        "IIZZII": 0.15270798328716803,
        "ZZIIII": 0.13137114122660723,
        "IZIIZI": 0.12925217020896718,
        "ZIIIIZ": 0.12925217020896718,
        "IZZIII": 0.12925215436624427,
        "ZIIZII": 0.12925215436624427,
        "IIIZZI": 0.1113422581962656,
        "IIZIIZ": 0.1113422581962656,
        "ZIIIZI": 0.0922658526224957,
        "IZIIIZ": 0.0922658526224957,
        "IZIZII": 0.09226583883858465,
        "ZIZIII": 0.09226583883858465,
        "IIZIZI": 0.09065937898101249,
        "IIIZIZ": 0.09065937898101249,
        "IIIIIZ": -0.05940486473815011,
        "IIIIZI": -0.05940486473815006,
        "IIIZII": -0.059404754938956306,
        "IIZIII": -0.05940475493895622,
        "XXIIYY": -0.03698631758647148,
        "YXIIXY": 0.03698631758647148,
        "XYIIYX": 0.03698631758647148,
        "YYIIXX": -0.03698631758647148,
        "YXXYII": 0.03698631552765963,
        "YYXXII": -0.03698631552765963,
        "XXYYII": -0.03698631552765963,
        "XYYXII": 0.03698631552765963,
        "YZYYZY": -0.026472492926403263,
        "YZYXZX": -0.026472492926403263,
        "XZXYZY": -0.026472492926403263,
        "XZXXZX": -0.026472492926403263,
        "IYYXXI": 0.02647249292640326,
        "IXXYYI": 0.02647249292640326,
        "IXYYXI": -0.02647249292640326,
        "IYXXYI": -0.02647249292640326,
        "XZZZXZ": -0.026472485861769333,
        "YZZZYZ": -0.026472485861769333,
        "IYZZIY": -0.026472485861769333,
        "IXZZIX": -0.026472485861769333,
        "XZZIXI": 0.026472482589944335,
        "IYIZZY": 0.026472482589944335,
        "IXIZZX": 0.026472482589944335,
        "YZZIYI": 0.026472482589944335,
        "IIYXXY": 0.020682879215253108,
        "IIYYXX": -0.020682879215253108,
        "IIXXYY": -0.020682879215253108,
        "IIXYYX": 0.020682879215253108
    },
    "data": {
        "molecule_id": "H3+_singlet_D3h",
        "qubit_encoding": "JW",
        "unit": "Angstrom",
        "basis": "sto-3g",
        "charge": 1,
        "multiplicity": 1,
        "spin": 0,
        "geometry": "H 0.0000000000 0.7416946667 0.0000000000\nH 0.6423270000 -0.3708478333 0.0000000000\nH -0.6423270000 -0.3708478333 0.0000000000",
        "n_qubits": 6,
        "n_particles": {
            "total": 2,
            "alpha": 1,
            "beta": 1
        },
        "hf_array": [
            1,
            1,
            0,
            0,
            0,
            0
        ],
        "hf_method": "pyscf.scf.hf_symm.SymAdaptedRHF",
        "convergence_threshold": 1e-06,
        "point_group": {
            "groupname": "C2v",
            "topgroup": "D3h"
        },
        "alpha": 1.5,
        "calculated_properties": {
            "HF": {
                "energy": -1.1874831861924702,
                "converged": true
            },
            "MP2": {
                "energy": -1.214798250988087,
                "converged": null
            },
            "CISD": {
                "energy": -1.2276555702528855,
                "converged": true
            },
            "CCSD": {
                "energy": -1.2276555702556626,
                "converged": true,
                "t1_diagnostic": 1.784056235994439e-08
            },
            "FCI": {
                "energy": -1.227655570252884,
                "converged": true,
                "spin_matches_target": true,
                "multiplicity": 1.0,
                "oscillatory_converged": false,
                "oscillation_energy_change": null
            }
        },
        "auxiliary_operators": {
            "number_operator": {
                "IIIIII": 3.0,
                "ZIIIII": -0.5,
                "IZIIII": -0.5,
                "IIZIII": -0.5,
                "IIIZII": -0.5,
                "IIIIZI": -0.5,
                "IIIIIZ": -0.5
            },
            "N_alpha": {
                "IIIIII": 1.5,
                "ZIIIII": -0.5,
                "IIZIII": -0.5,
                "IIIIZI": -0.5
            },
            "N_beta": {
                "IIIIII": 1.5,
                "IZIIII": -0.5,
                "IIIZII": -0.5,
                "IIIIIZ": -0.5
            },
            "S^2_operator": {
                "IIIIII": 1.125,
                "ZZIIII": -0.375,
                "IIIIZZ": -0.375,
                "IIZZII": -0.375,
                "IIXXXX": 0.125,
                "IIYYYY": 0.125,
                "IIYYXX": 0.125,
                "IIXYYX": -0.125,
                "IIXYXY": 0.125,
                "ZIZIII": 0.125,
                "ZIIIZI": 0.125,
                "ZIIIIZ": -0.125,
                "IZZIII": -0.125,
                "IZIZII": 0.125,
                "IZIIZI": -0.125,
                "IZIIIZ": 0.125,
                "IIZIZI": 0.125,
                "IIZIIZ": -0.125,
                "ZIIZII": -0.125,
                "IIXXYY": 0.125,
                "IIYXYX": 0.125,
                "IIIZZI": -0.125,
                "YXYXII": 0.125,
                "YXXYII": -0.125,
                "XXYYII": 0.125,
                "XXXXII": 0.125,
                "YYYYII": 0.125,
                "YYXXII": 0.125,
                "XYYXII": -0.125,
                "IIYXXY": -0.125,
                "XYXYII": 0.125,
                "YXIIXY": -0.125,
                "XXIIYY": 0.125,
                "XXIIXX": 0.125,
                "YYIIYY": 0.125,
                "YYIIXX": 0.125,
                "XYIIYX": -0.125,
                "XYIIXY": 0.125,
                "YXIIYX": 0.125,
                "IIIZIZ": 0.125
            },
            "UCCSD_operator": {
                "YYXYII": -0.016970968537421416,
                "XXXYII": 0.016970968537421416,
                "XYXXII": -0.016970968537421416,
                "YXXXII": -0.016970968537421416,
                "YXYYII": 0.016970968537421416,
                "YYYXII": -0.016970968537421416,
                "XXYXII": 0.016970968537421416,
                "XYYYII": 0.016970968537421416,
                "XXIIXY": 0.016970962393652977,
                "XYIIXX": -0.016970962393652977,
                "YXIIXX": -0.016970962393652977,
                "XYIIYY": 0.016970962393652977,
                "YXIIYY": 0.016970962393652977,
                "YYIIYX": -0.016970962393652977,
                "XXIIYX": 0.016970962393652977,
                "YYIIXY": -0.016970962393652977
            }
        },
        "hf_method_fallback": "standard",
        "generation_time_s": 2.071,
        "timestamp": "2026-03-10T21:40:04.053729+00:00",
        "formula_latex": "$\\mathrm{H_{3}^{+}}$"
    }
}