{
    "hamiltonian": {
        "ZIIIII": 0.24437311994423253,
        "IZIIII": 0.2443731199442323,
        "IIIIZZ": 0.1692271539464551,
        "IIZZII": 0.16922714772668482,
        "ZZIIII": 0.1545423923390221,
        "ZIIIIZ": 0.1498347327986283,
        "IZIIZI": 0.1498347327986283,
        "IZZIII": 0.1498347211744379,
        "ZIIZII": 0.1498347211744379,
        "IIIIZI": -0.14764659890726328,
        "IIIIIZ": -0.14764659890726323,
        "IIZIII": -0.14764643991284485,
        "IIIZII": -0.14764643991284482,
        "IIZIIZ": 0.13352699575727023,
        "IIIZZI": 0.13352699575727023,
        "IIZIZI": 0.11567690787815894,
        "IIIZIZ": 0.11567690787815894,
        "IZIIIZ": 0.11387874125832703,
        "ZIIIZI": 0.11387874125832703,
        "ZIZIII": 0.11387872961342566,
        "IZIZII": 0.11387872961342566,
        "IIIIII": -0.09076921679500269,
        "YXXYII": 0.03595599156101226,
        "YYXXII": -0.03595599156101226,
        "XXYYII": -0.03595599156101226,
        "XYYXII": 0.03595599156101226,
        "XYIIYX": 0.03595599154030127,
        "YXIIXY": 0.03595599154030127,
        "YYIIXX": -0.03595599154030127,
        "XXIIYY": -0.03595599154030127,
        "IXXYYI": 0.022331429350306877,
        "IYYXXI": 0.022331429350306877,
        "IXYYXI": -0.022331429350306877,
        "YZYYZY": -0.022331429350306877,
        "YZYXZX": -0.022331429350306877,
        "XZXXZX": -0.022331429350306877,
        "IYXXYI": -0.022331429350306877,
        "XZXYZY": -0.022331429350306877,
        "IYZZIY": -0.022331426324705642,
        "IXZZIX": -0.022331426324705642,
        "XZZZXZ": -0.02233142632470564,
        "YZZZYZ": -0.02233142632470564,
        "IXIZZX": 0.02233141978362673,
        "XZZIXI": 0.02233141978362673,
        "IYIZZY": 0.02233141978362673,
        "YZZIYI": 0.02233141978362673,
        "IIXYYX": 0.01785008787911126,
        "IIYYXX": -0.01785008787911126,
        "IIXXYY": -0.01785008787911126,
        "IIYXXY": 0.01785008787911126
    },
    "data": {
        "molecule_id": "H3+_singlet_D3h",
        "qubit_encoding": "JW",
        "unit": "Angstrom",
        "basis": "sto-3g",
        "charge": 1,
        "multiplicity": 1,
        "spin": 0,
        "geometry": "H 0.0000000000 0.4944630000 0.0000000000\nH 0.4282180000 -0.2472320000 0.0000000000\nH -0.4282180000 -0.2472320000 0.0000000000",
        "n_qubits": 6,
        "n_particles": {
            "total": 2,
            "alpha": 1,
            "beta": 1
        },
        "hf_array": [
            1,
            1,
            0,
            0,
            0,
            0
        ],
        "hf_method": "pyscf.scf.hf_symm.SymAdaptedRHF",
        "convergence_threshold": 1e-06,
        "point_group": {
            "groupname": "C2v",
            "topgroup": "D3h"
        },
        "alpha": 1.0,
        "calculated_properties": {
            "HF": {
                "energy": -1.2335508827303003,
                "converged": true
            },
            "MP2": {
                "energy": -1.2505008894484742,
                "converged": null
            },
            "CISD": {
                "energy": -1.2575819646848088,
                "converged": true
            },
            "CCSD": {
                "energy": -1.25758209398999,
                "converged": true,
                "t1_diagnostic": 5.247138266357323e-09
            },
            "FCI": {
                "energy": -1.2575819646848065,
                "converged": true,
                "spin_matches_target": true,
                "multiplicity": 1.0,
                "oscillatory_converged": false,
                "oscillation_energy_change": null
            }
        },
        "auxiliary_operators": {
            "number_operator": {
                "IIIIII": 3.0,
                "ZIIIII": -0.5,
                "IZIIII": -0.5,
                "IIZIII": -0.5,
                "IIIZII": -0.5,
                "IIIIZI": -0.5,
                "IIIIIZ": -0.5
            },
            "N_alpha": {
                "IIIIII": 1.5,
                "ZIIIII": -0.5,
                "IIZIII": -0.5,
                "IIIIZI": -0.5
            },
            "N_beta": {
                "IIIIII": 1.5,
                "IZIIII": -0.5,
                "IIIZII": -0.5,
                "IIIIIZ": -0.5
            },
            "S^2_operator": {
                "IIIIII": 1.125,
                "ZZIIII": -0.375,
                "IIIIZZ": -0.375,
                "IIZZII": -0.375,
                "IIXXXX": 0.125,
                "IIYYYY": 0.125,
                "IIYYXX": 0.125,
                "IIXYYX": -0.125,
                "IIXYXY": 0.125,
                "ZIZIII": 0.125,
                "ZIIIZI": 0.125,
                "ZIIIIZ": -0.125,
                "IZZIII": -0.125,
                "IZIZII": 0.125,
                "IZIIZI": -0.125,
                "IZIIIZ": 0.125,
                "IIZIZI": 0.125,
                "IIZIIZ": -0.125,
                "ZIIZII": -0.125,
                "IIXXYY": 0.125,
                "IIYXYX": 0.125,
                "IIIZZI": -0.125,
                "YXYXII": 0.125,
                "YXXYII": -0.125,
                "XXYYII": 0.125,
                "XXXXII": 0.125,
                "YYYYII": 0.125,
                "YYXXII": 0.125,
                "XYYXII": -0.125,
                "IIYXXY": -0.125,
                "XYXYII": 0.125,
                "YXIIXY": -0.125,
                "XXIIYY": 0.125,
                "XXIIXX": 0.125,
                "YYIIYY": 0.125,
                "YYIIXX": 0.125,
                "XYIIYX": -0.125,
                "XYIIXY": 0.125,
                "YXIIYX": 0.125,
                "IIIZIZ": 0.125
            },
            "UCCSD_operator": {
                "YYXYII": -0.010442981199444722,
                "XXXYII": 0.010442981199444722,
                "XYXXII": -0.010442981199444722,
                "YXXXII": -0.010442981199444722,
                "YXYYII": 0.010442981199444722,
                "YYYXII": -0.010442981199444722,
                "XXYXII": 0.010442981199444722,
                "XYYYII": 0.010442981199444722,
                "XXIIXY": 0.010442977426040213,
                "XYIIXX": -0.010442977426040213,
                "YXIIXX": -0.010442977426040213,
                "XYIIYY": 0.010442977426040213,
                "YXIIYY": 0.010442977426040213,
                "YYIIYX": -0.010442977426040213,
                "XXIIYX": 0.010442977426040213,
                "YYIIXY": -0.010442977426040213
            }
        },
        "hf_method_fallback": "standard",
        "generation_time_s": 1.431,
        "timestamp": "2026-03-10T21:40:00.692864+00:00",
        "formula_latex": "$\\mathrm{H_{3}^{+}}$"
    }
}