{
    "hamiltonian": {
        "ZIIIII": 0.26767876262708235,
        "IZIIII": 0.2676787626270823,
        "IIIIZI": -0.1738774225966817,
        "IIIIIZ": -0.1738774225966816,
        "IIZIII": -0.17387725114537012,
        "IIIZII": -0.17387725114537012,
        "IIIIZZ": 0.17300776720337813,
        "IIZZII": 0.17300776072567386,
        "ZZIIII": 0.1596590332508416,
        "IZIIZI": 0.15468782685232876,
        "ZIIIIZ": 0.15468782685232876,
        "ZIIZII": 0.15468781607656718,
        "IZZIII": 0.15468781607656718,
        "IIIZZI": 0.13883186335154668,
        "IIZIIZ": 0.13883186335154668,
        "IIZIZI": 0.12174390388550355,
        "IIIZIZ": 0.12174390388550355,
        "IZIIIZ": 0.11863512614429668,
        "ZIIIZI": 0.11863512614429668,
        "ZIZIII": 0.11863511518654371,
        "IZIZII": 0.11863511518654371,
        "IIIIII": 0.09964428741858908,
        "YXXYII": 0.036052700890023444,
        "YYXXII": -0.036052700890023444,
        "XXYYII": -0.036052700890023444,
        "XYYXII": 0.036052700890023444,
        "YXIIXY": 0.036052700708032105,
        "YYIIXX": -0.036052700708032105,
        "XXIIYY": -0.036052700708032105,
        "XYIIYX": 0.036052700708032105,
        "IYXXYI": -0.021253025365164577,
        "XZXYZY": -0.021253025365164577,
        "YZYXZX": -0.021253025365164577,
        "IYYXXI": 0.021253025365164577,
        "IXXYYI": 0.021253025365164577,
        "IXYYXI": -0.021253025365164577,
        "YZYYZY": -0.021253025365164577,
        "XZXXZX": -0.021253025365164577,
        "YZZZYZ": -0.021253023053955662,
        "XZZZXZ": -0.021253023053955662,
        "IYZZIY": -0.021253023053955662,
        "IXZZIX": -0.021253023053955662,
        "YZZIYI": 0.021253016126877883,
        "XZZIXI": 0.021253016126877883,
        "IXIZZX": 0.021253016126877883,
        "IYIZZY": 0.021253016126877883,
        "IIYXXY": 0.01708795946604312,
        "IIYYXX": -0.01708795946604312,
        "IIXXYY": -0.01708795946604312,
        "IIXYYX": 0.01708795946604312,
        "YZZZYI": 1.0037256704606423e-08,
        "XZZZXI": 1.0037256704606423e-08
    },
    "data": {
        "molecule_id": "H3+_singlet_D3h",
        "qubit_encoding": "JW",
        "unit": "Angstrom",
        "basis": "sto-3g",
        "charge": 1,
        "multiplicity": 1,
        "spin": 0,
        "geometry": "H 0.0000000000 0.4450166667 0.0000000000\nH 0.3853962000 -0.2225088333 0.0000000000\nH -0.3853962000 -0.2225088333 0.0000000000",
        "n_qubits": 6,
        "n_particles": {
            "total": 2,
            "alpha": 1,
            "beta": 1
        },
        "hf_array": [
            1,
            1,
            0,
            0,
            0,
            0
        ],
        "hf_method": "pyscf.scf.hf_symm.SymAdaptedRHF",
        "convergence_threshold": 1e-06,
        "point_group": {
            "groupname": "C2v",
            "topgroup": "D3h"
        },
        "alpha": 0.9,
        "calculated_properties": {
            "HF": {
                "energy": -1.1976882581851571,
                "converged": true
            },
            "MP2": {
                "energy": -1.2132481150350387,
                "converged": null
            },
            "CISD": {
                "energy": -1.2194949739818568,
                "converged": true
            },
            "CCSD": {
                "energy": -1.2194950601680878,
                "converged": true,
                "t1_diagnostic": 3.911996538308362e-09
            },
            "FCI": {
                "energy": -1.2194949739818566,
                "converged": true,
                "spin_matches_target": true,
                "multiplicity": 1.0,
                "oscillatory_converged": false,
                "oscillation_energy_change": null
            }
        },
        "auxiliary_operators": {
            "number_operator": {
                "IIIIII": 3.0,
                "ZIIIII": -0.5,
                "IZIIII": -0.5,
                "IIZIII": -0.5,
                "IIIZII": -0.5,
                "IIIIZI": -0.5,
                "IIIIIZ": -0.5
            },
            "N_alpha": {
                "IIIIII": 1.5,
                "ZIIIII": -0.5,
                "IIZIII": -0.5,
                "IIIIZI": -0.5
            },
            "N_beta": {
                "IIIIII": 1.5,
                "IZIIII": -0.5,
                "IIIZII": -0.5,
                "IIIIIZ": -0.5
            },
            "S^2_operator": {
                "IIIIII": 1.125,
                "ZZIIII": -0.375,
                "IIIIZZ": -0.375,
                "IIZZII": -0.375,
                "IIXXXX": 0.125,
                "IIYYYY": 0.125,
                "IIYYXX": 0.125,
                "IIXYYX": -0.125,
                "IIXYXY": 0.125,
                "ZIZIII": 0.125,
                "ZIIIZI": 0.125,
                "ZIIIIZ": -0.125,
                "IZZIII": -0.125,
                "IZIZII": 0.125,
                "IZIIZI": -0.125,
                "IZIIIZ": 0.125,
                "IIZIZI": 0.125,
                "IIZIIZ": -0.125,
                "ZIIZII": -0.125,
                "IIXXYY": 0.125,
                "IIYXYX": 0.125,
                "IIIZZI": -0.125,
                "YXYXII": 0.125,
                "YXXYII": -0.125,
                "XXYYII": 0.125,
                "XXXXII": 0.125,
                "YYYYII": 0.125,
                "YYXXII": 0.125,
                "XYYXII": -0.125,
                "IIYXXY": -0.125,
                "XYXYII": 0.125,
                "YXIIXY": -0.125,
                "XXIIYY": 0.125,
                "XXIIXX": 0.125,
                "YYIIYY": 0.125,
                "YYIIXX": 0.125,
                "XYIIYX": -0.125,
                "XYIIXY": 0.125,
                "YXIIYX": 0.125,
                "IIIZIZ": 0.125
            },
            "UCCSD_operator": {
                "YYXYII": -0.009450924176735265,
                "XXXYII": 0.009450924176735265,
                "XYXXII": -0.009450924176735265,
                "YXXXII": -0.009450924176735265,
                "YXYYII": 0.009450924176735265,
                "YYYXII": -0.009450924176735265,
                "XXYXII": 0.009450924176735265,
                "XYYYII": 0.009450924176735265,
                "XXIIXY": 0.009450920813057016,
                "XYIIXX": -0.009450920813057016,
                "YXIIXX": -0.009450920813057016,
                "XYIIYY": 0.009450920813057016,
                "YXIIYY": 0.009450920813057016,
                "YYIIYX": -0.009450920813057016,
                "XXIIYX": 0.009450920813057016,
                "YYIIXY": -0.009450920813057016
            }
        },
        "hf_method_fallback": "standard",
        "generation_time_s": 1.067,
        "timestamp": "2026-03-10T21:40:10.061898+00:00",
        "formula_latex": "$\\mathrm{H_{3}^{+}}$"
    }
}