{
    "hamiltonian": {
        "IIIIII": -0.8136966818704707,
        "IIZZII": 0.12461630645782577,
        "IIIIZZ": 0.12461630477370421,
        "ZIIIIZ": 0.09835450414760522,
        "IZIIZI": 0.09835450414760522,
        "IZZIII": 0.09835448812306868,
        "ZIIZII": 0.09835448812306868,
        "ZZIIII": 0.09705557345529979,
        "IIIZZI": 0.07544183728014364,
        "IIZIIZ": 0.07544183728014364,
        "IZIIII": 0.06213678092932845,
        "ZIIIII": 0.062136780929328415,
        "ZIIIZI": 0.05155793988707025,
        "IZIIIZ": 0.05155793988707025,
        "ZIZIII": 0.051557928816151406,
        "IZIZII": 0.051557928816151406,
        "IIZIZI": 0.05085458687864876,
        "IIIZIZ": 0.05085458687864876,
        "XXIIYY": -0.046796564260534974,
        "XYIIYX": 0.046796564260534974,
        "YXIIXY": 0.046796564260534974,
        "YYIIXX": -0.046796564260534974,
        "YXXYII": 0.04679655930691728,
        "YYXXII": -0.04679655930691728,
        "XXYYII": -0.04679655930691728,
        "XYYXII": 0.04679655930691728,
        "XZXYZY": -0.03388054808486099,
        "YZYXZX": -0.03388054808486099,
        "IYXXYI": -0.03388054808486099,
        "IYYXXI": 0.03388054808486099,
        "IXXYYI": 0.03388054808486099,
        "IXYYXI": -0.03388054808486099,
        "XZXXZX": -0.03388054808486099,
        "YZYYZY": -0.03388054808486099,
        "XZZIXI": 0.033880540123133795,
        "IYIZZY": 0.033880540123133795,
        "IXIZZX": 0.033880540123133795,
        "YZZIYI": 0.033880540123133795,
        "YZZZYZ": -0.03388053743210727,
        "IYZZIY": -0.03388053743210727,
        "XZZZXZ": -0.03388053743210727,
        "IXZZIX": -0.03388053743210727,
        "IIIZII": 0.02719387872932097,
        "IIZIII": 0.02719387872932095,
        "IIIIZI": 0.027193853204800313,
        "IIIIIZ": 0.0271938532048003,
        "IIYXXY": 0.024587250401494874,
        "IIYYXX": -0.024587250401494874,
        "IIXXYY": -0.024587250401494874,
        "IIXYYX": 0.024587250401494874
    },
    "data": {
        "molecule_id": "H3+_singlet_D3h",
        "qubit_encoding": "JW",
        "unit": "Angstrom",
        "basis": "sto-3g",
        "charge": 1,
        "multiplicity": 1,
        "spin": 0,
        "geometry": "H 0.0000000000 1.4833896667 0.0000000000\nH 1.2846540000 -0.7416953333 0.0000000000\nH -1.2846540000 -0.7416953333 0.0000000000",
        "n_qubits": 6,
        "n_particles": {
            "total": 2,
            "alpha": 1,
            "beta": 1
        },
        "hf_array": [
            1,
            1,
            0,
            0,
            0,
            0
        ],
        "hf_method": "pyscf.scf.hf_symm.SymAdaptedRHF",
        "convergence_threshold": 1e-06,
        "point_group": {
            "groupname": "C2v",
            "topgroup": "D3h"
        },
        "alpha": 3.0,
        "calculated_properties": {
            "HF": {
                "energy": -0.8299634688042609,
                "converged": true
            },
            "MP2": {
                "energy": -0.9581113853281059,
                "converged": null
            },
            "CISD": {
                "energy": -0.9762899439534585,
                "converged": true
            },
            "CCSD": {
                "energy": -0.9762896607274724,
                "converged": true,
                "t1_diagnostic": 1.4351568669127867e-07
            },
            "FCI": {
                "energy": -0.9762899439534539,
                "converged": true,
                "spin_matches_target": true,
                "multiplicity": 1.0,
                "oscillatory_converged": false,
                "oscillation_energy_change": null
            }
        },
        "auxiliary_operators": {
            "number_operator": {
                "IIIIII": 3.0,
                "ZIIIII": -0.5,
                "IZIIII": -0.5,
                "IIZIII": -0.5,
                "IIIZII": -0.5,
                "IIIIZI": -0.5,
                "IIIIIZ": -0.5
            },
            "N_alpha": {
                "IIIIII": 1.5,
                "ZIIIII": -0.5,
                "IIZIII": -0.5,
                "IIIIZI": -0.5
            },
            "N_beta": {
                "IIIIII": 1.5,
                "IZIIII": -0.5,
                "IIIZII": -0.5,
                "IIIIIZ": -0.5
            },
            "S^2_operator": {
                "IIIIII": 1.125,
                "ZZIIII": -0.375,
                "IIIIZZ": -0.375,
                "IIZZII": -0.375,
                "IIXXXX": 0.125,
                "IIYYYY": 0.125,
                "IIYYXX": 0.125,
                "IIXYYX": -0.125,
                "IIXYXY": 0.125,
                "ZIZIII": 0.125,
                "ZIIIZI": 0.125,
                "ZIIIIZ": -0.125,
                "IZZIII": -0.125,
                "IZIZII": 0.125,
                "IZIIZI": -0.125,
                "IZIIIZ": 0.125,
                "IIZIZI": 0.125,
                "IIZIIZ": -0.125,
                "ZIIZII": -0.125,
                "IIXXYY": 0.125,
                "IIYXYX": 0.125,
                "IIIZZI": -0.125,
                "YXYXII": 0.125,
                "YXXYII": -0.125,
                "XXYYII": 0.125,
                "XXXXII": 0.125,
                "YYYYII": 0.125,
                "YYXXII": 0.125,
                "XYYXII": -0.125,
                "IIYXXY": -0.125,
                "XYXYII": 0.125,
                "YXIIXY": -0.125,
                "XXIIYY": 0.125,
                "XXIIXX": 0.125,
                "YYIIYY": 0.125,
                "YYIIXX": 0.125,
                "XYIIYX": -0.125,
                "XYIIXY": 0.125,
                "YXIIYX": 0.125,
                "IIIZIZ": 0.125
            },
            "UCCSD_operator": {
                "XYXXII": -0.048857160433150845,
                "YYXYII": -0.048857160433150845,
                "XXXYII": 0.048857160433150845,
                "YXXXII": -0.048857160433150845,
                "XYYYII": 0.048857160433150845,
                "YXYYII": 0.048857160433150845,
                "YYYXII": -0.048857160433150845,
                "XXYXII": 0.048857160433150845,
                "YXIIYY": 0.04885714427866833,
                "XYIIYY": 0.04885714427866833,
                "YXIIXX": -0.04885714427866833,
                "XYIIXX": -0.04885714427866833,
                "XXIIXY": 0.04885714427866833,
                "XXIIYX": 0.04885714427866833,
                "YYIIXY": -0.04885714427866833,
                "YYIIYX": -0.04885714427866833,
                "IXZZZY": 6.266499752822354e-08,
                "IYZZZX": -6.266499752822354e-08,
                "XZZZYI": 6.266499752822354e-08,
                "YZZZXI": -6.266499752822354e-08
            }
        },
        "hf_method_fallback": "standard",
        "generation_time_s": 1.426,
        "timestamp": "2026-03-10T21:40:08.991663+00:00",
        "formula_latex": "$\\mathrm{H_{3}^{+}}$"
    }
}