{
    "hamiltonian": {
        "IIIIII": 1.8156120575889936,
        "IZIIII": 0.3966164132433057,
        "ZIIIII": 0.3966164132433055,
        "IIIIIZ": -0.33562338165677297,
        "IIIIZI": -0.3356233816567729,
        "IIZIII": -0.33562318717104783,
        "IIIZII": -0.33562318717104783,
        "IIIIZZ": 0.189916980693744,
        "IIZZII": 0.18991697503820362,
        "ZZIIII": 0.17978270949111436,
        "IZIIZI": 0.17562568124672046,
        "ZIIIIZ": 0.17562568124672046,
        "IZZIII": 0.1756256750089434,
        "ZIIZII": 0.1756256750089434,
        "IIIZZI": 0.16305118987657802,
        "IIZIIZ": 0.16305118987657802,
        "IIZIZI": 0.1496182916586242,
        "IIIZIZ": 0.1496182916586242,
        "IZIIIZ": 0.1383721296666494,
        "ZIIIZI": 0.1383721296666494,
        "ZIZIII": 0.13837212314687744,
        "IZIZII": 0.13837212314687744,
        "YXXYII": 0.03725355186206597,
        "YYXXII": -0.03725355186206597,
        "XXYYII": -0.03725355186206597,
        "XYYXII": 0.03725355186206597,
        "YXIIXY": 0.03725355158007105,
        "XYIIYX": 0.03725355158007105,
        "YYIIXX": -0.03725355158007105,
        "XXIIYY": -0.03725355158007105,
        "YZZZYZ": -0.015133102646263968,
        "XZZZXZ": -0.015133102646263968,
        "IXZZIX": -0.015133102646263968,
        "IYZZIY": -0.015133102646263968,
        "YZYYZY": -0.015133102549736937,
        "IXXYYI": 0.015133102549736937,
        "IYYXXI": 0.015133102549736937,
        "IYXXYI": -0.015133102549736937,
        "XZXXZX": -0.015133102549736937,
        "XZXYZY": -0.015133102549736937,
        "YZYXZX": -0.015133102549736937,
        "IXYYXI": -0.015133102549736937,
        "IXIZZX": 0.0151330956031092,
        "IYIZZY": 0.0151330956031092,
        "YZZIYI": 0.0151330956031092,
        "XZZIXI": 0.0151330956031092,
        "IIYXXY": 0.013432898217953817,
        "IIYYXX": -0.013432898217953817,
        "IIXXYY": -0.013432898217953817,
        "IIXYYX": 0.013432898217953817
    },
    "data": {
        "molecule_id": "H3+_singlet_D3h",
        "qubit_encoding": "JW",
        "unit": "Angstrom",
        "basis": "sto-3g",
        "charge": 1,
        "multiplicity": 1,
        "spin": 0,
        "geometry": "H 0.0000000000 0.2472313333 0.0000000000\nH 0.2141090000 -0.1236161667 0.0000000000\nH -0.2141090000 -0.1236161667 0.0000000000",
        "n_qubits": 6,
        "n_particles": {
            "total": 2,
            "alpha": 1,
            "beta": 1
        },
        "hf_array": [
            1,
            1,
            0,
            0,
            0,
            0
        ],
        "hf_method": "pyscf.scf.hf_symm.SymAdaptedRHF",
        "convergence_threshold": 1e-06,
        "point_group": {
            "groupname": "C2v",
            "topgroup": "D3h"
        },
        "alpha": 0.5,
        "calculated_properties": {
            "HF": {
                "energy": -0.39114949639817187,
                "converged": true
            },
            "MP2": {
                "energy": -0.4023431858271475,
                "converged": null
            },
            "CISD": {
                "energy": -0.4059392144659735,
                "converged": true
            },
            "CCSD": {
                "energy": -0.40593923542363536,
                "converged": true,
                "t1_diagnostic": 8.442190979695308e-10
            },
            "FCI": {
                "energy": -0.40593921446597303,
                "converged": true,
                "spin_matches_target": true,
                "multiplicity": 1.0,
                "oscillatory_converged": false,
                "oscillation_energy_change": null
            }
        },
        "auxiliary_operators": {
            "number_operator": {
                "IIIIII": 3.0,
                "ZIIIII": -0.5,
                "IZIIII": -0.5,
                "IIZIII": -0.5,
                "IIIZII": -0.5,
                "IIIIZI": -0.5,
                "IIIIIZ": -0.5
            },
            "N_alpha": {
                "IIIIII": 1.5,
                "ZIIIII": -0.5,
                "IIZIII": -0.5,
                "IIIIZI": -0.5
            },
            "N_beta": {
                "IIIIII": 1.5,
                "IZIIII": -0.5,
                "IIIZII": -0.5,
                "IIIIIZ": -0.5
            },
            "S^2_operator": {
                "IIIIII": 1.125,
                "ZZIIII": -0.375,
                "IIIIZZ": -0.375,
                "IIZZII": -0.375,
                "IIXXXX": 0.125,
                "IIYYYY": 0.125,
                "IIYYXX": 0.125,
                "IIXYYX": -0.125,
                "IIXYXY": 0.125,
                "ZIZIII": 0.125,
                "ZIIIZI": 0.125,
                "ZIIIIZ": -0.125,
                "IZZIII": -0.125,
                "IZIZII": 0.125,
                "IZIIZI": -0.125,
                "IZIIIZ": 0.125,
                "IIZIZI": 0.125,
                "IIZIIZ": -0.125,
                "ZIIZII": -0.125,
                "IIXXYY": 0.125,
                "IIYXYX": 0.125,
                "IIIZZI": -0.125,
                "YXYXII": 0.125,
                "YXXYII": -0.125,
                "XXYYII": 0.125,
                "XXXXII": 0.125,
                "YYYYII": 0.125,
                "YYXXII": 0.125,
                "XYYXII": -0.125,
                "IIYXXY": -0.125,
                "XYXYII": 0.125,
                "YXIIXY": -0.125,
                "XXIIYY": 0.125,
                "XXIIXX": 0.125,
                "YYIIYY": 0.125,
                "YYIIXX": 0.125,
                "XYIIYX": -0.125,
                "XYIIXY": 0.125,
                "YXIIYX": 0.125,
                "IIIZIZ": 0.125
            },
            "UCCSD_operator": {
                "YYXYII": -0.006203158939165733,
                "XXXYII": 0.006203158939165733,
                "XYXXII": -0.006203158939165733,
                "YXXXII": -0.006203158939165733,
                "YXYYII": 0.006203158939165733,
                "YYYXII": -0.006203158939165733,
                "XXYXII": 0.006203158939165733,
                "XYYYII": 0.006203158939165733,
                "XXIIXY": 0.0062031573231398265,
                "XYIIXX": -0.0062031573231398265,
                "YXIIXX": -0.0062031573231398265,
                "XYIIYY": 0.0062031573231398265,
                "YXIIYY": 0.0062031573231398265,
                "YYIIYX": -0.0062031573231398265,
                "XXIIYX": 0.0062031573231398265,
                "YYIIXY": -0.0062031573231398265
            }
        },
        "hf_method_fallback": "standard",
        "generation_time_s": 0.866,
        "timestamp": "2026-03-10T21:40:12.894765+00:00",
        "formula_latex": "$\\mathrm{H_{3}^{+}}$"
    }
}