{
    "hamiltonian": {
        "IIIIII": -0.7439049251806897,
        "IIIIZZ": 0.14006478925523824,
        "IIZZII": 0.14006478835380748,
        "ZIIIIZ": 0.11474312295119275,
        "IZIIZI": 0.11474312295119275,
        "IZZIII": 0.11474310477378824,
        "ZIIZII": 0.11474310477378824,
        "ZZIIII": 0.1145252588852691,
        "ZIIIII": 0.11376240521985717,
        "IZIIII": 0.11376240521985709,
        "IIIZZI": 0.0952339309148431,
        "IIZIIZ": 0.0952339309148431,
        "ZIIIZI": 0.07478839268040846,
        "IZIIIZ": 0.07478839268040846,
        "ZIZIII": 0.07478837891262395,
        "IZIZII": 0.07478837891262395,
        "IIZIZI": 0.07281848367168785,
        "IIIZIZ": 0.07281848367168785,
        "YXIIXY": 0.039954730270784285,
        "YYIIXX": -0.039954730270784285,
        "XXIIYY": -0.039954730270784285,
        "XYIIYX": 0.039954730270784285,
        "YYXXII": -0.039954725861164296,
        "XXYYII": -0.039954725861164296,
        "XYYXII": 0.039954725861164296,
        "YXXYII": 0.039954725861164296,
        "XZXYZY": -0.029504186602231273,
        "YZYXZX": -0.029504186602231273,
        "XZXXZX": -0.029504186602231273,
        "IYXXYI": -0.029504186602231273,
        "IYYXXI": 0.029504186602231273,
        "IXXYYI": 0.029504186602231273,
        "IXYYXI": -0.029504186602231273,
        "YZYYZY": -0.029504186602231273,
        "YZZIYI": 0.029504176662511816,
        "XZZIXI": 0.029504176662511816,
        "IYIZZY": 0.029504176662511816,
        "IXIZZX": 0.029504176662511816,
        "IYZZIY": -0.029504176536508227,
        "IXZZIX": -0.029504176536508227,
        "XZZZXZ": -0.029504176536508227,
        "YZZZYZ": -0.029504176536508227,
        "IIYXXY": 0.022415447243155247,
        "IIYYXX": -0.022415447243155247,
        "IIXXYY": -0.022415447243155247,
        "IIXYYX": 0.022415447243155247,
        "IIIIZI": -0.01142026049429945,
        "IIIIIZ": -0.01142026049429945,
        "IIZIII": -0.011420190180437745,
        "IIIZII": -0.011420190180437693
    },
    "data": {
        "molecule_id": "H3+_singlet_D3h",
        "qubit_encoding": "JW",
        "unit": "Angstrom",
        "basis": "sto-3g",
        "charge": 1,
        "multiplicity": 1,
        "spin": 0,
        "geometry": "H 0.0000000000 0.9889263333 0.0000000000\nH 0.8564360000 -0.4944636667 0.0000000000\nH -0.8564360000 -0.4944636667 0.0000000000",
        "n_qubits": 6,
        "n_particles": {
            "total": 2,
            "alpha": 1,
            "beta": 1
        },
        "hf_array": [
            1,
            1,
            0,
            0,
            0,
            0
        ],
        "hf_method": "pyscf.scf.hf_symm.SymAdaptedRHF",
        "convergence_threshold": 1e-06,
        "point_group": {
            "groupname": "C2v",
            "topgroup": "D3h"
        },
        "alpha": 2.0,
        "calculated_properties": {
            "HF": {
                "energy": -1.0444769699385288,
                "converged": true
            },
            "MP2": {
                "energy": -1.0915791811303537,
                "converged": null
            },
            "CISD": {
                "energy": -1.1130566081729216,
                "converged": true
            },
            "CCSD": {
                "energy": -1.113056608190242,
                "converged": true,
                "t1_diagnostic": 4.184202570364897e-08
            },
            "FCI": {
                "energy": -1.1130566081729196,
                "converged": true,
                "spin_matches_target": true,
                "multiplicity": 1.0,
                "oscillatory_converged": false,
                "oscillation_energy_change": null
            }
        },
        "auxiliary_operators": {
            "number_operator": {
                "IIIIII": 3.0,
                "ZIIIII": -0.5,
                "IZIIII": -0.5,
                "IIZIII": -0.5,
                "IIIZII": -0.5,
                "IIIIZI": -0.5,
                "IIIIIZ": -0.5
            },
            "N_alpha": {
                "IIIIII": 1.5,
                "ZIIIII": -0.5,
                "IIZIII": -0.5,
                "IIIIZI": -0.5
            },
            "N_beta": {
                "IIIIII": 1.5,
                "IZIIII": -0.5,
                "IIIZII": -0.5,
                "IIIIIZ": -0.5
            },
            "S^2_operator": {
                "IIIIII": 1.125,
                "ZZIIII": -0.375,
                "IIIIZZ": -0.375,
                "IIZZII": -0.375,
                "IIXXXX": 0.125,
                "IIYYYY": 0.125,
                "IIYYXX": 0.125,
                "IIXYYX": -0.125,
                "IIXYXY": 0.125,
                "ZIZIII": 0.125,
                "ZIIIZI": 0.125,
                "ZIIIIZ": -0.125,
                "IZZIII": -0.125,
                "IZIZII": 0.125,
                "IZIIZI": -0.125,
                "IZIIIZ": 0.125,
                "IIZIZI": 0.125,
                "IIZIIZ": -0.125,
                "ZIIZII": -0.125,
                "IIXXYY": 0.125,
                "IIYXYX": 0.125,
                "IIIZZI": -0.125,
                "YXYXII": 0.125,
                "YXXYII": -0.125,
                "XXYYII": 0.125,
                "XXXXII": 0.125,
                "YYYYII": 0.125,
                "YYXXII": 0.125,
                "XYYXII": -0.125,
                "IIYXXY": -0.125,
                "XYXYII": 0.125,
                "YXIIXY": -0.125,
                "XXIIYY": 0.125,
                "XXIIXX": 0.125,
                "YYIIYY": 0.125,
                "YYIIXX": 0.125,
                "XYIIYX": -0.125,
                "XYIIXY": 0.125,
                "YXIIYX": 0.125,
                "IIIZIZ": 0.125
            },
            "UCCSD_operator": {
                "XYXXII": -0.026819279758839475,
                "YYXYII": -0.026819279758839475,
                "XXXYII": 0.026819279758839475,
                "YXXXII": -0.026819279758839475,
                "XYYYII": 0.026819279758839475,
                "YXYYII": 0.026819279758839475,
                "YYYXII": -0.026819279758839475,
                "XXYXII": 0.026819279758839475,
                "YXIIYY": 0.026819270648194005,
                "XYIIYY": 0.026819270648194005,
                "YXIIXX": -0.026819270648194005,
                "XYIIXX": -0.026819270648194005,
                "XXIIXY": 0.026819270648194005,
                "XXIIYX": 0.026819270648194005,
                "YYIIXY": -0.026819270648194005,
                "YYIIYX": -0.026819270648194005,
                "IXZZZY": 2.9574005939721872e-08,
                "IYZZZX": -2.9574005939721872e-08,
                "XZZZYI": 2.9574005939721872e-08,
                "YZZZXI": -2.9574005939721872e-08
            }
        },
        "hf_method_fallback": "standard",
        "generation_time_s": 1.605,
        "timestamp": "2026-03-10T21:40:05.684970+00:00",
        "formula_latex": "$\\mathrm{H_{3}^{+}}$"
    }
}