{
    "hamiltonian": {
        "IIIIII": 0.35132598745548116,
        "ZIIIII": 0.29417879530275415,
        "IZIIII": 0.29417879530275415,
        "IIIIZI": -0.20495543979145733,
        "IIIIIZ": -0.20495543979145733,
        "IIIZII": -0.20495525569774553,
        "IIZIII": -0.20495525569774548,
        "IIIIZZ": 0.17697951021457758,
        "IIZZII": 0.1769795035319543,
        "ZZIIII": 0.16481854418729933,
        "ZIIIIZ": 0.15975461513017686,
        "IZIIZI": 0.15975461513017686,
        "ZIIZII": 0.15975460527915925,
        "IZZIII": 0.15975460527915925,
        "IIIZZI": 0.14446552552851516,
        "IIZIIZ": 0.14446552552851516,
        "IIZIZI": 0.1282085269249203,
        "IIIZIZ": 0.1282085269249203,
        "IZIIIZ": 0.12351383752544126,
        "ZIIIZI": 0.12351383752544126,
        "IZIZII": 0.12351382736977053,
        "ZIZIII": 0.12351382736977053,
        "YXXYII": 0.03624077790938871,
        "YYXXII": -0.03624077790938871,
        "XXYYII": -0.03624077790938871,
        "XYYXII": 0.03624077790938871,
        "YXIIXY": 0.03624077760473559,
        "YYIIXX": -0.03624077760473559,
        "XYIIYX": 0.03624077760473559,
        "XXIIYY": -0.03624077760473559,
        "XZXXZX": -0.020039867098814956,
        "YZYXZX": -0.020039867098814956,
        "YZYYZY": -0.020039867098814956,
        "IYXXYI": -0.020039867098814956,
        "IYYXXI": 0.020039867098814956,
        "IXXYYI": 0.020039867098814956,
        "IXYYXI": -0.020039867098814956,
        "XZXYZY": -0.020039867098814956,
        "IYZZIY": -0.020039865483465466,
        "XZZZXZ": -0.020039865483465466,
        "YZZZYZ": -0.020039865483465466,
        "IXZZIX": -0.020039865483465466,
        "IXIZZX": 0.02003985826133336,
        "YZZIYI": 0.02003985826133336,
        "XZZIXI": 0.02003985826133336,
        "IYIZZY": 0.02003985826133336,
        "IIYXXY": 0.016256998603594853,
        "IIYYXX": -0.016256998603594853,
        "IIXXYY": -0.016256998603594853,
        "IIXYYX": 0.016256998603594853,
        "YZZZYI": 1.0024086406421051e-08,
        "XZZZXI": 1.0024086406421051e-08
    },
    "data": {
        "molecule_id": "H3+_singlet_D3h",
        "qubit_encoding": "JW",
        "unit": "Angstrom",
        "basis": "sto-3g",
        "charge": 1,
        "multiplicity": 1,
        "spin": 0,
        "geometry": "H 0.0000000000 0.3955703333 0.0000000000\nH 0.3425744000 -0.1977856667 0.0000000000\nH -0.3425744000 -0.1977856667 0.0000000000",
        "n_qubits": 6,
        "n_particles": {
            "total": 2,
            "alpha": 1,
            "beta": 1
        },
        "hf_array": [
            1,
            1,
            0,
            0,
            0,
            0
        ],
        "hf_method": "pyscf.scf.hf_symm.SymAdaptedRHF",
        "convergence_threshold": 1e-06,
        "point_group": {
            "groupname": "C2v",
            "topgroup": "D3h"
        },
        "alpha": 0.8,
        "calculated_properties": {
            "HF": {
                "energy": -1.1258011018968253,
                "converged": true
            },
            "MP2": {
                "energy": -1.1401069134884272,
                "converged": null
            },
            "CISD": {
                "energy": -1.1455910777854568,
                "converged": true
            },
            "CCSD": {
                "energy": -1.1455911336178057,
                "converged": true,
                "t1_diagnostic": 2.83854374242246e-09
            },
            "FCI": {
                "energy": -1.1455910777854577,
                "converged": true,
                "spin_matches_target": true,
                "multiplicity": 1.0,
                "oscillatory_converged": false,
                "oscillation_energy_change": null
            }
        },
        "auxiliary_operators": {
            "number_operator": {
                "IIIIII": 3.0,
                "ZIIIII": -0.5,
                "IZIIII": -0.5,
                "IIZIII": -0.5,
                "IIIZII": -0.5,
                "IIIIZI": -0.5,
                "IIIIIZ": -0.5
            },
            "N_alpha": {
                "IIIIII": 1.5,
                "ZIIIII": -0.5,
                "IIZIII": -0.5,
                "IIIIZI": -0.5
            },
            "N_beta": {
                "IIIIII": 1.5,
                "IZIIII": -0.5,
                "IIIZII": -0.5,
                "IIIIIZ": -0.5
            },
            "S^2_operator": {
                "IIIIII": 1.125,
                "ZZIIII": -0.375,
                "IIIIZZ": -0.375,
                "IIZZII": -0.375,
                "IIXXXX": 0.125,
                "IIYYYY": 0.125,
                "IIYYXX": 0.125,
                "IIXYYX": -0.125,
                "IIXYXY": 0.125,
                "ZIZIII": 0.125,
                "ZIIIZI": 0.125,
                "ZIIIIZ": -0.125,
                "IZZIII": -0.125,
                "IZIZII": 0.125,
                "IZIIZI": -0.125,
                "IZIIIZ": 0.125,
                "IIZIZI": 0.125,
                "IIZIIZ": -0.125,
                "ZIIZII": -0.125,
                "IIXXYY": 0.125,
                "IIYXYX": 0.125,
                "IIIZZI": -0.125,
                "YXYXII": 0.125,
                "YXXYII": -0.125,
                "XXYYII": 0.125,
                "XXXXII": 0.125,
                "YYYYII": 0.125,
                "YYXXII": 0.125,
                "XYYXII": -0.125,
                "IIYXXY": -0.125,
                "XYXYII": 0.125,
                "YXIIXY": -0.125,
                "XXIIYY": 0.125,
                "XXIIXX": 0.125,
                "YYIIYY": 0.125,
                "YYIIXX": 0.125,
                "XYIIYX": -0.125,
                "XYIIXY": 0.125,
                "YXIIYX": 0.125,
                "IIIZIZ": 0.125
            },
            "UCCSD_operator": {
                "YYXYII": -0.00853235825354713,
                "XXXYII": 0.00853235825354713,
                "XYXXII": -0.00853235825354713,
                "YXXXII": -0.00853235825354713,
                "YXYYII": 0.00853235825354713,
                "YYYXII": -0.00853235825354713,
                "XXYXII": 0.00853235825354713,
                "XYYYII": 0.00853235825354713,
                "XXIIXY": 0.008532355297202305,
                "XYIIXX": -0.008532355297202305,
                "YXIIXX": -0.008532355297202305,
                "XYIIYY": 0.008532355297202305,
                "YXIIYY": 0.008532355297202305,
                "YYIIYX": -0.008532355297202305,
                "XXIIYX": 0.008532355297202305,
                "YYIIXY": -0.008532355297202305
            }
        },
        "hf_method_fallback": "standard",
        "generation_time_s": 0.975,
        "timestamp": "2026-03-10T21:40:11.052734+00:00",
        "formula_latex": "$\\mathrm{H_{3}^{+}}$"
    }
}