{
    "hamiltonian": {
        "IIIIII": 0.6903109523794196,
        "ZIIIII": 0.3242070520651694,
        "IZIIII": 0.32420705206516937,
        "IIIIIZ": -0.24195119644842397,
        "IIIIZI": -0.24195119644842392,
        "IIIZII": -0.2419510018260656,
        "IIZIII": -0.24195100182606555,
        "IIIIZZ": 0.18115116333390252,
        "IIZZII": 0.18115115661480813,
        "ZZIIII": 0.16995319179684876,
        "IZIIZI": 0.16499438168316835,
        "ZIIIIZ": 0.16499438168316835,
        "IZZIII": 0.16499437287174312,
        "ZIIZII": 0.16499437287174312,
        "IIIZZI": 0.15042662928644823,
        "IIZIIZ": 0.15042662928644823,
        "IIZIZI": 0.13506435726207677,
        "IIIZIZ": 0.13506435726207677,
        "IZIIIZ": 0.12848369698108203,
        "ZIIIZI": 0.12848369698108203,
        "ZIZIII": 0.12848368779510172,
        "IZIZII": 0.12848368779510172,
        "YXXYII": 0.036510685076641375,
        "YYXXII": -0.036510685076641375,
        "XXYYII": -0.036510685076641375,
        "XYYXII": 0.036510685076641375,
        "YXIIXY": 0.036510684702086314,
        "YYIIXX": -0.036510684702086314,
        "XXIIYY": -0.036510684702086314,
        "XYIIYX": 0.036510684702086314,
        "YZYYZY": -0.018652909426922618,
        "YZYXZX": -0.018652909426922618,
        "XZXYZY": -0.018652909426922618,
        "XZXXZX": -0.018652909426922618,
        "IYXXYI": -0.018652909426922614,
        "IXYYXI": -0.018652909426922614,
        "IXXYYI": 0.018652909426922614,
        "IYYXXI": 0.018652909426922614,
        "XZZZXZ": -0.018652908473434364,
        "IYZZIY": -0.018652908473434364,
        "IXZZIX": -0.018652908473434364,
        "YZZZYZ": -0.018652908473434364,
        "IXIZZX": 0.018652901084221723,
        "XZZIXI": 0.018652901084221723,
        "IYIZZY": 0.018652901084221723,
        "YZZIYI": 0.018652901084221723,
        "IIYXXY": 0.015362272024371442,
        "IIYYXX": -0.015362272024371442,
        "IIXXYY": -0.015362272024371442,
        "IIXYYX": 0.015362272024371442
    },
    "data": {
        "molecule_id": "H3+_singlet_D3h",
        "qubit_encoding": "JW",
        "unit": "Angstrom",
        "basis": "sto-3g",
        "charge": 1,
        "multiplicity": 1,
        "spin": 0,
        "geometry": "H 0.0000000000 0.3461240000 0.0000000000\nH 0.2997526000 -0.1730625000 0.0000000000\nH -0.2997526000 -0.1730625000 0.0000000000",
        "n_qubits": 6,
        "n_particles": {
            "total": 2,
            "alpha": 1,
            "beta": 1
        },
        "hf_array": [
            1,
            1,
            0,
            0,
            0,
            0
        ],
        "hf_method": "pyscf.scf.hf_symm.SymAdaptedRHF",
        "convergence_threshold": 1e-06,
        "point_group": {
            "groupname": "C2v",
            "topgroup": "D3h"
        },
        "alpha": 0.7,
        "calculated_properties": {
            "HF": {
                "energy": -0.9965823421194786,
                "converged": true
            },
            "MP2": {
                "energy": -1.0097481200182428,
                "converged": null
            },
            "CISD": {
                "energy": -1.0145357349036503,
                "converged": true
            },
            "CCSD": {
                "energy": -1.0145357699758135,
                "converged": true,
                "t1_diagnostic": 1.987332908845894e-09
            },
            "FCI": {
                "energy": -1.01453573490365,
                "converged": true,
                "spin_matches_target": true,
                "multiplicity": 1.0,
                "oscillatory_converged": false,
                "oscillation_energy_change": null
            }
        },
        "auxiliary_operators": {
            "number_operator": {
                "IIIIII": 3.0,
                "ZIIIII": -0.5,
                "IZIIII": -0.5,
                "IIZIII": -0.5,
                "IIIZII": -0.5,
                "IIIIZI": -0.5,
                "IIIIIZ": -0.5
            },
            "N_alpha": {
                "IIIIII": 1.5,
                "ZIIIII": -0.5,
                "IIZIII": -0.5,
                "IIIIZI": -0.5
            },
            "N_beta": {
                "IIIIII": 1.5,
                "IZIIII": -0.5,
                "IIIZII": -0.5,
                "IIIIIZ": -0.5
            },
            "S^2_operator": {
                "IIIIII": 1.125,
                "ZZIIII": -0.375,
                "IIIIZZ": -0.375,
                "IIZZII": -0.375,
                "IIXXXX": 0.125,
                "IIYYYY": 0.125,
                "IIYYXX": 0.125,
                "IIXYYX": -0.125,
                "IIXYXY": 0.125,
                "ZIZIII": 0.125,
                "ZIIIZI": 0.125,
                "ZIIIIZ": -0.125,
                "IZZIII": -0.125,
                "IZIZII": 0.125,
                "IZIIZI": -0.125,
                "IZIIIZ": 0.125,
                "IIZIZI": 0.125,
                "IIZIIZ": -0.125,
                "ZIIZII": -0.125,
                "IIXXYY": 0.125,
                "IIYXYX": 0.125,
                "IIIZZI": -0.125,
                "YXYXII": 0.125,
                "YXXYII": -0.125,
                "XXYYII": 0.125,
                "XXXXII": 0.125,
                "YYYYII": 0.125,
                "YYXXII": 0.125,
                "XYYXII": -0.125,
                "IIYXXY": -0.125,
                "XYXYII": 0.125,
                "YXIIXY": -0.125,
                "XXIIYY": 0.125,
                "XXIIXX": 0.125,
                "YYIIYY": 0.125,
                "YYIIXX": 0.125,
                "XYIIYX": -0.125,
                "XYIIXY": 0.125,
                "YXIIYX": 0.125,
                "IIIZIZ": 0.125
            },
            "UCCSD_operator": {
                "YYXYII": -0.007683294831590179,
                "XXXYII": 0.007683294831590179,
                "XYXXII": -0.007683294831590179,
                "YXXXII": -0.007683294831590179,
                "YXYYII": 0.007683294831590179,
                "YYYXII": -0.007683294831590179,
                "XXYXII": 0.007683294831590179,
                "XYYYII": 0.007683294831590179,
                "XXIIXY": 0.007683292297919071,
                "XYIIXX": -0.007683292297919071,
                "YXIIXX": -0.007683292297919071,
                "XYIIYY": 0.007683292297919071,
                "YXIIYY": 0.007683292297919071,
                "YYIIYX": -0.007683292297919071,
                "XXIIYX": 0.007683292297919071,
                "YYIIXY": -0.007683292297919071
            }
        },
        "hf_method_fallback": "standard",
        "generation_time_s": 0.966,
        "timestamp": "2026-03-10T21:40:12.020126+00:00",
        "formula_latex": "$\\mathrm{H_{3}^{+}}$"
    }
}