{"n_qubits": 5, "qubits": [1, 2, 3, 4, 5], "fci_energy": -1.6531169519401097, "hf_energy": -1.628609702958581, "CS_SRE": [0.03508100580365337, 0.039014461517381485, 0.04591463190577421, 0.05387458279895127, 0.054497072631964516], "CS_energy": [-1.6399763258888498, -1.6431945918213415, -1.6468974743928684, -1.6530567224507793, -1.6531169519401123], "overlaps": [0.9938041967619037, 0.9931410320181557, 0.9919383804678363, 0.9905621587415491, 0.9904511161766995], "solver": "scipy", "data": {"molecule_id": "H4_singlet_Dooh", "qubit_encoding": "JW", "unit": "Angstrom", "basis": "sto-3g", "charge": 0, "multiplicity": 1, "spin": 0, "geometry": "H -0.7500000000 0.0000000000 0.0000000000\nH -0.2500000000 0.0000000000 0.0000000000\nH 0.2500000000 0.0000000000 0.0000000000\nH 0.7500000000 0.0000000000 0.0000000000", "n_qubits": 8, "n_particles": {"total": 4, "alpha": 2, "beta": 2}, "hf_array": [1, 1, 1, 1, 0, 0, 0, 0], "hf_method": "pyscf.scf.hf_symm.SymAdaptedRHF", "convergence_threshold": 1e-06, "point_group": {"groupname": "Dooh", "topgroup": "Dooh"}, "alpha": 0.5, "calculated_properties": {"HF": {"energy": -1.628609702958581, "converged": true}, "MP2": {"energy": -1.646969159647008, "converged": null}, "CISD": {"energy": -1.6530615527059969, "converged": true}, "CCSD": {"energy": -1.6531113817563343, "converged": true, "t1_diagnostic": 0.0021089046979381122}, "FCI": {"energy": -1.6531169519401097, "converged": true, "spin_matches_target": true, "multiplicity": 0.9999999999999987, "oscillatory_converged": false, "oscillation_energy_change": null}}, "auxiliary_operators": {"number_operator": {"IIIIIIII": 4.0, "ZIIIIIII": -0.5, "IZIIIIII": -0.5, "IIZIIIII": -0.5, "IIIZIIII": -0.5, "IIIIZIII": -0.5, "IIIIIZII": -0.5, "IIIIIIZI": -0.5, "IIIIIIIZ": -0.5}, "N_alpha": {"IIIIIIII": 2.0, "ZIIIIIII": -0.5, "IIZIIIII": -0.5, "IIIIZIII": -0.5, "IIIIIIZI": -0.5}, "N_beta": {"IIIIIIII": 2.0, "IZIIIIII": -0.5, "IIIZIIII": -0.5, "IIIIIZII": -0.5, "IIIIIIIZ": -0.5}, "S^2_operator": {"IIIIIIII": 1.5, "ZZIIIIII": -0.375, "IIIIZZII": -0.375, "IIIIIIZZ": -0.375, "IIZZIIII": -0.375, "ZIIZIIII": -0.125, "ZIZIIIII": 0.125, "IIIIXYXY": 0.125, "IIIIXYYX": -0.125, "IIIIYYXX": 0.125, "IIIIYYYY": 0.125, "IIIIXXXX": 0.125, "IIIIXXYY": 0.125, "IIIIYXXY": -0.125, "IIIIYXYX": 0.125, "IIXYIIXY": 0.125, "IIXYIIYX": -0.125, "ZIIIZIII": 0.125, "ZIIIIZII": -0.125, "ZIIIIIZI": 0.125, "ZIIIIIIZ": -0.125, "IIIIZIIZ": -0.125, "IIIIZIZI": 0.125, "IIIZIIIZ": 0.125, "IIIZIIZI": -0.125, "IIIZIZII": 0.125, "IIIZZIII": -0.125, "IIZIIIIZ": -0.125, "IIYYIIXX": 0.125, "IIZIIIZI": 0.125, "IIZIZIII": 0.125, "IZIIIIIZ": 0.125, "IZIIIIZI": -0.125, "IZIIIZII": 0.125, "IZIIZIII": -0.125, "IZIZIIII": 0.125, "IZZIIIII": -0.125, "IIZIIZII": -0.125, "IIYYIIYY": 0.125, "IIXXIIXX": 0.125, "IIXXIIYY": 0.125, "XYIIYXII": -0.125, "YYIIXXII": 0.125, "YYIIYYII": 0.125, "XXIIXXII": 0.125, "XXIIYYII": 0.125, "YXIIXYII": -0.125, "YXIIYXII": 0.125, "XYXYIIII": 0.125, "XYYXIIII": -0.125, "YYXXIIII": 0.125, "YYYYIIII": 0.125, "XXXXIIII": 0.125, "XXYYIIII": 0.125, "YXXYIIII": -0.125, "YXYXIIII": 0.125, "XYIIXYII": 0.125, "IIIIIZZI": -0.125, "YXIIIIYX": 0.125, "XXIIIIYY": 0.125, "IIYXIIXY": -0.125, "IIYXIIYX": 0.125, "IIXYXYII": 0.125, "IIXYYXII": -0.125, "IIYYXXII": 0.125, "IIYYYYII": 0.125, "IIXXXXII": 0.125, "IIXXYYII": 0.125, "IIYXXYII": -0.125, "IIYXYXII": 0.125, "XYIIIIXY": 0.125, "XYIIIIYX": -0.125, "YYIIIIXX": 0.125, "YYIIIIYY": 0.125, "XXIIIIXX": 0.125, "YXIIIIXY": -0.125, "IIIIIZIZ": 0.125}, "UCCSD_operator": {"IIYXXXII": -0.010015511623925374, "IIXXYXII": 0.010015511623925374, "IIYXYYII": 0.010015511623925374, "IIYYYXII": -0.010015511623925374, "IIYYXYII": -0.010015511623925374, "IIXXXYII": 0.010015511623925374, "IIXYXXII": -0.010015511623925374, "IIXYYYII": 0.010015511623925374, "YXIIXXII": -0.004091366266748715, "YYIIXYII": -0.004091366266748715, "XXIIXYII": 0.004091366266748715, "XYIIXXII": -0.004091366266748715, "XYIIYYII": 0.004091366266748715, "XXIIYXII": 0.004091366266748715, "YXIIYYII": 0.004091366266748715, "YYIIYXII": -0.004091366266748715, "YZZYYZZX": 0.0029320231336094314, "YZZXYZZY": -0.0029320231336094314, "IYXIIYYI": -0.0029320231336094314, "XZZYYZZY": -0.0029320231336094314, "XZZYXZZX": 0.0029320231336094314, "XZZXXZZY": -0.0029320231336094314, "YZZYXZZY": 0.0029320231336094314, "YZZXXZZX": 0.0029320231336094314, "XZZXYZZX": -0.0029320231336094314, "IYYIIYXI": 0.0029320231336094314, "IXXIIYXI": -0.0029320231336094314, "IXYIIYYI": -0.0029320231336094314, "IYXIIXXI": 0.0029320231336094314, "IXYIIXXI": 0.0029320231336094314, "IXXIIXYI": -0.0029320231336094314, "IYYIIXYI": 0.0029320231336094314, "YZZZXIII": -0.0020374206970621557, "XZZZYIII": 0.0020374206970621557, "IYZZZXII": -0.0020374206970621557, "IXZZZYII": 0.0020374206970621557, "YZYIXZYI": 0.0018880052619678798, "IXZYIXZX": 0.0018880052619678798, "IYZXIXZX": 0.0018880052619678798, "IXZYIYZY": -0.0018880052619678798, "IYZYIYZX": 0.0018880052619678798, "IYZXIYZY": -0.0018880052619678798, "IXZXIYZX": -0.0018880052619678798, "IXZXIXZY": -0.0018880052619678798, "XZXIXZYI": -0.0018880052619678798, "XZYIXZXI": 0.0018880052619678798, "YZXIXZXI": 0.0018880052619678798, "XZYIYZYI": -0.0018880052619678798, "IYZYIXZY": 0.0018880052619678798, "YZXIYZYI": -0.0018880052619678798, "YZYIYZXI": 0.0018880052619678798, "XZXIYZXI": -0.0018880052619678798, "IIYXIIYY": 0.0018189242236755646, "IIYYIIYX": -0.0018189242236755646, "IIXXIIYX": 0.0018189242236755646, "IIXXIIXY": 0.0018189242236755646, "IIXYIIXX": -0.0018189242236755646, "IIYXIIXX": -0.0018189242236755646, "IIXYIIYY": 0.0018189242236755646, "IIYYIIXY": -0.0018189242236755646, "YYIIIIXY": -0.0017578878064052788, "XXIIIIXY": 0.0017578878064052788, "XYIIIIXX": -0.0017578878064052788, "YXIIIIXX": -0.0017578878064052788, "YXIIIIYY": 0.0017578878064052788, "YYIIIIYX": -0.0017578878064052788, "XXIIIIYX": 0.0017578878064052788, "XYIIIIYY": 0.0017578878064052788, "XZZXIYXI": 0.0010440178716415516, "YZZXIYYI": 0.0010440178716415516, "IYYIXZZY": -0.0010440178716415516, "YZZYIYXI": -0.0010440178716415516, "YZZXIXXI": -0.0010440178716415516, "IXXIXZZY": 0.0010440178716415516, "IXYIXZZX": -0.0010440178716415516, "IYXIXZZX": -0.0010440178716415516, "IYXIYZZY": 0.0010440178716415516, "IXYIYZZY": 0.0010440178716415516, "IYYIYZZX": -0.0010440178716415516, "XZZYIXXI": -0.0010440178716415516, "YZZYIXYI": -0.0010440178716415516, "IXXIYZZX": 0.0010440178716415516, "XZZXIXYI": 0.0010440178716415516, "XZZYIYYI": 0.0010440178716415516, "IIIXZZZY": 0.0005444225639777759, "IIIYZZZX": -0.0005444225639777759, "IIXZZZYI": 0.0005444225639777759, "IIYZZZXI": -0.0005444225639777759}}, "hf_method_fallback": "standard", "generation_time_s": 2.305, "timestamp": "2026-03-10T21:19:23.303711+00:00", "formula_latex": "$\\mathrm{H_{4}}$"}}