{"n_qubits": 5, "qubits": [1, 2, 3, 4, 5], "fci_energy": -2.1026084809554204, "hf_energy": -2.0038674831256227, "CS_SRE": [0.23266838778974608, 0.3627526775522235, 0.5884750735710033, 0.6111094171398191, 0.6167180256311532], "CS_energy": [-2.0348129120152874, -2.052294848702493, -2.083886818878442, -2.1022443908511024, -2.102608480955423], "overlaps": [0.9521886493713515, 0.9256237758752909, 0.8806438274228748, 0.8841111424060418, 0.8830550725944651], "solver": "scipy", "data": {"molecule_id": "H4_singlet_Dooh", "qubit_encoding": "JW", "unit": "Angstrom", "basis": "sto-3g", "charge": 0, "multiplicity": 1, "spin": 0, "geometry": "H -1.8000000000 0.0000000000 0.0000000000\nH -0.6000000000 0.0000000000 0.0000000000\nH 0.6000000000 0.0000000000 0.0000000000\nH 1.8000000000 0.0000000000 0.0000000000", "n_qubits": 8, "n_particles": {"total": 4, "alpha": 2, "beta": 2}, "hf_array": [1, 1, 1, 1, 0, 0, 0, 0], "hf_method": "pyscf.scf.hf_symm.SymAdaptedRHF", "convergence_threshold": 1e-06, "point_group": {"groupname": "Dooh", "topgroup": "Dooh"}, "alpha": 1.2, "calculated_properties": {"HF": {"energy": -2.0038674831256227, "converged": true}, "MP2": {"energy": -2.0595048846870347, "converged": null}, "CISD": {"energy": -2.0987269261339883, "converged": true}, "CCSD": {"energy": -2.1026711436566243, "converged": true, "t1_diagnostic": 0.0031095657738393206}, "FCI": {"energy": -2.1026084809554204, "converged": true, "spin_matches_target": true, "multiplicity": 1.0000000000000009, "oscillatory_converged": false, "oscillation_energy_change": null}}, "auxiliary_operators": {"number_operator": {"IIIIIIII": 4.0, "ZIIIIIII": -0.5, "IZIIIIII": -0.5, "IIZIIIII": -0.5, "IIIZIIII": -0.5, "IIIIZIII": -0.5, "IIIIIZII": -0.5, "IIIIIIZI": -0.5, "IIIIIIIZ": -0.5}, "N_alpha": {"IIIIIIII": 2.0, "ZIIIIIII": -0.5, "IIZIIIII": -0.5, "IIIIZIII": -0.5, "IIIIIIZI": -0.5}, "N_beta": {"IIIIIIII": 2.0, "IZIIIIII": -0.5, "IIIZIIII": -0.5, "IIIIIZII": -0.5, "IIIIIIIZ": -0.5}, "S^2_operator": {"IIIIIIII": 1.5, "ZZIIIIII": -0.375, "IIIIZZII": -0.375, "IIIIIIZZ": -0.375, "IIZZIIII": -0.375, "ZIIZIIII": -0.125, "ZIZIIIII": 0.125, "IIIIXYXY": 0.125, "IIIIXYYX": -0.125, "IIIIYYXX": 0.125, "IIIIYYYY": 0.125, "IIIIXXXX": 0.125, "IIIIXXYY": 0.125, "IIIIYXXY": -0.125, "IIIIYXYX": 0.125, "IIXYIIXY": 0.125, "IIXYIIYX": -0.125, "ZIIIZIII": 0.125, "ZIIIIZII": -0.125, "ZIIIIIZI": 0.125, "ZIIIIIIZ": -0.125, "IIIIZIIZ": -0.125, "IIIIZIZI": 0.125, "IIIZIIIZ": 0.125, "IIIZIIZI": -0.125, "IIIZIZII": 0.125, "IIIZZIII": -0.125, "IIZIIIIZ": -0.125, "IIYYIIXX": 0.125, "IIZIIIZI": 0.125, "IIZIZIII": 0.125, "IZIIIIIZ": 0.125, "IZIIIIZI": -0.125, "IZIIIZII": 0.125, "IZIIZIII": -0.125, "IZIZIIII": 0.125, "IZZIIIII": -0.125, "IIZIIZII": -0.125, "IIYYIIYY": 0.125, "IIXXIIXX": 0.125, "IIXXIIYY": 0.125, "XYIIYXII": -0.125, "YYIIXXII": 0.125, "YYIIYYII": 0.125, "XXIIXXII": 0.125, "XXIIYYII": 0.125, "YXIIXYII": -0.125, "YXIIYXII": 0.125, "XYXYIIII": 0.125, "XYYXIIII": -0.125, "YYXXIIII": 0.125, "YYYYIIII": 0.125, "XXXXIIII": 0.125, "XXYYIIII": 0.125, "YXXYIIII": -0.125, "YXYXIIII": 0.125, "XYIIXYII": 0.125, "IIIIIZZI": -0.125, "YXIIIIYX": 0.125, "XXIIIIYY": 0.125, "IIYXIIXY": -0.125, "IIYXIIYX": 0.125, "IIXYXYII": 0.125, "IIXYYXII": -0.125, "IIYYXXII": 0.125, "IIYYYYII": 0.125, "IIXXXXII": 0.125, "IIXXYYII": 0.125, "IIYXXYII": -0.125, "IIYXYXII": 0.125, "XYIIIIXY": 0.125, "XYIIIIYX": -0.125, "YYIIIIXX": 0.125, "YYIIIIYY": 0.125, "XXIIIIXX": 0.125, "YXIIIIXY": -0.125, "IIIIIZIZ": 0.125}, "UCCSD_operator": {"IIXYXXII": -0.03270326427972162, "IIYXXXII": -0.03270326427972162, "IIXYYYII": 0.03270326427972162, "IIYXYYII": 0.03270326427972162, "IIYYYXII": -0.03270326427972162, "IIXXYXII": 0.03270326427972162, "IIXXXYII": 0.03270326427972162, "IIYYXYII": -0.03270326427972162, "YZZYXZZY": 0.01501473790815662, "IXYIIXXI": 0.01501473790815662, "IYXIIXXI": 0.01501473790815662, "IXYIIYYI": -0.01501473790815662, "IYXIIYYI": -0.01501473790815662, "IYYIIYXI": 0.01501473790815662, "IXXIIYXI": -0.01501473790815662, "XZZXYZZX": -0.01501473790815662, "YZZYYZZX": 0.01501473790815662, "YZZXYZZY": -0.01501473790815662, "IYYIIXYI": 0.01501473790815662, "YZZXXZZX": 0.01501473790815662, "XZZYXZZX": 0.01501473790815662, "XZZXXZZY": -0.01501473790815662, "XZZYYZZY": -0.01501473790815662, "IXXIIXYI": -0.01501473790815662, "YYIIIIXY": -0.010907852182959789, "XXIIIIYX": 0.010907852182959789, "YYIIIIYX": -0.010907852182959789, "YXIIIIYY": 0.010907852182959789, "YXIIIIXX": -0.010907852182959789, "XYIIIIXX": -0.010907852182959789, "XXIIIIXY": 0.010907852182959789, "XYIIIIYY": 0.010907852182959789, "XXIIYXII": 0.010198922903331622, "YYIIYXII": -0.010198922903331622, "YXIIYYII": 0.010198922903331622, "XYIIYYII": 0.010198922903331622, "YXIIXXII": -0.010198922903331622, "XYIIXXII": -0.010198922903331622, "XXIIXYII": 0.010198922903331622, "YYIIXYII": -0.010198922903331622, "IYYIYZZX": -0.009872222950123903, "IYXIYZZY": 0.009872222950123903, "IXYIYZZY": 0.009872222950123903, "IYXIXZZX": -0.009872222950123903, "IXYIXZZX": -0.009872222950123903, "IXXIYZZX": 0.009872222950123903, "IXXIXZZY": 0.009872222950123903, "IYYIXZZY": -0.009872222950123903, "YZZYIXYI": -0.009872222950123903, "XZZXIYXI": 0.009872222950123903, "YZZYIYXI": -0.009872222950123903, "YZZXIYYI": 0.009872222950123903, "XZZYIYYI": 0.009872222950123903, "YZZXIXXI": -0.009872222950123903, "XZZYIXXI": -0.009872222950123903, "XZZXIXYI": 0.009872222950123903, "IIXXIIXY": 0.007291034817973712, "IIXYIIXX": -0.007291034817973712, "IIYXIIXX": -0.007291034817973712, "IIXXIIYX": 0.007291034817973712, "IIYXIIYY": 0.007291034817973712, "IIYYIIYX": -0.007291034817973712, "IIXYIIYY": 0.007291034817973712, "IIYYIIXY": -0.007291034817973712, "XZXIYZXI": -0.0051425149580327165, "YZYIYZXI": 0.0051425149580327165, "YZXIYZYI": -0.0051425149580327165, "YZXIXZXI": 0.0051425149580327165, "XZYIXZXI": 0.0051425149580327165, "XZXIXZYI": -0.0051425149580327165, "YZYIXZYI": 0.0051425149580327165, "XZYIYZYI": -0.0051425149580327165, "IYZYIXZY": 0.0051425149580327165, "IXZXIYZX": -0.0051425149580327165, "IYZYIYZX": 0.0051425149580327165, "IYZXIYZY": -0.0051425149580327165, "IYZXIXZX": 0.0051425149580327165, "IXZYIXZX": 0.0051425149580327165, "IXZXIXZY": -0.0051425149580327165, "IXZYIYZY": -0.0051425149580327165, "IIYZZZXI": -0.0022440425342662423, "IIIXZZZY": 0.0022440425342662423, "IIIYZZZX": -0.0022440425342662423, "IIXZZZYI": 0.0022440425342662423, "IXZZZYII": 0.002152596665945152, "IYZZZXII": -0.002152596665945152, "XZZZYIII": 0.002152596665945152, "YZZZXIII": -0.002152596665945152}}, "hf_method_fallback": "standard", "generation_time_s": 3.631, "timestamp": "2026-03-10T21:18:49.018141+00:00", "formula_latex": "$\\mathrm{H_{4}}$"}}