{"n_qubits": 5, "qubits": [1, 2, 3, 4, 5], "fci_energy": -2.1675605441340444, "hf_energy": -2.121386755763229, "CS_SRE": [0.09427574996697773, 0.12069771755478133, 0.15948770355941608, 0.17849545578173645, 0.18076101496239988], "CS_energy": [-2.139714118428519, -2.145874652940897, -2.156014153320431, -2.167444794584988, -2.167560544134044], "overlaps": [0.9827362111440355, 0.9779778562773579, 0.9710642018629372, 0.9681630468021628, 0.9677177499184474], "solver": "scipy", "data": {"molecule_id": "H4_singlet_Dooh", "qubit_encoding": "JW", "unit": "Angstrom", "basis": "sto-3g", "charge": 0, "multiplicity": 1, "spin": 0, "geometry": "H -1.2000000000 0.0000000000 0.0000000000\nH -0.4000000000 0.0000000000 0.0000000000\nH 0.4000000000 0.0000000000 0.0000000000\nH 1.2000000000 0.0000000000 0.0000000000", "n_qubits": 8, "n_particles": {"total": 4, "alpha": 2, "beta": 2}, "hf_array": [1, 1, 1, 1, 0, 0, 0, 0], "hf_method": "pyscf.scf.hf_symm.SymAdaptedRHF", "convergence_threshold": 1e-06, "point_group": {"groupname": "Dooh", "topgroup": "Dooh"}, "alpha": 0.8, "calculated_properties": {"HF": {"energy": -2.121386755763229, "converged": true}, "MP2": {"energy": -2.1517942588653547, "converged": null}, "CISD": {"energy": -2.1671415474900555, "converged": true}, "CCSD": {"energy": -2.1675555668855937, "converged": true, "t1_diagnostic": 0.0036868446380799867}, "FCI": {"energy": -2.1675605441340444, "converged": true, "spin_matches_target": true, "multiplicity": 1.0000000000000016, "oscillatory_converged": false, "oscillation_energy_change": null}}, "auxiliary_operators": {"number_operator": {"IIIIIIII": 4.0, "ZIIIIIII": -0.5, "IZIIIIII": -0.5, "IIZIIIII": -0.5, "IIIZIIII": -0.5, "IIIIZIII": -0.5, "IIIIIZII": -0.5, "IIIIIIZI": -0.5, "IIIIIIIZ": -0.5}, "N_alpha": {"IIIIIIII": 2.0, "ZIIIIIII": -0.5, "IIZIIIII": -0.5, "IIIIZIII": -0.5, "IIIIIIZI": -0.5}, "N_beta": {"IIIIIIII": 2.0, "IZIIIIII": -0.5, "IIIZIIII": -0.5, "IIIIIZII": -0.5, "IIIIIIIZ": -0.5}, "S^2_operator": {"IIIIIIII": 1.5, "ZZIIIIII": -0.375, "IIIIZZII": -0.375, "IIIIIIZZ": -0.375, "IIZZIIII": -0.375, "ZIIZIIII": -0.125, "ZIZIIIII": 0.125, "IIIIXYXY": 0.125, "IIIIXYYX": -0.125, "IIIIYYXX": 0.125, "IIIIYYYY": 0.125, "IIIIXXXX": 0.125, "IIIIXXYY": 0.125, "IIIIYXXY": -0.125, "IIIIYXYX": 0.125, "IIXYIIXY": 0.125, "IIXYIIYX": -0.125, "ZIIIZIII": 0.125, "ZIIIIZII": -0.125, "ZIIIIIZI": 0.125, "ZIIIIIIZ": -0.125, "IIIIZIIZ": -0.125, "IIIIZIZI": 0.125, "IIIZIIIZ": 0.125, "IIIZIIZI": -0.125, "IIIZIZII": 0.125, "IIIZZIII": -0.125, "IIZIIIIZ": -0.125, "IIYYIIXX": 0.125, "IIZIIIZI": 0.125, "IIZIZIII": 0.125, "IZIIIIIZ": 0.125, "IZIIIIZI": -0.125, "IZIIIZII": 0.125, "IZIIZIII": -0.125, "IZIZIIII": 0.125, "IZZIIIII": -0.125, "IIZIIZII": -0.125, "IIYYIIYY": 0.125, "IIXXIIXX": 0.125, "IIXXIIYY": 0.125, "XYIIYXII": -0.125, "YYIIXXII": 0.125, "YYIIYYII": 0.125, "XXIIXXII": 0.125, "XXIIYYII": 0.125, "YXIIXYII": -0.125, "YXIIYXII": 0.125, "XYXYIIII": 0.125, "XYYXIIII": -0.125, "YYXXIIII": 0.125, "YYYYIIII": 0.125, "XXXXIIII": 0.125, "XXYYIIII": 0.125, "YXXYIIII": -0.125, "YXYXIIII": 0.125, "XYIIXYII": 0.125, "IIIIIZZI": -0.125, "YXIIIIYX": 0.125, "XXIIIIYY": 0.125, "IIYXIIXY": -0.125, "IIYXIIYX": 0.125, "IIXYXYII": 0.125, "IIXYYXII": -0.125, "IIYYXXII": 0.125, "IIYYYYII": 0.125, "IIXXXXII": 0.125, "IIXXYYII": 0.125, "IIYXXYII": -0.125, "IIYXYXII": 0.125, "XYIIIIXY": 0.125, "XYIIIIYX": -0.125, "YYIIIIXX": 0.125, "YYIIIIYY": 0.125, "XXIIIIXX": 0.125, "YXIIIIXY": -0.125, "IIIIIZIZ": 0.125}, "UCCSD_operator": {"IIXYXXII": -0.01769221386967369, "IIXXYXII": 0.01769221386967369, "IIYYYXII": -0.01769221386967369, "IIYXYYII": 0.01769221386967369, "IIYXXXII": -0.01769221386967369, "IIXXXYII": 0.01769221386967369, "IIXYYYII": 0.01769221386967369, "IIYYXYII": -0.01769221386967369, "IXXIIXYI": -0.006587685138388612, "XZZXYZZX": -0.006587685138388612, "YZZYYZZX": 0.006587685138388612, "YZZXYZZY": -0.006587685138388612, "XZZYYZZY": -0.006587685138388612, "YZZXXZZX": 0.006587685138388612, "XZZYXZZX": 0.006587685138388612, "XZZXXZZY": -0.006587685138388612, "YZZYXZZY": 0.006587685138388612, "IYYIIXYI": 0.006587685138388612, "IYXIIXXI": 0.006587685138388612, "IXXIIYXI": -0.006587685138388612, "IYYIIYXI": 0.006587685138388612, "IYXIIYYI": -0.006587685138388612, "IXYIIYYI": -0.006587685138388612, "IXYIIXXI": 0.006587685138388612, "XYIIYYII": 0.006578209901703893, "YXIIYYII": 0.006578209901703893, "YXIIXXII": -0.006578209901703893, "XYIIXXII": -0.006578209901703893, "XXIIXYII": 0.006578209901703893, "YYIIXYII": -0.006578209901703893, "YYIIYXII": -0.006578209901703893, "XXIIYXII": 0.006578209901703893, "YYIIIIXY": -0.004148141246846681, "XXIIIIXY": 0.004148141246846681, "XYIIIIXX": -0.004148141246846681, "XXIIIIYX": 0.004148141246846681, "XYIIIIYY": 0.004148141246846681, "YXIIIIYY": 0.004148141246846681, "YYIIIIYX": -0.004148141246846681, "YXIIIIXX": -0.004148141246846681, "IIYYIIXY": -0.003755160305402661, "IIXXIIXY": 0.003755160305402661, "IIXYIIXX": -0.003755160305402661, "IIYXIIXX": -0.003755160305402661, "IIXYIIYY": 0.003755160305402661, "IIYXIIYY": 0.003755160305402661, "IIYYIIYX": -0.003755160305402661, "IIXXIIYX": 0.003755160305402661, "IYYIXZZY": -0.003540905004173364, "IXXIXZZY": 0.003540905004173364, "IXYIXZZX": -0.003540905004173364, "IYXIXZZX": -0.003540905004173364, "XZZYIYYI": 0.003540905004173364, "XZZXIYXI": 0.003540905004173364, "YZZYIYXI": -0.003540905004173364, "YZZXIYYI": 0.003540905004173364, "XZZYIXXI": -0.003540905004173364, "YZZXIXXI": -0.003540905004173364, "XZZXIXYI": 0.003540905004173364, "IYYIYZZX": -0.003540905004173364, "IYXIYZZY": 0.003540905004173364, "YZZYIXYI": -0.003540905004173364, "IXXIYZZX": 0.003540905004173364, "IXYIYZZY": 0.003540905004173364, "IXZZZYII": 0.0032522236944581245, "XZZZYIII": 0.0032522236944581245, "IYZZZXII": -0.0032522236944581245, "YZZZXIII": -0.0032522236944581245, "IYZXIXZX": 0.0030467801342152477, "IXZXIYZX": -0.0030467801342152477, "IYZYIYZX": 0.0030467801342152477, "IYZXIYZY": -0.0030467801342152477, "XZXIYZXI": -0.0030467801342152477, "YZYIYZXI": 0.0030467801342152477, "IXZYIYZY": -0.0030467801342152477, "YZXIYZYI": -0.0030467801342152477, "YZXIXZXI": 0.0030467801342152477, "IXZYIXZX": 0.0030467801342152477, "IXZXIXZY": -0.0030467801342152477, "IYZYIXZY": 0.0030467801342152477, "XZYIYZYI": -0.0030467801342152477, "YZYIXZYI": 0.0030467801342152477, "XZXIXZYI": -0.0030467801342152477, "XZYIXZXI": 0.0030467801342152477, "IIIYZZZX": -0.0017366244345110972, "IIYZZZXI": -0.0017366244345110972, "IIIXZZZY": 0.0017366244345110972, "IIXZZZYI": 0.0017366244345110972}}, "hf_method_fallback": "standard", "generation_time_s": 3.434, "timestamp": "2026-03-10T21:19:17.987896+00:00", "formula_latex": "$\\mathrm{H_{4}}$"}}