{"n_qubits": 5, "qubits": [1, 2, 3, 4, 5], "fci_energy": -2.180316614323806, "hf_energy": -2.1242597388659337, "CS_SRE": [0.12212926080725729, 0.16391863986923627, 0.22773674704916166, 0.25061227385014656, 0.2534599888762875], "CS_energy": [-2.1452564458803116, -2.153372109316558, -2.1669527478045434, -2.1801805694805987, -2.1803166143238584], "overlaps": [0.9772027754317344, 0.9695375384697308, 0.9579904214560887, 0.9548693512442284, 0.9542771262734322], "solver": "scipy", "data": {"molecule_id": "H4_singlet_Dooh", "qubit_encoding": "JW", "unit": "Angstrom", "basis": "sto-3g", "charge": 0, "multiplicity": 1, "spin": 0, "geometry": "H -1.3500000000 0.0000000000 0.0000000000\nH -0.4500000000 0.0000000000 0.0000000000\nH 0.4500000000 0.0000000000 0.0000000000\nH 1.3500000000 0.0000000000 0.0000000000", "n_qubits": 8, "n_particles": {"total": 4, "alpha": 2, "beta": 2}, "hf_array": [1, 1, 1, 1, 0, 0, 0, 0], "hf_method": "pyscf.scf.hf_symm.SymAdaptedRHF", "convergence_threshold": 1e-06, "point_group": {"groupname": "Dooh", "topgroup": "Dooh"}, "alpha": 0.9, "calculated_properties": {"HF": {"energy": -2.1242597388659337, "converged": true}, "MP2": {"energy": -2.159686593834895, "converged": null}, "CISD": {"energy": -2.179550760205037, "converged": true}, "CCSD": {"energy": -2.1803094152732485, "converged": true, "t1_diagnostic": 0.0038952532020571917}, "FCI": {"energy": -2.180316614323806, "converged": true, "spin_matches_target": true, "multiplicity": 1.0000000000000024, "oscillatory_converged": false, "oscillation_energy_change": null}}, "auxiliary_operators": {"number_operator": {"IIIIIIII": 4.0, "ZIIIIIII": -0.5, "IZIIIIII": -0.5, "IIZIIIII": -0.5, "IIIZIIII": -0.5, "IIIIZIII": -0.5, "IIIIIZII": -0.5, "IIIIIIZI": -0.5, "IIIIIIIZ": -0.5}, "N_alpha": {"IIIIIIII": 2.0, "ZIIIIIII": -0.5, "IIZIIIII": -0.5, "IIIIZIII": -0.5, "IIIIIIZI": -0.5}, "N_beta": {"IIIIIIII": 2.0, "IZIIIIII": -0.5, "IIIZIIII": -0.5, "IIIIIZII": -0.5, "IIIIIIIZ": -0.5}, "S^2_operator": {"IIIIIIII": 1.5, "ZZIIIIII": -0.375, "IIIIZZII": -0.375, "IIIIIIZZ": -0.375, "IIZZIIII": -0.375, "ZIIZIIII": -0.125, "ZIZIIIII": 0.125, "IIIIXYXY": 0.125, "IIIIXYYX": -0.125, "IIIIYYXX": 0.125, "IIIIYYYY": 0.125, "IIIIXXXX": 0.125, "IIIIXXYY": 0.125, "IIIIYXXY": -0.125, "IIIIYXYX": 0.125, "IIXYIIXY": 0.125, "IIXYIIYX": -0.125, "ZIIIZIII": 0.125, "ZIIIIZII": -0.125, "ZIIIIIZI": 0.125, "ZIIIIIIZ": -0.125, "IIIIZIIZ": -0.125, "IIIIZIZI": 0.125, "IIIZIIIZ": 0.125, "IIIZIIZI": -0.125, "IIIZIZII": 0.125, "IIIZZIII": -0.125, "IIZIIIIZ": -0.125, "IIYYIIXX": 0.125, "IIZIIIZI": 0.125, "IIZIZIII": 0.125, "IZIIIIIZ": 0.125, "IZIIIIZI": -0.125, "IZIIIZII": 0.125, "IZIIZIII": -0.125, "IZIZIIII": 0.125, "IZZIIIII": -0.125, "IIZIIZII": -0.125, "IIYYIIYY": 0.125, "IIXXIIXX": 0.125, "IIXXIIYY": 0.125, "XYIIYXII": -0.125, "YYIIXXII": 0.125, "YYIIYYII": 0.125, "XXIIXXII": 0.125, "XXIIYYII": 0.125, "YXIIXYII": -0.125, "YXIIYXII": 0.125, "XYXYIIII": 0.125, "XYYXIIII": -0.125, "YYXXIIII": 0.125, "YYYYIIII": 0.125, "XXXXIIII": 0.125, "XXYYIIII": 0.125, "YXXYIIII": -0.125, "YXYXIIII": 0.125, "XYIIXYII": 0.125, "IIIIIZZI": -0.125, "YXIIIIYX": 0.125, "XXIIIIYY": 0.125, "IIYXIIXY": -0.125, "IIYXIIYX": 0.125, "IIXYXYII": 0.125, "IIXYYXII": -0.125, "IIYYXXII": 0.125, "IIYYYYII": 0.125, "IIXXXXII": 0.125, "IIXXYYII": 0.125, "IIYXXYII": -0.125, "IIYXYXII": 0.125, "XYIIIIXY": 0.125, "XYIIIIYX": -0.125, "YYIIIIXX": 0.125, "YYIIIIYY": 0.125, "XXIIIIXX": 0.125, "YXIIIIXY": -0.125, "IIIIIZIZ": 0.125}, "UCCSD_operator": {"IIXYXXII": -0.020829563882320944, "IIYXXXII": -0.020829563882320944, "IIXYYYII": 0.020829563882320944, "IIYXYYII": 0.020829563882320944, "IIYYYXII": -0.020829563882320944, "IIXXYXII": 0.020829563882320944, "IIXXXYII": 0.020829563882320944, "IIYYXYII": -0.020829563882320944, "YZZYXZZY": 0.008233542980741883, "IXYIIXXI": 0.008233542980741883, "IYXIIXXI": 0.008233542980741883, "IXYIIYYI": -0.008233542980741883, "IYXIIYYI": -0.008233542980741883, "IYYIIYXI": 0.008233542980741883, "IXXIIYXI": -0.008233542980741883, "XZZXYZZX": -0.008233542980741883, "YZZYYZZX": 0.008233542980741883, "YZZXYZZY": -0.008233542980741883, "IYYIIXYI": 0.008233542980741883, "YZZXXZZX": 0.008233542980741883, "XZZYXZZX": 0.008233542980741883, "XZZXXZZY": -0.008233542980741883, "XZZYYZZY": -0.008233542980741883, "IXXIIXYI": -0.008233542980741883, "XYIIYYII": 0.0074646016435902995, "XXIIXYII": 0.0074646016435902995, "XYIIXXII": -0.0074646016435902995, "YXIIXXII": -0.0074646016435902995, "YXIIYYII": 0.0074646016435902995, "YYIIYXII": -0.0074646016435902995, "XXIIYXII": 0.0074646016435902995, "YYIIXYII": -0.0074646016435902995, "YYIIIIXY": -0.005330173102475772, "XXIIIIYX": 0.005330173102475772, "XYIIIIXX": -0.005330173102475772, "YXIIIIXX": -0.005330173102475772, "XYIIIIYY": 0.005330173102475772, "YXIIIIYY": 0.005330173102475772, "YYIIIIYX": -0.005330173102475772, "XXIIIIXY": 0.005330173102475772, "IYYIYZZX": -0.004771864220717953, "IYXIXZZX": -0.004771864220717953, "IYXIYZZY": 0.004771864220717953, "IXYIYZZY": 0.004771864220717953, "IYYIXZZY": -0.004771864220717953, "IXYIXZZX": -0.004771864220717953, "IXXIXZZY": 0.004771864220717953, "IXXIYZZX": 0.004771864220717953, "YZZYIXYI": -0.004771864220717953, "XZZXIYXI": 0.004771864220717953, "YZZYIYXI": -0.004771864220717953, "YZZXIYYI": 0.004771864220717953, "XZZYIYYI": 0.004771864220717953, "YZZXIXXI": -0.004771864220717953, "XZZYIXXI": -0.004771864220717953, "XZZXIXYI": 0.004771864220717953, "IIXXIIXY": 0.00451073699929801, "IIXYIIXX": -0.00451073699929801, "IIYXIIXX": -0.00451073699929801, "IIXXIIYX": 0.00451073699929801, "IIYXIIYY": 0.00451073699929801, "IIYYIIYX": -0.00451073699929801, "IIXYIIYY": 0.00451073699929801, "IIYYIIXY": -0.00451073699929801, "XZXIYZXI": -0.0034616787600239302, "YZYIYZXI": 0.0034616787600239302, "YZXIYZYI": -0.0034616787600239302, "YZXIXZXI": 0.0034616787600239302, "XZYIXZXI": 0.0034616787600239302, "XZXIXZYI": -0.0034616787600239302, "YZYIXZYI": 0.0034616787600239302, "XZYIYZYI": -0.0034616787600239302, "IYZYIXZY": 0.0034616787600239302, "IXZXIYZX": -0.0034616787600239302, "IYZYIYZX": 0.0034616787600239302, "IYZXIYZY": -0.0034616787600239302, "IYZXIXZX": 0.0034616787600239302, "IXZYIXZX": 0.0034616787600239302, "IXZXIXZY": -0.0034616787600239302, "IXZYIYZY": -0.0034616787600239302, "XZZZYIII": 0.0033088261362634514, "IYZZZXII": -0.0033088261362634514, "IXZZZYII": 0.0033088261362634514, "YZZZXIII": -0.0033088261362634514, "IIXZZZYI": 0.002055399500855593, "IIIYZZZX": -0.002055399500855593, "IIYZZZXI": -0.002055399500855593, "IIIXZZZY": 0.002055399500855593}}, "hf_method_fallback": "standard", "generation_time_s": 3.168, "timestamp": "2026-03-10T21:19:14.541568+00:00", "formula_latex": "$\\mathrm{H_{4}}$"}}