{"n_qubits": 5, "qubits": [1, 2, 3, 4, 5], "fci_energy": -2.1663874486347448, "hf_energy": -2.098545936997718, "CS_SRE": [0.15446978453605878, 0.21786917131332906, 0.3189404336994328, 0.3443122697883497, 0.34773505883507033], "CS_energy": [-2.1224998666234463, -2.13307133169891, -2.1511411655231303, -2.1662150951072596, -2.166387448634766], "overlaps": [0.9704541249386658, 0.9585294433832466, 0.9398444891603961, 0.9372138665069326, 0.9364638563852802], "solver": "scipy", "data": {"molecule_id": "H4_singlet_Dooh", "qubit_encoding": "JW", "unit": "Angstrom", "basis": "sto-3g", "charge": 0, "multiplicity": 1, "spin": 0, "geometry": "H -1.5000000000 0.0000000000 0.0000000000\nH -0.5000000000 0.0000000000 0.0000000000\nH 0.5000000000 0.0000000000 0.0000000000\nH 1.5000000000 0.0000000000 0.0000000000", "n_qubits": 8, "n_particles": {"total": 4, "alpha": 2, "beta": 2}, "hf_array": [1, 1, 1, 1, 0, 0, 0, 0], "hf_method": "pyscf.scf.hf_symm.SymAdaptedRHF", "convergence_threshold": 1e-06, "point_group": {"groupname": "Dooh", "topgroup": "Dooh"}, "alpha": 1.0, "calculated_properties": {"HF": {"energy": -2.098545936997718, "converged": true}, "MP2": {"energy": -2.1397440121679776, "converged": null}, "CISD": {"energy": -2.1650318412399425, "converged": true}, "CCSD": {"energy": -2.1663795216395316, "converged": true, "t1_diagnostic": 0.0038758806394166884}, "FCI": {"energy": -2.1663874486347448, "converged": true, "spin_matches_target": true, "multiplicity": 1.0, "oscillatory_converged": false, "oscillation_energy_change": null}}, "auxiliary_operators": {"number_operator": {"IIIIIIII": 4.0, "ZIIIIIII": -0.5, "IZIIIIII": -0.5, "IIZIIIII": -0.5, "IIIZIIII": -0.5, "IIIIZIII": -0.5, "IIIIIZII": -0.5, "IIIIIIZI": -0.5, "IIIIIIIZ": -0.5}, "N_alpha": {"IIIIIIII": 2.0, "ZIIIIIII": -0.5, "IIZIIIII": -0.5, "IIIIZIII": -0.5, "IIIIIIZI": -0.5}, "N_beta": {"IIIIIIII": 2.0, "IZIIIIII": -0.5, "IIIZIIII": -0.5, "IIIIIZII": -0.5, "IIIIIIIZ": -0.5}, "S^2_operator": {"IIIIIIII": 1.5, "ZZIIIIII": -0.375, "IIIIZZII": -0.375, "IIIIIIZZ": -0.375, "IIZZIIII": -0.375, "ZIIZIIII": -0.125, "ZIZIIIII": 0.125, "IIIIXYXY": 0.125, "IIIIXYYX": -0.125, "IIIIYYXX": 0.125, "IIIIYYYY": 0.125, "IIIIXXXX": 0.125, "IIIIXXYY": 0.125, "IIIIYXXY": -0.125, "IIIIYXYX": 0.125, "IIXYIIXY": 0.125, "IIXYIIYX": -0.125, "ZIIIZIII": 0.125, "ZIIIIZII": -0.125, "ZIIIIIZI": 0.125, "ZIIIIIIZ": -0.125, "IIIIZIIZ": -0.125, "IIIIZIZI": 0.125, "IIIZIIIZ": 0.125, "IIIZIIZI": -0.125, "IIIZIZII": 0.125, "IIIZZIII": -0.125, "IIZIIIIZ": -0.125, "IIYYIIXX": 0.125, "IIZIIIZI": 0.125, "IIZIZIII": 0.125, "IZIIIIIZ": 0.125, "IZIIIIZI": -0.125, "IZIIIZII": 0.125, "IZIIZIII": -0.125, "IZIZIIII": 0.125, "IZZIIIII": -0.125, "IIZIIZII": -0.125, "IIYYIIYY": 0.125, "IIXXIIXX": 0.125, "IIXXIIYY": 0.125, "XYIIYXII": -0.125, "YYIIXXII": 0.125, "YYIIYYII": 0.125, "XXIIXXII": 0.125, "XXIIYYII": 0.125, "YXIIXYII": -0.125, "YXIIYXII": 0.125, "XYXYIIII": 0.125, "XYYXIIII": -0.125, "YYXXIIII": 0.125, "YYYYIIII": 0.125, "XXXXIIII": 0.125, "XXYYIIII": 0.125, "YXXYIIII": -0.125, "YXYXIIII": 0.125, "XYIIXYII": 0.125, "IIIIIZZI": -0.125, "YXIIIIYX": 0.125, "XXIIIIYY": 0.125, "IIYXIIXY": -0.125, "IIYXIIYX": 0.125, "IIXYXYII": 0.125, "IIXYYXII": -0.125, "IIYYXXII": 0.125, "IIYYYYII": 0.125, "IIXXXXII": 0.125, "IIXXYYII": 0.125, "IIYXXYII": -0.125, "IIYXYXII": 0.125, "XYIIIIXY": 0.125, "XYIIIIYX": -0.125, "YYIIIIXX": 0.125, "YYIIIIYY": 0.125, "XXIIIIXX": 0.125, "YXIIIIXY": -0.125, "IIIIIZIZ": 0.125}, "UCCSD_operator": {"IIXYXXII": -0.024335145600427228, "IIYXXXII": -0.024335145600427228, "IIXYYYII": 0.024335145600427228, "IIYXYYII": 0.024335145600427228, "IIYYYXII": -0.024335145600427228, "IIXXYXII": 0.024335145600427228, "IIXXXYII": 0.024335145600427228, "IIYYXYII": -0.024335145600427228, "YZZYXZZY": 0.010152946574901409, "IXYIIXXI": 0.010152946574901409, "IYXIIXXI": 0.010152946574901409, "IXYIIYYI": -0.010152946574901409, "IYXIIYYI": -0.010152946574901409, "IYYIIYXI": 0.010152946574901409, "IXXIIYXI": -0.010152946574901409, "XZZXYZZX": -0.010152946574901409, "YZZYYZZX": 0.010152946574901409, "YZZXYZZY": -0.010152946574901409, "IYYIIXYI": 0.010152946574901409, "YZZXXZZX": 0.010152946574901409, "XZZYXZZX": 0.010152946574901409, "XZZXXZZY": -0.010152946574901409, "XZZYYZZY": -0.010152946574901409, "IXXIIXYI": -0.010152946574901409, "XYIIYYII": 0.008360668606108288, "XXIIXYII": 0.008360668606108288, "XYIIXXII": -0.008360668606108288, "YXIIXXII": -0.008360668606108288, "YXIIYYII": 0.008360668606108288, "YYIIYXII": -0.008360668606108288, "XXIIYXII": 0.008360668606108288, "YYIIXYII": -0.008360668606108288, "YYIIIIXY": -0.006793919492425836, "XXIIIIYX": 0.006793919492425836, "XYIIIIXX": -0.006793919492425836, "YXIIIIXX": -0.006793919492425836, "XYIIIIYY": 0.006793919492425836, "YXIIIIYY": 0.006793919492425836, "YYIIIIYX": -0.006793919492425836, "XXIIIIXY": 0.006793919492425836, "IYYIYZZX": -0.006224433158609053, "IYXIXZZX": -0.006224433158609053, "IYXIYZZY": 0.006224433158609053, "IXYIYZZY": 0.006224433158609053, "IYYIXZZY": -0.006224433158609053, "IXYIXZZX": -0.006224433158609053, "IXXIXZZY": 0.006224433158609053, "IXXIYZZX": 0.006224433158609053, "YZZYIXYI": -0.006224433158609053, "XZZXIYXI": 0.006224433158609053, "YZZYIYXI": -0.006224433158609053, "YZZXIYYI": 0.006224433158609053, "XZZYIYYI": 0.006224433158609053, "YZZXIXXI": -0.006224433158609053, "XZZYIXXI": -0.006224433158609053, "XZZXIXYI": 0.006224433158609053, "IIXXIIXY": 0.005347086696949936, "IIXYIIXX": -0.005347086696949936, "IIYXIIXX": -0.005347086696949936, "IIXXIIYX": 0.005347086696949936, "IIYXIIYY": 0.005347086696949936, "IIYYIIYX": -0.005347086696949936, "IIXYIIYY": 0.005347086696949936, "IIYYIIXY": -0.005347086696949936, "XZXIYZXI": -0.003928513416292356, "YZYIYZXI": 0.003928513416292356, "YZXIYZYI": -0.003928513416292356, "YZXIXZXI": 0.003928513416292356, "XZYIXZXI": 0.003928513416292356, "XZXIXZYI": -0.003928513416292356, "YZYIXZYI": 0.003928513416292356, "XZYIYZYI": -0.003928513416292356, "IYZYIXZY": 0.003928513416292356, "IXZXIYZX": -0.003928513416292356, "IYZYIYZX": 0.003928513416292356, "IYZXIYZY": -0.003928513416292356, "IYZXIXZX": 0.003928513416292356, "IXZYIXZX": 0.003928513416292356, "IXZXIXZY": -0.003928513416292356, "IXZYIYZY": -0.003928513416292356, "XZZZYIII": 0.0031455449754993264, "IYZZZXII": -0.0031455449754993264, "IXZZZYII": 0.0031455449754993264, "YZZZXIII": -0.0031455449754993264, "IIXZZZYI": 0.002264508233174231, "IIIYZZZX": -0.002264508233174231, "IIYZZZXI": -0.002264508233174231, "IIIXZZZY": 0.002264508233174231}}, "hf_method_fallback": "standard", "generation_time_s": 2.807, "timestamp": "2026-03-10T21:18:45.374029+00:00", "formula_latex": "$\\mathrm{H_{4}}$"}}