{"n_qubits": 5, "qubits": [1, 2, 3, 4, 5], "fci_energy": -1.867291372400967, "hf_energy": -1.3133117858074332, "CS_SRE": [0.09812064336884448, 0.12621805182580811, 0.8625108036134038, 1.0676718669983334, 1.3057303645722995], "CS_energy": [-1.427383439359376, -1.5353928030847066, -1.8668812085887292, -1.8670466982230045, -1.8672913724013809], "overlaps": [0.6330013062928892, 0.3777445370427043, 0.19473518621787253, 0.22394007260488905, 0.26850556683395066], "solver": "scipy", "data": {"molecule_id": "H4_singlet_Dooh", "qubit_encoding": "JW", "unit": "Angstrom", "basis": "sto-3g", "charge": 0, "multiplicity": 1, "spin": 0, "geometry": "H -4.5000000000 0.0000000000 0.0000000000\nH -1.5000000000 0.0000000000 0.0000000000\nH 1.5000000000 0.0000000000 0.0000000000\nH 4.5000000000 0.0000000000 0.0000000000", "n_qubits": 8, "n_particles": {"total": 4, "alpha": 2, "beta": 2}, "hf_array": [1, 1, 1, 1, 0, 0, 0, 0], "hf_method": "pyscf.scf.hf_symm.SymAdaptedRHF", "convergence_threshold": 1e-06, "point_group": {"groupname": "Dooh", "topgroup": "Dooh"}, "alpha": 3.0, "calculated_properties": {"HF": {"energy": -1.3133117858074332, "converged": true}, "MP2": {"energy": -1.758420632533718, "converged": null}, "CISD": {"energy": -1.8588970673282796, "converged": true}, "CCSD": {"energy": -1.8902897524095477, "converged": true, "t1_diagnostic": 0.02411044868904041}, "FCI": {"energy": -1.867291372400967, "converged": true, "spin_matches_target": true, "multiplicity": 1.0000000000000013, "oscillatory_converged": false, "oscillation_energy_change": null}}, "auxiliary_operators": {"number_operator": {"IIIIIIII": 4.0, "ZIIIIIII": -0.5, "IZIIIIII": -0.5, "IIZIIIII": -0.5, "IIIZIIII": -0.5, "IIIIZIII": -0.5, "IIIIIZII": -0.5, "IIIIIIZI": -0.5, "IIIIIIIZ": -0.5}, "N_alpha": {"IIIIIIII": 2.0, "ZIIIIIII": -0.5, "IIZIIIII": -0.5, "IIIIZIII": -0.5, "IIIIIIZI": -0.5}, "N_beta": {"IIIIIIII": 2.0, "IZIIIIII": -0.5, "IIIZIIII": -0.5, "IIIIIZII": -0.5, "IIIIIIIZ": -0.5}, "S^2_operator": {"IIIIIIII": 1.5, "ZZIIIIII": -0.375, "IIIIZZII": -0.375, "IIIIIIZZ": -0.375, "IIZZIIII": -0.375, "ZIIZIIII": -0.125, "ZIZIIIII": 0.125, "IIIIXYXY": 0.125, "IIIIXYYX": -0.125, "IIIIYYXX": 0.125, "IIIIYYYY": 0.125, "IIIIXXXX": 0.125, "IIIIXXYY": 0.125, "IIIIYXXY": -0.125, "IIIIYXYX": 0.125, "IIXYIIXY": 0.125, "IIXYIIYX": -0.125, "ZIIIZIII": 0.125, "ZIIIIZII": -0.125, "ZIIIIIZI": 0.125, "ZIIIIIIZ": -0.125, "IIIIZIIZ": -0.125, "IIIIZIZI": 0.125, "IIIZIIIZ": 0.125, "IIIZIIZI": -0.125, "IIIZIZII": 0.125, "IIIZZIII": -0.125, "IIZIIIIZ": -0.125, "IIYYIIXX": 0.125, "IIZIIIZI": 0.125, "IIZIZIII": 0.125, "IZIIIIIZ": 0.125, "IZIIIIZI": -0.125, "IZIIIZII": 0.125, "IZIIZIII": -0.125, "IZIZIIII": 0.125, "IZZIIIII": -0.125, "IIZIIZII": -0.125, "IIYYIIYY": 0.125, "IIXXIIXX": 0.125, "IIXXIIYY": 0.125, "XYIIYXII": -0.125, "YYIIXXII": 0.125, "YYIIYYII": 0.125, "XXIIXXII": 0.125, "XXIIYYII": 0.125, "YXIIXYII": -0.125, "YXIIYXII": 0.125, "XYXYIIII": 0.125, "XYYXIIII": -0.125, "YYXXIIII": 0.125, "YYYYIIII": 0.125, "XXXXIIII": 0.125, "XXYYIIII": 0.125, "YXXYIIII": -0.125, "YXYXIIII": 0.125, "XYIIXYII": 0.125, "IIIIIZZI": -0.125, "YXIIIIYX": 0.125, "XXIIIIYY": 0.125, "IIYXIIXY": -0.125, "IIYXIIYX": 0.125, "IIXYXYII": 0.125, "IIXYYXII": -0.125, "IIYYXXII": 0.125, "IIYYYYII": 0.125, "IIXXXXII": 0.125, "IIXXYYII": 0.125, "IIYXXYII": -0.125, "IIYXYXII": 0.125, "XYIIIIXY": 0.125, "XYIIIIYX": -0.125, "YYIIIIXX": 0.125, "YYIIIIYY": 0.125, "XXIIIIXX": 0.125, "YXIIIIXY": -0.125, "IIIIIZIZ": 0.125}, "UCCSD_operator": {"IIYXYYII": 0.08517604239483295, "IIXYYYII": 0.08517604239483295, "IIYXXXII": -0.08517604239483295, "IIXYXXII": -0.08517604239483295, "IIXXXYII": 0.08517604239483295, "IIYYXYII": -0.08517604239483295, "IIYYYXII": -0.08517604239483295, "IIXXYXII": 0.08517604239483295, "YXIIIIXX": -0.08073108404263224, "XYIIIIYY": 0.08073108404263224, "YXIIIIYY": 0.08073108404263224, "YYIIIIYX": -0.08073108404263224, "XXIIIIYX": 0.08073108404263224, "XXIIIIXY": 0.08073108404263224, "YYIIIIXY": -0.08073108404263224, "XYIIIIXX": -0.08073108404263224, "IXXIIYXI": -0.06807331380092263, "IYYIIYXI": 0.06807331380092263, "IYXIIYYI": -0.06807331380092263, "IXYIIYYI": -0.06807331380092263, "IYXIIXXI": 0.06807331380092263, "IXYIIXXI": 0.06807331380092263, "YZZYXZZY": 0.06807331380092263, "XZZXXZZY": -0.06807331380092263, "XZZYXZZX": 0.06807331380092263, "YZZXXZZX": 0.06807331380092263, "XZZYYZZY": -0.06807331380092263, "YZZXYZZY": -0.06807331380092263, "YZZYYZZX": 0.06807331380092263, "XZZXYZZX": -0.06807331380092263, "IYYIIXYI": 0.06807331380092263, "IXXIIXYI": -0.06807331380092263, "YZZYIXYI": -0.052984938122018196, "XZZYIXXI": -0.052984938122018196, "XZZXIXYI": 0.052984938122018196, "IXXIYZZX": 0.052984938122018196, "IYYIYZZX": -0.052984938122018196, "IYXIYZZY": 0.052984938122018196, "IXYIYZZY": 0.052984938122018196, "IYXIXZZX": -0.052984938122018196, "IXYIXZZX": -0.052984938122018196, "IXXIXZZY": 0.052984938122018196, "IYYIXZZY": -0.052984938122018196, "YZZXIXXI": -0.052984938122018196, "XZZYIYYI": 0.052984938122018196, "YZZXIYYI": 0.052984938122018196, "YZZYIYXI": -0.052984938122018196, "XZZXIYXI": 0.052984938122018196, "YYIIXYII": -0.03831895285115072, "XXIIXYII": 0.03831895285115072, "XYIIXXII": -0.03831895285115072, "YXIIXXII": -0.03831895285115072, "XYIIYYII": 0.03831895285115072, "XXIIYXII": 0.03831895285115072, "YXIIYYII": 0.03831895285115072, "YYIIYXII": -0.03831895285115072, "IIXXIIYX": 0.03818768689331153, "IIXXIIXY": 0.03818768689331153, "IIXYIIXX": -0.03818768689331153, "IIXYIIYY": 0.03818768689331153, "IIYYIIYX": -0.03818768689331153, "IIYXIIXX": -0.03818768689331153, "IIYXIIYY": 0.03818768689331153, "IIYYIIXY": -0.03818768689331153, "IXZZZYII": -0.017386986127505902, "YZZZXIII": 0.017386986127505902, "XZZZYIII": -0.017386986127505902, "IYZZZXII": 0.017386986127505902, "IIIXZZZY": -0.016703486144742458, "IIIYZZZX": 0.016703486144742458, "IIYZZZXI": 0.016703486144742458, "IIXZZZYI": -0.016703486144742458, "XZXIYZXI": -0.015088375678904434, "YZYIYZXI": 0.015088375678904434, "YZXIYZYI": -0.015088375678904434, "IXZXIYZX": -0.015088375678904434, "IYZYIYZX": 0.015088375678904434, "IYZXIYZY": -0.015088375678904434, "IXZYIYZY": -0.015088375678904434, "IYZXIXZX": 0.015088375678904434, "IXZYIXZX": 0.015088375678904434, "IXZXIXZY": -0.015088375678904434, "IYZYIXZY": 0.015088375678904434, "YZYIXZYI": 0.015088375678904434, "XZXIXZYI": -0.015088375678904434, "XZYIXZXI": 0.015088375678904434, "YZXIXZXI": 0.015088375678904434, "XZYIYZYI": -0.015088375678904434}}, "hf_method_fallback": "standard", "generation_time_s": 4.137, "timestamp": "2026-03-10T21:19:11.361955+00:00", "formula_latex": "$\\mathrm{H_{4}}$"}}