{"n_qubits": 5, "qubits": [1, 2, 3, 4, 5], "fci_energy": -2.106996915094332, "hf_energy": -2.0691974227381116, "CS_SRE": [0.07057562494006175, 0.07549498536075526, 0.09805491299867454, 0.12378723313163027, 0.12543850957846342], "CS_energy": [-2.0850715290180952, -2.0891382037388886, -2.0959156297588146, -2.1068979079737504, -2.106996915095291], "overlaps": [0.9872707169638744, 0.9865276898472652, 0.98254620364391, 0.9780855767034706, 0.9777752430577918], "solver": "scipy", "data": {"molecule_id": "H4_singlet_Dooh", "qubit_encoding": "JW", "unit": "Angstrom", "basis": "sto-3g", "charge": 0, "multiplicity": 1, "spin": 0, "geometry": "H -1.0500000000 0.0000000000 0.0000000000\nH -0.3500000000 0.0000000000 0.0000000000\nH 0.3500000000 0.0000000000 0.0000000000\nH 1.0500000000 0.0000000000 0.0000000000", "n_qubits": 8, "n_particles": {"total": 4, "alpha": 2, "beta": 2}, "hf_array": [1, 1, 1, 1, 0, 0, 0, 0], "hf_method": "pyscf.scf.hf_symm.SymAdaptedRHF", "convergence_threshold": 1e-06, "point_group": {"groupname": "Dooh", "topgroup": "Dooh"}, "alpha": 0.7, "calculated_properties": {"HF": {"energy": -2.0691974227381116, "converged": true}, "MP2": {"energy": -2.0951688038576273, "converged": null}, "CISD": {"energy": -2.106775998364398, "converged": true}, "CCSD": {"energy": -2.1069926712962883, "converged": true, "t1_diagnostic": 0.0032731062352784313}, "FCI": {"energy": -2.106996915094332, "converged": true, "spin_matches_target": true, "multiplicity": 1.0000000000006755, "oscillatory_converged": false, "oscillation_energy_change": null}}, "auxiliary_operators": {"number_operator": {"IIIIIIII": 4.0, "ZIIIIIII": -0.5, "IZIIIIII": -0.5, "IIZIIIII": -0.5, "IIIZIIII": -0.5, "IIIIZIII": -0.5, "IIIIIZII": -0.5, "IIIIIIZI": -0.5, "IIIIIIIZ": -0.5}, "N_alpha": {"IIIIIIII": 2.0, "ZIIIIIII": -0.5, "IIZIIIII": -0.5, "IIIIZIII": -0.5, "IIIIIIZI": -0.5}, "N_beta": {"IIIIIIII": 2.0, "IZIIIIII": -0.5, "IIIZIIII": -0.5, "IIIIIZII": -0.5, "IIIIIIIZ": -0.5}, "S^2_operator": {"IIIIIIII": 1.5, "ZZIIIIII": -0.375, "IIIIZZII": -0.375, "IIIIIIZZ": -0.375, "IIZZIIII": -0.375, "ZIIZIIII": -0.125, "ZIZIIIII": 0.125, "IIIIXYXY": 0.125, "IIIIXYYX": -0.125, "IIIIYYXX": 0.125, "IIIIYYYY": 0.125, "IIIIXXXX": 0.125, "IIIIXXYY": 0.125, "IIIIYXXY": -0.125, "IIIIYXYX": 0.125, "IIXYIIXY": 0.125, "IIXYIIYX": -0.125, "ZIIIZIII": 0.125, "ZIIIIZII": -0.125, "ZIIIIIZI": 0.125, "ZIIIIIIZ": -0.125, "IIIIZIIZ": -0.125, "IIIIZIZI": 0.125, "IIIZIIIZ": 0.125, "IIIZIIZI": -0.125, "IIIZIZII": 0.125, "IIIZZIII": -0.125, "IIZIIIIZ": -0.125, "IIYYIIXX": 0.125, "IIZIIIZI": 0.125, "IIZIZIII": 0.125, "IZIIIIIZ": 0.125, "IZIIIIZI": -0.125, "IZIIIZII": 0.125, "IZIIZIII": -0.125, "IZIZIIII": 0.125, "IZZIIIII": -0.125, "IIZIIZII": -0.125, "IIYYIIYY": 0.125, "IIXXIIXX": 0.125, "IIXXIIYY": 0.125, "XYIIYXII": -0.125, "YYIIXXII": 0.125, "YYIIYYII": 0.125, "XXIIXXII": 0.125, "XXIIYYII": 0.125, "YXIIXYII": -0.125, "YXIIYXII": 0.125, "XYXYIIII": 0.125, "XYYXIIII": -0.125, "YYXXIIII": 0.125, "YYYYIIII": 0.125, "XXXXIIII": 0.125, "XXYYIIII": 0.125, "YXXYIIII": -0.125, "YXYXIIII": 0.125, "XYIIXYII": 0.125, "IIIIIZZI": -0.125, "YXIIIIYX": 0.125, "XXIIIIYY": 0.125, "IIYXIIXY": -0.125, "IIYXIIYX": 0.125, "IIXYXYII": 0.125, "IIXYYXII": -0.125, "IIYYXXII": 0.125, "IIYYYYII": 0.125, "IIXXXXII": 0.125, "IIXXYYII": 0.125, "IIYXXYII": -0.125, "IIYXYXII": 0.125, "XYIIIIXY": 0.125, "XYIIIIYX": -0.125, "YYIIIIXX": 0.125, "YYIIIIYY": 0.125, "XXIIIIXX": 0.125, "YXIIIIXY": -0.125, "IIIIIZIZ": 0.125}, "UCCSD_operator": {"IIXYXXII": -0.014861511865659763, "IIYYXYII": -0.014861511865659763, "IIXXXYII": 0.014861511865659763, "IIYXXXII": -0.014861511865659763, "IIYXYYII": 0.014861511865659763, "IIYYYXII": -0.014861511865659763, "IIXXYXII": 0.014861511865659763, "IIXYYYII": 0.014861511865659763, "XYIIXXII": -0.00570357779492445, "YYIIXYII": -0.00570357779492445, "XXIIXYII": 0.00570357779492445, "YXIIXXII": -0.00570357779492445, "YXIIYYII": 0.00570357779492445, "YYIIYXII": -0.00570357779492445, "XXIIYXII": 0.00570357779492445, "XYIIYYII": 0.00570357779492445, "IXXIIYXI": -0.005171605484724822, "XZZXYZZX": -0.005171605484724822, "YZZYYZZX": 0.005171605484724822, "YZZXYZZY": -0.005171605484724822, "YZZXXZZX": 0.005171605484724822, "IYYIIYXI": 0.005171605484724822, "IYXIIYYI": -0.005171605484724822, "IXYIIYYI": -0.005171605484724822, "IYXIIXXI": 0.005171605484724822, "XZZYYZZY": -0.005171605484724822, "IXYIIXXI": 0.005171605484724822, "IXXIIXYI": -0.005171605484724822, "IYYIIXYI": 0.005171605484724822, "YZZYXZZY": 0.005171605484724822, "XZZXXZZY": -0.005171605484724822, "XZZYXZZX": 0.005171605484724822, "XXIIIIXY": 0.003184881712967355, "YYIIIIXY": -0.003184881712967355, "XXIIIIYX": 0.003184881712967355, "YYIIIIYX": -0.003184881712967355, "YXIIIIYY": 0.003184881712967355, "XYIIIIYY": 0.003184881712967355, "YXIIIIXX": -0.003184881712967355, "XYIIIIXX": -0.003184881712967355, "IIYXIIXX": -0.00306079371802537, "IIXXIIXY": 0.00306079371802537, "IIXYIIXX": -0.00306079371802537, "IIYYIIXY": -0.00306079371802537, "IIXXIIYX": 0.00306079371802537, "IIYXIIYY": 0.00306079371802537, "IIYYIIYX": -0.00306079371802537, "IIXYIIYY": 0.00306079371802537, "YZZZXIII": -0.002985716549101348, "XZZZYIII": 0.002985716549101348, "IYZZZXII": -0.002985716549101348, "IXZZZYII": 0.002985716549101348, "IYZXIXZX": 0.0026568572262263674, "IXZXIXZY": -0.0026568572262263674, "IXZYIXZX": 0.0026568572262263674, "IXZXIYZX": -0.0026568572262263674, "IYZYIYZX": 0.0026568572262263674, "IYZYIXZY": 0.0026568572262263674, "IYZXIYZY": -0.0026568572262263674, "XZYIXZXI": 0.0026568572262263674, "XZXIXZYI": -0.0026568572262263674, "YZXIXZXI": 0.0026568572262263674, "XZYIYZYI": -0.0026568572262263674, "YZXIYZYI": -0.0026568572262263674, "YZYIYZXI": 0.0026568572262263674, "XZXIYZXI": -0.0026568572262263674, "YZYIXZYI": 0.0026568572262263674, "IXZYIYZY": -0.0026568572262263674, "IXXIYZZX": 0.0025147482584984547, "IYYIYZZX": -0.0025147482584984547, "IYXIYZZY": 0.0025147482584984547, "IXYIYZZY": 0.0025147482584984547, "IYXIXZZX": -0.0025147482584984547, "IXXIXZZY": 0.0025147482584984547, "IYYIXZZY": -0.0025147482584984547, "IXYIXZZX": -0.0025147482584984547, "YZZYIXYI": -0.0025147482584984547, "XZZXIYXI": 0.0025147482584984547, "YZZYIYXI": -0.0025147482584984547, "YZZXIYYI": 0.0025147482584984547, "YZZXIXXI": -0.0025147482584984547, "XZZYIYYI": 0.0025147482584984547, "XZZYIXXI": -0.0025147482584984547, "XZZXIXYI": 0.0025147482584984547, "IIXZZZYI": 0.0013411640898267235, "IIYZZZXI": -0.0013411640898267235, "IIIXZZZY": 0.0013411640898267235, "IIIYZZZX": -0.0013411640898267235}}, "hf_method_fallback": "standard", "generation_time_s": 2.962, "timestamp": "2026-03-10T21:19:20.976462+00:00", "formula_latex": "$\\mathrm{H_{4}}$"}}