{"n_qubits": 5, "qubits": [1, 2, 3, 4, 5], "fci_energy": -1.9961503255187902, "hf_energy": -1.8291374118509718, "CS_SRE": [0.3599762828698029, 0.6284382690022489, 1.1228148126024657, 1.1669000020872136, 1.1966184757737717], "CS_energy": [-1.8735184498400868, -1.9079639645675746, -1.9763364078424852, -1.9949930789495967, -1.9961503255188089], "overlaps": [0.9095161477614315, 0.8385170703381901, 0.7137014522388367, 0.7495132940944116, 0.7496100370156454], "solver": "scipy", "data": {"molecule_id": "H4_singlet_Dooh", "qubit_encoding": "JW", "unit": "Angstrom", "basis": "sto-3g", "charge": 0, "multiplicity": 1, "spin": 0, "geometry": "H -2.2500000000 0.0000000000 0.0000000000\nH -0.7500000000 0.0000000000 0.0000000000\nH 0.7500000000 0.0000000000 0.0000000000\nH 2.2500000000 0.0000000000 0.0000000000", "n_qubits": 8, "n_particles": {"total": 4, "alpha": 2, "beta": 2}, "hf_array": [1, 1, 1, 1, 0, 0, 0, 0], "hf_method": "pyscf.scf.hf_symm.SymAdaptedRHF", "convergence_threshold": 1e-06, "point_group": {"groupname": "Dooh", "topgroup": "Dooh"}, "alpha": 1.5, "calculated_properties": {"HF": {"energy": -1.8291374118509718, "converged": true}, "MP2": {"energy": -1.9155888449289533, "converged": null}, "CISD": {"energy": -1.9818237331123392, "converged": true}, "CCSD": {"energy": -1.997623881708405, "converged": true, "t1_diagnostic": 0.0012676112615678807}, "FCI": {"energy": -1.9961503255187902, "converged": true, "spin_matches_target": true, "multiplicity": 0.9999999999999996, "oscillatory_converged": false, "oscillation_energy_change": null}}, "auxiliary_operators": {"number_operator": {"IIIIIIII": 4.0, "ZIIIIIII": -0.5, "IZIIIIII": -0.5, "IIZIIIII": -0.5, "IIIZIIII": -0.5, "IIIIZIII": -0.5, "IIIIIZII": -0.5, "IIIIIIZI": -0.5, "IIIIIIIZ": -0.5}, "N_alpha": {"IIIIIIII": 2.0, "ZIIIIIII": -0.5, "IIZIIIII": -0.5, "IIIIZIII": -0.5, "IIIIIIZI": -0.5}, "N_beta": {"IIIIIIII": 2.0, "IZIIIIII": -0.5, "IIIZIIII": -0.5, "IIIIIZII": -0.5, "IIIIIIIZ": -0.5}, "S^2_operator": {"IIIIIIII": 1.5, "ZZIIIIII": -0.375, "IIIIZZII": -0.375, "IIIIIIZZ": -0.375, "IIZZIIII": -0.375, "ZIIZIIII": -0.125, "ZIZIIIII": 0.125, "IIIIXYXY": 0.125, "IIIIXYYX": -0.125, "IIIIYYXX": 0.125, "IIIIYYYY": 0.125, "IIIIXXXX": 0.125, "IIIIXXYY": 0.125, "IIIIYXXY": -0.125, "IIIIYXYX": 0.125, "IIXYIIXY": 0.125, "IIXYIIYX": -0.125, "ZIIIZIII": 0.125, "ZIIIIZII": -0.125, "ZIIIIIZI": 0.125, "ZIIIIIIZ": -0.125, "IIIIZIIZ": -0.125, "IIIIZIZI": 0.125, "IIIZIIIZ": 0.125, "IIIZIIZI": -0.125, "IIIZIZII": 0.125, "IIIZZIII": -0.125, "IIZIIIIZ": -0.125, "IIYYIIXX": 0.125, "IIZIIIZI": 0.125, "IIZIZIII": 0.125, "IZIIIIIZ": 0.125, "IZIIIIZI": -0.125, "IZIIIZII": 0.125, "IZIIZIII": -0.125, "IZIZIIII": 0.125, "IZZIIIII": -0.125, "IIZIIZII": -0.125, "IIYYIIYY": 0.125, "IIXXIIXX": 0.125, "IIXXIIYY": 0.125, "XYIIYXII": -0.125, "YYIIXXII": 0.125, "YYIIYYII": 0.125, "XXIIXXII": 0.125, "XXIIYYII": 0.125, "YXIIXYII": -0.125, "YXIIYXII": 0.125, "XYXYIIII": 0.125, "XYYXIIII": -0.125, "YYXXIIII": 0.125, "YYYYIIII": 0.125, "XXXXIIII": 0.125, "XXYYIIII": 0.125, "YXXYIIII": -0.125, "YXYXIIII": 0.125, "XYIIXYII": 0.125, "IIIIIZZI": -0.125, "YXIIIIYX": 0.125, "XXIIIIYY": 0.125, "IIYXIIXY": -0.125, "IIYXIIYX": 0.125, "IIXYXYII": 0.125, "IIXYYXII": -0.125, "IIYYXXII": 0.125, "IIYYYYII": 0.125, "IIXXXXII": 0.125, "IIXXYYII": 0.125, "IIYXXYII": -0.125, "IIYXYXII": 0.125, "XYIIIIXY": 0.125, "XYIIIIYX": -0.125, "YYIIIIXX": 0.125, "YYIIIIYY": 0.125, "XXIIIIXX": 0.125, "YXIIIIXY": -0.125, "IIIIIZIZ": 0.125}, "UCCSD_operator": {"IIXYXXII": -0.048949766812879214, "IIYXXXII": -0.048949766812879214, "IIXYYYII": 0.048949766812879214, "IIYXYYII": 0.048949766812879214, "IIYYYXII": -0.048949766812879214, "IIXXYXII": 0.048949766812879214, "IIXXXYII": 0.048949766812879214, "IIYYXYII": -0.048949766812879214, "YZZYXZZY": 0.025403015448173617, "IXYIIXXI": 0.025403015448173617, "IYXIIXXI": 0.025403015448173617, "IXYIIYYI": -0.025403015448173617, "IYXIIYYI": -0.025403015448173617, "IYYIIYXI": 0.025403015448173617, "IXXIIYXI": -0.025403015448173617, "XZZXYZZX": -0.025403015448173617, "YZZYYZZX": 0.025403015448173617, "YZZXYZZY": -0.025403015448173617, "IYYIIXYI": 0.025403015448173617, "YZZXXZZX": 0.025403015448173617, "XZZYXZZX": 0.025403015448173617, "XZZXXZZY": -0.025403015448173617, "XZZYYZZY": -0.025403015448173617, "IXXIIXYI": -0.025403015448173617, "YYIIIIXY": -0.021599010890425215, "YYIIIIYX": -0.021599010890425215, "YXIIIIYY": 0.021599010890425215, "XXIIIIYX": 0.021599010890425215, "YXIIIIXX": -0.021599010890425215, "XYIIIIXX": -0.021599010890425215, "XYIIIIYY": 0.021599010890425215, "XXIIIIXY": 0.021599010890425215, "IXXIYZZX": 0.017181234396640956, "YZZYIXYI": -0.017181234396640956, "XZZYIXXI": -0.017181234396640956, "IYYIYZZX": -0.017181234396640956, "XZZXIXYI": 0.017181234396640956, "IXYIXZZX": -0.017181234396640956, "IXYIYZZY": 0.017181234396640956, "IYXIXZZX": -0.017181234396640956, "IXXIXZZY": 0.017181234396640956, "IYYIXZZY": -0.017181234396640956, "IYXIYZZY": 0.017181234396640956, "YZZXIXXI": -0.017181234396640956, "XZZXIYXI": 0.017181234396640956, "XZZYIYYI": 0.017181234396640956, "YZZXIYYI": 0.017181234396640956, "YZZYIYXI": -0.017181234396640956, "YYIIXYII": -0.012871946652524285, "YXIIXXII": -0.012871946652524285, "XYIIYYII": 0.012871946652524285, "XXIIXYII": 0.012871946652524285, "XXIIYXII": 0.012871946652524285, "XYIIXXII": -0.012871946652524285, "YXIIYYII": 0.012871946652524285, "YYIIYXII": -0.012871946652524285, "IIXXIIYX": 0.010560982462168966, "IIXXIIXY": 0.010560982462168966, "IIXYIIXX": -0.010560982462168966, "IIXYIIYY": 0.010560982462168966, "IIYYIIYX": -0.010560982462168966, "IIYXIIXX": -0.010560982462168966, "IIYXIIYY": 0.010560982462168966, "IIYYIIXY": -0.010560982462168966, "XZXIYZXI": -0.008221781051532661, "YZYIYZXI": 0.008221781051532661, "YZXIYZYI": -0.008221781051532661, "YZXIXZXI": 0.008221781051532661, "XZYIXZXI": 0.008221781051532661, "XZXIXZYI": -0.008221781051532661, "YZYIXZYI": 0.008221781051532661, "XZYIYZYI": -0.008221781051532661, "IYZYIXZY": 0.008221781051532661, "IXZXIYZX": -0.008221781051532661, "IYZYIYZX": 0.008221781051532661, "IYZXIYZY": -0.008221781051532661, "IYZXIXZX": 0.008221781051532661, "IXZYIXZX": 0.008221781051532661, "IXZXIXZY": -0.008221781051532661, "IXZYIYZY": -0.008221781051532661, "IIYZZZXI": -0.0011645096378492068, "IIIXZZZY": 0.0011645096378492068, "IIIYZZZX": -0.0011645096378492068, "IIXZZZYI": 0.0011645096378492068, "IXZZZYII": -0.000500755043719464, "IYZZZXII": 0.000500755043719464, "XZZZYIII": -0.000500755043719464, "YZZZXIII": 0.000500755043719464}}, "hf_method_fallback": "standard", "generation_time_s": 5.64, "timestamp": "2026-03-10T21:18:54.698412+00:00", "formula_latex": "$\\mathrm{H_{4}}$"}}