{
    "hamiltonian": {
        "IIIIII": 1.7370810723356573,
        "IZIIII": 0.39250720650855353,
        "ZIIIII": 0.3925072065085534,
        "IIIIIZ": -0.33029061720580777,
        "IIIIZI": -0.33029061720580777,
        "IIIZII": -0.33027160382685106,
        "IIZIII": -0.33027160382685106,
        "IIIIZZ": 0.1894705394394466,
        "IIZZII": 0.18946997978466693,
        "ZZIIII": 0.1793104555281736,
        "IZIIZI": 0.17509704267098566,
        "ZIIIIZ": 0.17509704267098566,
        "ZIIZII": 0.17509642199660796,
        "IZZIII": 0.17509642199660796,
        "IIIZZI": 0.16240486575455831,
        "IIZIIZ": 0.16240486575455831,
        "IIZIZI": 0.14887174659712823,
        "IIIZIZ": 0.14887174659712823,
        "ZIIIZI": 0.13788633599574454,
        "IZIIIZ": 0.13788633599574454,
        "ZIZIII": 0.13788568665123818,
        "IZIZII": 0.13788568665123818,
        "XYYXII": 0.03721073534536979,
        "YYXXII": -0.03721073534536979,
        "YXXYII": 0.03721073534536979,
        "XXYYII": -0.03721073534536979,
        "XXIIYY": -0.03721070667524112,
        "XYIIYX": 0.03721070667524112,
        "YYIIXX": -0.03721070667524112,
        "YXIIXY": 0.03721070667524112,
        "YZZZYZ": -0.015341669773732027,
        "XZZZXZ": -0.015341669773732027,
        "IXZZIX": -0.015341669773732025,
        "IYZZIY": -0.015341669773732025,
        "IXYYXI": -0.015341664046678326,
        "IXXYYI": 0.015341664046678326,
        "IYYXXI": 0.015341664046678326,
        "IYXXYI": -0.015341664046678326,
        "YZYYZY": -0.015341664046678326,
        "XZXXZX": -0.015341664046678326,
        "XZXYZY": -0.015341664046678326,
        "YZYXZX": -0.015341664046678326,
        "IYIZZY": 0.015340980339849545,
        "IXIZZX": 0.015340980339849545,
        "XZZIXI": 0.015340980339849545,
        "YZZIYI": 0.015340980339849545,
        "IIXYYX": 0.013533119157430107,
        "IIXXYY": -0.013533119157430107,
        "IIYYXX": -0.013533119157430107,
        "IIYXXY": 0.013533119157430107,
        "YIZZYI": -7.450646608094268e-07,
        "XIZZXI": -7.450646608094268e-07,
        "ZXZZZX": -7.450646608094268e-07,
        "ZYZZZY": -7.450646608094268e-07,
        "YZIZYI": -6.83706828781723e-07,
        "XZIZXI": -6.83706828781723e-07,
        "IXZIZX": -6.83706828781723e-07,
        "IYZIZY": -6.83706828781723e-07,
        "IXZZZX": 6.24907586779886e-07,
        "IYZZZY": 6.24907586779886e-07,
        "YZZZYI": 6.24907586778585e-07,
        "XZZZXI": 6.24907586778585e-07
    },
    "data": {
        "molecule_id": "H3+_singlet_C1",
        "qubit_encoding": "JW",
        "unit": "Angstrom",
        "basis": "sto-3g",
        "charge": 1,
        "multiplicity": 1,
        "spin": 0,
        "geometry": "H 0.0000000000 0.2522666667 0.0000000000\nH 0.2184500000 -0.1260833333 0.0000000000\nH -0.2184500000 -0.1260833333 0.0000000000",
        "n_qubits": 6,
        "n_particles": {
            "total": 2,
            "alpha": 1,
            "beta": 1
        },
        "hf_array": [
            1,
            1,
            0,
            0,
            0,
            0
        ],
        "hf_method": "pyscf.scf.hf_symm.SymAdaptedRHF",
        "convergence_threshold": 1e-06,
        "point_group": {
            "groupname": "C2v",
            "topgroup": "C2v"
        },
        "alpha": 0.5,
        "calculated_properties": {
            "HF": {
                "energy": -0.44018455792026057,
                "converged": true
            },
            "MP2": {
                "energy": -0.45146838855931876,
                "converged": null
            },
            "CISD": {
                "energy": -0.4551180780840753,
                "converged": true
            },
            "CCSD": {
                "energy": -0.455118100204619,
                "converged": true,
                "t1_diagnostic": 8.612052270370984e-08
            },
            "FCI": {
                "energy": -0.4551180780840731,
                "converged": true,
                "spin_matches_target": true,
                "multiplicity": 1.0000000000000002,
                "oscillatory_converged": false,
                "oscillation_energy_change": null
            }
        },
        "auxiliary_operators": {
            "number_operator": {
                "IIIIII": 3.0,
                "ZIIIII": -0.5,
                "IZIIII": -0.5,
                "IIZIII": -0.5,
                "IIIZII": -0.5,
                "IIIIZI": -0.5,
                "IIIIIZ": -0.5
            },
            "N_alpha": {
                "IIIIII": 1.5,
                "ZIIIII": -0.5,
                "IIZIII": -0.5,
                "IIIIZI": -0.5
            },
            "N_beta": {
                "IIIIII": 1.5,
                "IZIIII": -0.5,
                "IIIZII": -0.5,
                "IIIIIZ": -0.5
            },
            "S^2_operator": {
                "IIIIII": 1.125,
                "ZZIIII": -0.375,
                "IIIIZZ": -0.375,
                "IIZZII": -0.375,
                "IIXXXX": 0.125,
                "IIYYYY": 0.125,
                "IIYYXX": 0.125,
                "IIXYYX": -0.125,
                "IIXYXY": 0.125,
                "ZIZIII": 0.125,
                "ZIIIZI": 0.125,
                "ZIIIIZ": -0.125,
                "IZZIII": -0.125,
                "IZIZII": 0.125,
                "IZIIZI": -0.125,
                "IZIIIZ": 0.125,
                "IIZIZI": 0.125,
                "IIZIIZ": -0.125,
                "ZIIZII": -0.125,
                "IIXXYY": 0.125,
                "IIYXYX": 0.125,
                "IIIZZI": -0.125,
                "YXYXII": 0.125,
                "YXXYII": -0.125,
                "XXYYII": 0.125,
                "XXXXII": 0.125,
                "YYYYII": 0.125,
                "YYXXII": 0.125,
                "XYYXII": -0.125,
                "IIYXXY": -0.125,
                "XYXYII": 0.125,
                "YXIIXY": -0.125,
                "XXIIYY": 0.125,
                "XXIIXX": 0.125,
                "YYIIYY": 0.125,
                "YYIIXX": 0.125,
                "XYIIYX": -0.125,
                "XYIIXY": 0.125,
                "YXIIYX": 0.125,
                "IIIZIZ": 0.125
            },
            "UCCSD_operator": {
                "XYXXII": -0.006270762860332703,
                "YYXYII": -0.006270762860332703,
                "XXXYII": 0.006270762860332703,
                "YXXXII": -0.006270762860332703,
                "XYYYII": 0.006270762860332703,
                "YXYYII": 0.006270762860332703,
                "YYYXII": -0.006270762860332703,
                "XXYXII": 0.006270762860332703,
                "YXIIYY": 0.00627060112599758,
                "XYIIYY": 0.00627060112599758,
                "YXIIXX": -0.00627060112599758,
                "XYIIXX": -0.00627060112599758,
                "XXIIXY": 0.00627060112599758,
                "XXIIYX": 0.00627060112599758,
                "YYIIXY": -0.00627060112599758,
                "YYIIYX": -0.00627060112599758,
                "IXZZZY": 6.973486822072319e-08,
                "IYZZZX": -6.973486822072319e-08,
                "XZZZYI": 6.973486822072319e-08,
                "YZZZXI": -6.973486822072319e-08
            }
        },
        "hf_method_fallback": "standard",
        "generation_time_s": 0.987,
        "timestamp": "2026-03-10T21:25:21.150116+00:00",
        "formula_latex": "$\\mathrm{H_{3}^{+}}$"
    }
}