{
    "hamiltonian": {
        "IIIIII": 0.6356505697050654,
        "IZIIII": 0.31972141216169575,
        "ZIIIII": 0.3197214121616957,
        "IIIIIZ": -0.23632341074041313,
        "IIIIZI": -0.23632341074041308,
        "IIZIII": -0.23630461253114793,
        "IIIZII": -0.2363046125311479,
        "IIIIZZ": 0.1805480196292821,
        "IIZZII": 0.1805473654170178,
        "ZZIIII": 0.169229697868704,
        "ZIIIIZ": 0.1642438374011455,
        "IZIIZI": 0.1642438374011455,
        "ZIIZII": 0.16424296568493735,
        "IZZIII": 0.16424296568493735,
        "IIIZZI": 0.14956301457955323,
        "IIZIIZ": 0.14956301457955323,
        "IIZIZI": 0.13407000893330817,
        "IIIZIZ": 0.13407000893330817,
        "ZIIIZI": 0.12777604311658564,
        "IZIIIZ": 0.12777604311658564,
        "ZIZIII": 0.12777513557439363,
        "IZIZII": 0.12777513557439363,
        "XYYXII": 0.03646783011054371,
        "XXYYII": -0.03646783011054371,
        "YYXXII": -0.03646783011054371,
        "YXXYII": 0.03646783011054371,
        "YYIIXX": -0.03646779428455987,
        "XXIIYY": -0.03646779428455987,
        "XYIIYX": 0.03646779428455987,
        "YXIIXY": 0.03646779428455987,
        "IXYYXI": -0.018862171603182914,
        "IXXYYI": 0.018862171603182914,
        "IYYXXI": 0.018862171603182914,
        "IYXXYI": -0.018862171603182914,
        "YZYYZY": -0.018862171603182914,
        "XZXXZX": -0.018862171603182914,
        "XZXYZY": -0.018862171603182914,
        "YZYXZX": -0.018862171603182914,
        "YZZZYZ": -0.018862070094694094,
        "XZZZXZ": -0.018862070094694094,
        "IYZZIY": -0.018862070094694094,
        "IXZZIX": -0.018862070094694094,
        "IYIZZY": 0.01886135313427912,
        "IXIZZX": 0.01886135313427912,
        "XZZIXI": 0.01886135313427912,
        "YZZIYI": 0.01886135313427912,
        "IIXYYX": 0.01549300564624506,
        "IIXXYY": -0.01549300564624506,
        "IIYYXX": -0.01549300564624506,
        "IIYXXY": 0.01549300564624506,
        "ZYZZZY": -8.828151592892965e-07,
        "ZXZZZX": -8.828151592892965e-07,
        "XIZZXI": -8.828151592892963e-07,
        "YIZZYI": -8.828151592892963e-07,
        "IXZIZX": -8.184689037921827e-07,
        "IYZIZY": -8.184689037921827e-07,
        "YZIZYI": -8.184689037921827e-07,
        "XZIZXI": -8.184689037921827e-07,
        "YZZZYI": 6.50691738594833e-07,
        "XZZZXI": 6.50691738594833e-07,
        "IXZZZX": 6.506917385930983e-07,
        "IYZZZY": 6.506917385930983e-07
    },
    "data": {
        "molecule_id": "H3+_singlet_C1",
        "qubit_encoding": "JW",
        "unit": "Angstrom",
        "basis": "sto-3g",
        "charge": 1,
        "multiplicity": 1,
        "spin": 0,
        "geometry": "H 0.0000000000 0.3531600000 0.0000000000\nH 0.3058300000 -0.1765300000 0.0000000000\nH -0.3058300000 -0.1765300000 0.0000000000",
        "n_qubits": 6,
        "n_particles": {
            "total": 2,
            "alpha": 1,
            "beta": 1
        },
        "hf_array": [
            1,
            1,
            0,
            0,
            0,
            0
        ],
        "hf_method": "pyscf.scf.hf_symm.SymAdaptedRHF",
        "convergence_threshold": 1e-06,
        "point_group": {
            "groupname": "C2v",
            "topgroup": "C2v"
        },
        "alpha": 0.7,
        "calculated_properties": {
            "HF": {
                "energy": -1.019533134774845,
                "converged": true
            },
            "MP2": {
                "energy": -1.0328540946135971,
                "converged": null
            },
            "CISD": {
                "energy": -1.037736459973057,
                "converged": true
            },
            "CCSD": {
                "energy": -1.0377364975047751,
                "converged": true,
                "t1_diagnostic": 2.0370666391720498e-07
            },
            "FCI": {
                "energy": -1.037736459973055,
                "converged": true,
                "spin_matches_target": true,
                "multiplicity": 1.0,
                "oscillatory_converged": false,
                "oscillation_energy_change": null
            }
        },
        "auxiliary_operators": {
            "number_operator": {
                "IIIIII": 3.0,
                "ZIIIII": -0.5,
                "IZIIII": -0.5,
                "IIZIII": -0.5,
                "IIIZII": -0.5,
                "IIIIZI": -0.5,
                "IIIIIZ": -0.5
            },
            "N_alpha": {
                "IIIIII": 1.5,
                "ZIIIII": -0.5,
                "IIZIII": -0.5,
                "IIIIZI": -0.5
            },
            "N_beta": {
                "IIIIII": 1.5,
                "IZIIII": -0.5,
                "IIIZII": -0.5,
                "IIIIIZ": -0.5
            },
            "S^2_operator": {
                "IIIIII": 1.125,
                "ZZIIII": -0.375,
                "IIIIZZ": -0.375,
                "IIZZII": -0.375,
                "IIXXXX": 0.125,
                "IIYYYY": 0.125,
                "IIYYXX": 0.125,
                "IIXYYX": -0.125,
                "IIXYXY": 0.125,
                "ZIZIII": 0.125,
                "ZIIIZI": 0.125,
                "ZIIIIZ": -0.125,
                "IZZIII": -0.125,
                "IZIZII": 0.125,
                "IZIIZI": -0.125,
                "IZIIIZ": 0.125,
                "IIZIZI": 0.125,
                "IIZIIZ": -0.125,
                "ZIIZII": -0.125,
                "IIXXYY": 0.125,
                "IIYXYX": 0.125,
                "IIIZZI": -0.125,
                "YXYXII": 0.125,
                "YXXYII": -0.125,
                "XXYYII": 0.125,
                "XXXXII": 0.125,
                "YYYYII": 0.125,
                "YYXXII": 0.125,
                "XYYXII": -0.125,
                "IIYXXY": -0.125,
                "XYXYII": 0.125,
                "YXIIXY": -0.125,
                "XXIIYY": 0.125,
                "XXIIXX": 0.125,
                "YYIIYY": 0.125,
                "YYIIXX": 0.125,
                "XYIIYX": -0.125,
                "XYIIXY": 0.125,
                "YXIIYX": 0.125,
                "IIIZIZ": 0.125
            },
            "UCCSD_operator": {
                "XYXXII": -0.007799539519567672,
                "YYXYII": -0.007799539519567672,
                "XXXYII": 0.007799539519567672,
                "YXXXII": -0.007799539519567672,
                "XYYYII": 0.007799539519567672,
                "YXYYII": 0.007799539519567672,
                "YYYXII": -0.007799539519567672,
                "XXYXII": 0.007799539519567672,
                "YXIIYY": 0.007799287254704891,
                "XYIIYY": 0.007799287254704891,
                "YXIIXX": -0.007799287254704891,
                "XYIIXX": -0.007799287254704891,
                "XXIIXY": 0.007799287254704891,
                "XXIIYX": 0.007799287254704891,
                "YYIIXY": -0.007799287254704891,
                "YYIIYX": -0.007799287254704891,
                "IXZZZY": 1.5621853058033673e-07,
                "IYZZZX": -1.5621853058033673e-07,
                "XZZZYI": 1.5621853058033673e-07,
                "YZZZXI": -1.5621853058033673e-07
            }
        },
        "hf_method_fallback": "standard",
        "generation_time_s": 1.011,
        "timestamp": "2026-03-10T21:25:20.157836+00:00",
        "formula_latex": "$\\mathrm{H_{3}^{+}}$"
    }
}