{
    "hamiltonian": {
        "IIIIII": -0.8005171221176649,
        "IIZZII": 0.13027648760625343,
        "IIIIZZ": 0.13027635369471274,
        "IZIIZI": 0.10419211467211587,
        "ZIIIIZ": 0.10419211467211587,
        "IZZIII": 0.10419037912919382,
        "ZIIZII": 0.10419037912919382,
        "ZZIIII": 0.10288502047438507,
        "IIIZZI": 0.08278715745863238,
        "IIZIIZ": 0.08278715745863238,
        "IZIIII": 0.07952104982401483,
        "ZIIIII": 0.07952104982401481,
        "IZIIIZ": 0.060318551114680125,
        "ZIIIZI": 0.060318551114680125,
        "IZIZII": 0.06031734511832881,
        "ZIZIII": 0.06031734511832881,
        "IIIZIZ": 0.05904076836469854,
        "IIZIZI": 0.05904076836469854,
        "XYIIYX": 0.04387356355743573,
        "XXIIYY": -0.04387356355743573,
        "YXIIXY": 0.04387356355743573,
        "YYIIXX": -0.04387356355743573,
        "XYYXII": 0.043873034010865015,
        "YYXXII": -0.043873034010865015,
        "XXYYII": -0.043873034010865015,
        "YXXYII": 0.043873034010865015,
        "XZXYZY": -0.03215379561225735,
        "IYYXXI": 0.03215379561225735,
        "IXXYYI": 0.03215379561225735,
        "IXYYXI": -0.03215379561225735,
        "IYXXYI": -0.03215379561225735,
        "XZXXZX": -0.03215379561225735,
        "YZYYZY": -0.03215379561225735,
        "YZYXZX": -0.03215379561225735,
        "XZZIXI": 0.032152929590545276,
        "YZZIYI": 0.032152929590545276,
        "IYIZZY": 0.032152929590545276,
        "IXIZZX": 0.032152929590545276,
        "YZZZYZ": -0.032152707007159775,
        "XZZZXZ": -0.032152707007159775,
        "IXZZIX": -0.032152707007159775,
        "IYZZIY": -0.032152707007159775,
        "IIYYXX": -0.023746389093933843,
        "IIXXYY": -0.023746389093933843,
        "IIYXXY": 0.023746389093933843,
        "IIXYYX": 0.023746389093933843,
        "IIZIII": 0.015773422724792444,
        "IIIZII": 0.01577342272479243,
        "IIIIZI": 0.01576946350192629,
        "IIIIIZ": 0.015769463501926262,
        "YIZZYI": -1.1702478299140794e-06,
        "ZXZZZX": -1.1702478299140794e-06,
        "XIZZXI": -1.1702478299140794e-06,
        "ZYZZZY": -1.1702478299140794e-06,
        "IXZIZX": -8.660217120752545e-07,
        "IYZIZY": -8.660217120752545e-07,
        "YZIZYI": -8.660217120752545e-07,
        "XZIZXI": -8.660217120752545e-07,
        "IXZZZX": -4.948365146910383e-07,
        "IYZZZY": -4.948365146910383e-07,
        "YZZZYI": -4.948365146910383e-07,
        "XZZZXI": -4.948365146910383e-07
    },
    "data": {
        "molecule_id": "H3+_singlet_C1",
        "qubit_encoding": "JW",
        "unit": "Angstrom",
        "basis": "sto-3g",
        "charge": 1,
        "multiplicity": 1,
        "spin": 0,
        "geometry": "H 0.0000000000 1.2612000000 0.0000000000\nH 1.0922500000 -0.6305500000 0.0000000000\nH -1.0922500000 -0.6305500000 0.0000000000",
        "n_qubits": 6,
        "n_particles": {
            "total": 2,
            "alpha": 1,
            "beta": 1
        },
        "hf_array": [
            1,
            1,
            0,
            0,
            0,
            0
        ],
        "hf_method": "pyscf.scf.hf_symm.SymAdaptedRHF",
        "convergence_threshold": 1e-06,
        "point_group": {
            "groupname": "C2v",
            "topgroup": "C2v"
        },
        "alpha": 2.5,
        "calculated_properties": {
            "HF": {
                "energy": -0.907416515958882,
                "converged": true
            },
            "MP2": {
                "energy": -0.9918924308353978,
                "converged": null
            },
            "CISD": {
                "energy": -1.0189532964861734,
                "converged": true
            },
            "CCSD": {
                "energy": -1.0189532444389224,
                "converged": true,
                "t1_diagnostic": 8.770047263908245e-06
            },
            "FCI": {
                "energy": -1.0189532964691814,
                "converged": true,
                "spin_matches_target": true,
                "multiplicity": 1.0,
                "oscillatory_converged": false,
                "oscillation_energy_change": null
            }
        },
        "auxiliary_operators": {
            "number_operator": {
                "IIIIII": 3.0,
                "ZIIIII": -0.5,
                "IZIIII": -0.5,
                "IIZIII": -0.5,
                "IIIZII": -0.5,
                "IIIIZI": -0.5,
                "IIIIIZ": -0.5
            },
            "N_alpha": {
                "IIIIII": 1.5,
                "ZIIIII": -0.5,
                "IIZIII": -0.5,
                "IIIIZI": -0.5
            },
            "N_beta": {
                "IIIIII": 1.5,
                "IZIIII": -0.5,
                "IIIZII": -0.5,
                "IIIIIZ": -0.5
            },
            "S^2_operator": {
                "IIIIII": 1.125,
                "ZZIIII": -0.375,
                "IIIIZZ": -0.375,
                "IIZZII": -0.375,
                "IIXXXX": 0.125,
                "IIYYYY": 0.125,
                "IIYYXX": 0.125,
                "IIXYYX": -0.125,
                "IIXYXY": 0.125,
                "ZIZIII": 0.125,
                "ZIIIZI": 0.125,
                "ZIIIIZ": -0.125,
                "IZZIII": -0.125,
                "IZIZII": 0.125,
                "IZIIZI": -0.125,
                "IZIIIZ": 0.125,
                "IIZIZI": 0.125,
                "IIZIIZ": -0.125,
                "ZIIZII": -0.125,
                "IIXXYY": 0.125,
                "IIYXYX": 0.125,
                "IIIZZI": -0.125,
                "YXYXII": 0.125,
                "YXXYII": -0.125,
                "XXYYII": 0.125,
                "XXXXII": 0.125,
                "YYYYII": 0.125,
                "YYXXII": 0.125,
                "XYYXII": -0.125,
                "IIYXXY": -0.125,
                "XYXYII": 0.125,
                "YXIIXY": -0.125,
                "XXIIYY": 0.125,
                "XXIIXX": 0.125,
                "YYIIYY": 0.125,
                "YYIIXX": 0.125,
                "XYIIYX": -0.125,
                "XYIIXY": 0.125,
                "YXIIYX": 0.125,
                "IIIZIZ": 0.125
            },
            "UCCSD_operator": {
                "XYXXII": -0.03972347712290218,
                "YYXYII": -0.03972347712290218,
                "XXXYII": 0.03972347712290218,
                "YXXXII": -0.03972347712290218,
                "XYYYII": 0.03972347712290218,
                "YXYYII": 0.03972347712290218,
                "YYYXII": -0.03972347712290218,
                "XXYXII": 0.03972347712290218,
                "YXIIYY": 0.03972171762519646,
                "XYIIYY": 0.03972171762519646,
                "YXIIXX": -0.03972171762519646,
                "XYIIXX": -0.03972171762519646,
                "XXIIXY": 0.03972171762519646,
                "XXIIYX": 0.03972171762519646,
                "YYIIXY": -0.03972171762519646,
                "YYIIYX": -0.03972171762519646,
                "IXZZZY": 5.7577187431572295e-06,
                "IYZZZX": -5.7577187431572295e-06,
                "XZZZYI": 5.7577187431572295e-06,
                "YZZZXI": -5.7577187431572295e-06
            }
        },
        "hf_method_fallback": "standard",
        "generation_time_s": 1.452,
        "timestamp": "2026-03-10T21:25:16.176521+00:00",
        "formula_latex": "$\\mathrm{H_{3}^{+}}$"
    }
}