{
    "hamiltonian": {
        "IIIIII": -0.5948351423793995,
        "ZIIIII": 0.15912050348166554,
        "IZIIII": 0.15912050348166548,
        "IIIIZZ": 0.15182609506615102,
        "IIZZII": 0.15182572225565283,
        "ZZIIII": 0.13015273426810078,
        "IZIIZI": 0.12820591133666775,
        "ZIIIIZ": 0.12820591133666775,
        "IZZIII": 0.12820435007490025,
        "ZIIZII": 0.12820435007490025,
        "IIIZZI": 0.1102044246439184,
        "IIZIIZ": 0.1102044246439184,
        "IZIIIZ": 0.09108115682611428,
        "ZIIIZI": 0.09108115682611428,
        "ZIZIII": 0.09107981150033626,
        "IZIZII": 0.09107981150033626,
        "IIIZIZ": 0.08939213536330852,
        "IIZIZI": 0.08939213536330852,
        "IIIIZI": -0.05558285412368133,
        "IIIIIZ": -0.055582854123681316,
        "IIZIII": -0.055572440813106,
        "IIIZII": -0.05557244081310597,
        "YXIIXY": 0.03712475451055348,
        "YYIIXX": -0.03712475451055348,
        "XXIIYY": -0.03712475451055348,
        "XYIIYX": 0.03712475451055348,
        "YXXYII": 0.037124538574563985,
        "XYYXII": 0.037124538574563985,
        "XXYYII": -0.037124538574563985,
        "YYXXII": -0.037124538574563985,
        "IXXYYI": 0.026680042725294565,
        "IYYXXI": 0.026680042725294565,
        "IYXXYI": -0.026680042725294565,
        "IXYYXI": -0.026680042725294565,
        "XZXYZY": -0.02668004272529456,
        "YZYYZY": -0.02668004272529456,
        "YZYXZX": -0.02668004272529456,
        "XZXXZX": -0.02668004272529456,
        "YZZZYZ": -0.026679333481503954,
        "XZZZXZ": -0.026679333481503954,
        "IYZZIY": -0.026679333481503954,
        "IXZZIX": -0.026679333481503954,
        "IYIZZY": 0.02667903763393259,
        "IXIZZX": 0.02667903763393259,
        "XZZIXI": 0.02667903763393259,
        "YZZIYI": 0.02667903763393259,
        "IIXYYX": 0.020812289280609877,
        "IIXXYY": -0.020812289280609877,
        "IIYYXX": -0.020812289280609877,
        "IIYXXY": 0.020812289280609877,
        "ZYZZZY": -1.2123311016425483e-06,
        "ZXZZZX": -1.2123311016425483e-06,
        "XIZZXI": -1.212331101642548e-06,
        "YIZZYI": -1.212331101642548e-06,
        "IYZIZY": -1.0050913619753798e-06,
        "YZIZYI": -1.0050913619753798e-06,
        "XZIZXI": -1.0050913619753798e-06,
        "IXZIZX": -1.0050913619753798e-06,
        "XZZZXI": 9.111404982407867e-08,
        "IXZZZX": 9.111404982407867e-08,
        "IYZZZY": 9.111404982407867e-08,
        "YZZZYI": 9.111404982407867e-08
    },
    "data": {
        "molecule_id": "H3+_singlet_C1",
        "qubit_encoding": "JW",
        "unit": "Angstrom",
        "basis": "sto-3g",
        "charge": 1,
        "multiplicity": 1,
        "spin": 0,
        "geometry": "H 0.0000000000 0.7567333333 0.0000000000\nH 0.6553500000 -0.3783166667 0.0000000000\nH -0.6553500000 -0.3783166667 0.0000000000",
        "n_qubits": 6,
        "n_particles": {
            "total": 2,
            "alpha": 1,
            "beta": 1
        },
        "hf_array": [
            1,
            1,
            0,
            0,
            0,
            0
        ],
        "hf_method": "pyscf.scf.hf_symm.SymAdaptedRHF",
        "convergence_threshold": 1e-06,
        "point_group": {
            "groupname": "C2v",
            "topgroup": "C2v"
        },
        "alpha": 1.5,
        "calculated_properties": {
            "HF": {
                "energy": -1.1795315270879827,
                "converged": true
            },
            "MP2": {
                "energy": -1.2077322557635857,
                "converged": null
            },
            "CISD": {
                "energy": -1.2210481005408051,
                "converged": true
            },
            "CCSD": {
                "energy": -1.2210481005097604,
                "converged": true,
                "t1_diagnostic": 1.852053230897867e-06
            },
            "FCI": {
                "energy": -1.2210481005403755,
                "converged": true,
                "spin_matches_target": true,
                "multiplicity": 1.0,
                "oscillatory_converged": false,
                "oscillation_energy_change": null
            }
        },
        "auxiliary_operators": {
            "number_operator": {
                "IIIIII": 3.0,
                "ZIIIII": -0.5,
                "IZIIII": -0.5,
                "IIZIII": -0.5,
                "IIIZII": -0.5,
                "IIIIZI": -0.5,
                "IIIIIZ": -0.5
            },
            "N_alpha": {
                "IIIIII": 1.5,
                "ZIIIII": -0.5,
                "IIZIII": -0.5,
                "IIIIZI": -0.5
            },
            "N_beta": {
                "IIIIII": 1.5,
                "IZIIII": -0.5,
                "IIIZII": -0.5,
                "IIIIIZ": -0.5
            },
            "S^2_operator": {
                "IIIIII": 1.125,
                "ZZIIII": -0.375,
                "IIIIZZ": -0.375,
                "IIZZII": -0.375,
                "IIXXXX": 0.125,
                "IIYYYY": 0.125,
                "IIYYXX": 0.125,
                "IIXYYX": -0.125,
                "IIXYXY": 0.125,
                "ZIZIII": 0.125,
                "ZIIIZI": 0.125,
                "ZIIIIZ": -0.125,
                "IZZIII": -0.125,
                "IZIZII": 0.125,
                "IZIIZI": -0.125,
                "IZIIIZ": 0.125,
                "IIZIZI": 0.125,
                "IIZIIZ": -0.125,
                "ZIIZII": -0.125,
                "IIXXYY": 0.125,
                "IIYXYX": 0.125,
                "IIIZZI": -0.125,
                "YXYXII": 0.125,
                "YXXYII": -0.125,
                "XXYYII": 0.125,
                "XXXXII": 0.125,
                "YYYYII": 0.125,
                "YYXXII": 0.125,
                "XYYXII": -0.125,
                "IIYXXY": -0.125,
                "XYXYII": 0.125,
                "YXIIXY": -0.125,
                "XXIIYY": 0.125,
                "XXIIXX": 0.125,
                "YYIIYY": 0.125,
                "YYIIXX": 0.125,
                "XYIIYX": -0.125,
                "XYIIXY": 0.125,
                "YXIIYX": 0.125,
                "IIIZIZ": 0.125
            },
            "UCCSD_operator": {
                "XYXXII": -0.01747377940855064,
                "YYXYII": -0.01747377940855064,
                "XXXYII": 0.01747377940855064,
                "YXXXII": -0.01747377940855064,
                "XYYYII": 0.01747377940855064,
                "YXYYII": 0.01747377940855064,
                "YYYXII": -0.01747377940855064,
                "XXYXII": 0.01747377940855064,
                "YXIIYY": 0.017473163939202414,
                "XYIIYY": 0.017473163939202414,
                "YXIIXX": -0.017473163939202414,
                "XYIIXX": -0.017473163939202414,
                "XXIIXY": 0.017473163939202414,
                "XXIIYX": 0.017473163939202414,
                "YYIIXY": -0.017473163939202414,
                "YYIIYX": -0.017473163939202414,
                "IXZZZY": 1.312392655125928e-06,
                "IYZZZX": -1.312392655125928e-06,
                "XZZZYI": 1.312392655125928e-06,
                "YZZZXI": -1.312392655125928e-06
            }
        },
        "hf_method_fallback": "standard",
        "generation_time_s": 1.276,
        "timestamp": "2026-03-10T21:25:13.038674+00:00",
        "formula_latex": "$\\mathrm{H_{3}^{+}}$"
    }
}