{
    "hamiltonian": {
        "IIIIII": -0.7509432850445493,
        "IIIIZZ": 0.13920911525242952,
        "IIZZII": 0.13920905008748993,
        "IZIIZI": 0.11379956640686661,
        "ZIIIIZ": 0.11379956640686661,
        "IZZIII": 0.11379779292571403,
        "ZIIZII": 0.11379779292571403,
        "ZZIIII": 0.11344759783810345,
        "IZIIII": 0.11064557669331862,
        "ZIIIII": 0.11064557669331856,
        "IIIZZI": 0.09415342511530975,
        "IIZIIZ": 0.09415342511530975,
        "ZIIIZI": 0.07356187663349018,
        "IZIIIZ": 0.07356187663349018,
        "IZIZII": 0.07356054511962189,
        "ZIZIII": 0.07356054511962189,
        "IIIZIZ": 0.07162380987341924,
        "IIZIZI": 0.07162380987341924,
        "XYIIYX": 0.04023768977337643,
        "XXIIYY": -0.04023768977337643,
        "YXIIXY": 0.04023768977337643,
        "YYIIXX": -0.04023768977337643,
        "YYXXII": -0.04023724780609215,
        "XYYXII": 0.04023724780609215,
        "XXYYII": -0.04023724780609215,
        "YXXYII": 0.04023724780609215,
        "XZXYZY": -0.029721262449286984,
        "XZXXZX": -0.029721262449286984,
        "YZYXZX": -0.029721262449286984,
        "YZYYZY": -0.029721262449286984,
        "IYXXYI": -0.02972126244928698,
        "IYYXXI": 0.02972126244928698,
        "IXXYYI": 0.02972126244928698,
        "IXYYXI": -0.02972126244928698,
        "YZZIYI": 0.029720302336575563,
        "IYIZZY": 0.029720302336575563,
        "IXIZZX": 0.029720302336575563,
        "XZZIXI": 0.029720302336575563,
        "IXZZIX": -0.02972026855569105,
        "YZZZYZ": -0.02972026855569105,
        "XZZZXZ": -0.02972026855569105,
        "IYZZIY": -0.02972026855569105,
        "IIXYYX": 0.022529615241890504,
        "IIXXYY": -0.022529615241890504,
        "IIYYXX": -0.022529615241890504,
        "IIYXXY": 0.022529615241890504,
        "IIIIIZ": -0.00869856493103395,
        "IIIIZI": -0.008698564931033909,
        "IIIZII": -0.008691989731911312,
        "IIZIII": -0.0086919897319113,
        "YIZZYI": -1.2494279666803554e-06,
        "XIZZXI": -1.2494279666803554e-06,
        "ZYZZZY": -1.2494279666803554e-06,
        "ZXZZZX": -1.2494279666803554e-06,
        "IXZIZX": -9.60112711421296e-07,
        "YZIZYI": -9.60112711421296e-07,
        "XZIZXI": -9.60112711421296e-07,
        "IYZIZY": -9.60112711421296e-07,
        "IXZZZX": -3.216036075599435e-07,
        "IYZZZY": -3.216036075599435e-07,
        "XZZZXI": -3.2160360755907613e-07,
        "YZZZYI": -3.2160360755907613e-07
    },
    "data": {
        "molecule_id": "H3+_singlet_C1",
        "qubit_encoding": "JW",
        "unit": "Angstrom",
        "basis": "sto-3g",
        "charge": 1,
        "multiplicity": 1,
        "spin": 0,
        "geometry": "H 0.0000000000 1.0089666667 0.0000000000\nH 0.8738000000 -0.5044333333 0.0000000000\nH -0.8738000000 -0.5044333333 0.0000000000",
        "n_qubits": 6,
        "n_particles": {
            "total": 2,
            "alpha": 1,
            "beta": 1
        },
        "hf_array": [
            1,
            1,
            0,
            0,
            0,
            0
        ],
        "hf_method": "pyscf.scf.hf_symm.SymAdaptedRHF",
        "convergence_threshold": 1e-06,
        "point_group": {
            "groupname": "C2v",
            "topgroup": "C2v"
        },
        "alpha": 2.0,
        "calculated_properties": {
            "HF": {
                "energy": -1.0330348767729804,
                "converged": true
            },
            "MP2": {
                "energy": -1.0822861719290897,
                "converged": null
            },
            "CISD": {
                "energy": -1.1044719723788825,
                "converged": true
            },
            "CCSD": {
                "energy": -1.1044719723945733,
                "converged": true,
                "t1_diagnostic": 4.477839139628817e-06
            },
            "FCI": {
                "energy": -1.104471972375087,
                "converged": true,
                "spin_matches_target": true,
                "multiplicity": 1.0000000000000002,
                "oscillatory_converged": false,
                "oscillation_energy_change": null
            }
        },
        "auxiliary_operators": {
            "number_operator": {
                "IIIIII": 3.0,
                "ZIIIII": -0.5,
                "IZIIII": -0.5,
                "IIZIII": -0.5,
                "IIIZII": -0.5,
                "IIIIZI": -0.5,
                "IIIIIZ": -0.5
            },
            "N_alpha": {
                "IIIIII": 1.5,
                "ZIIIII": -0.5,
                "IIZIII": -0.5,
                "IIIIZI": -0.5
            },
            "N_beta": {
                "IIIIII": 1.5,
                "IZIIII": -0.5,
                "IIIZII": -0.5,
                "IIIIIZ": -0.5
            },
            "S^2_operator": {
                "IIIIII": 1.125,
                "ZZIIII": -0.375,
                "IIIIZZ": -0.375,
                "IIZZII": -0.375,
                "IIXXXX": 0.125,
                "IIYYYY": 0.125,
                "IIYYXX": 0.125,
                "IIXYYX": -0.125,
                "IIXYXY": 0.125,
                "ZIZIII": 0.125,
                "ZIIIZI": 0.125,
                "ZIIIIZ": -0.125,
                "IZZIII": -0.125,
                "IZIZII": 0.125,
                "IZIIZI": -0.125,
                "IZIIIZ": 0.125,
                "IIZIZI": 0.125,
                "IIZIIZ": -0.125,
                "ZIIZII": -0.125,
                "IIXXYY": 0.125,
                "IIYXYX": 0.125,
                "IIIZZI": -0.125,
                "YXYXII": 0.125,
                "YXXYII": -0.125,
                "XXYYII": 0.125,
                "XXXXII": 0.125,
                "YYYYII": 0.125,
                "YYXXII": 0.125,
                "XYYXII": -0.125,
                "IIYXXY": -0.125,
                "XYXYII": 0.125,
                "YXIIXY": -0.125,
                "XXIIYY": 0.125,
                "XXIIXX": 0.125,
                "YYIIYY": 0.125,
                "YYIIXX": 0.125,
                "XYIIYX": -0.125,
                "XYIIXY": 0.125,
                "YXIIYX": 0.125,
                "IIIZIZ": 0.125
            },
            "UCCSD_operator": {
                "XYXXII": -0.027740923900644796,
                "YYXYII": -0.027740923900644796,
                "XXXYII": 0.027740923900644796,
                "YXXXII": -0.027740923900644796,
                "XYYYII": 0.027740923900644796,
                "YXYYII": 0.027740923900644796,
                "YYYXII": -0.027740923900644796,
                "XXYXII": 0.027740923900644796,
                "YXIIYY": 0.02773993276704641,
                "XYIIYY": 0.02773993276704641,
                "YXIIXX": -0.02773993276704641,
                "XYIIXX": -0.02773993276704641,
                "XXIIXY": 0.02773993276704641,
                "XXIIYX": 0.02773993276704641,
                "YYIIXY": -0.02773993276704641,
                "YYIIYX": -0.02773993276704641,
                "IXZZZY": 3.1633741438667713e-06,
                "IYZZZX": -3.1633741438667713e-06,
                "XZZZYI": 3.1633741438667713e-06,
                "YZZZXI": -3.1633741438667713e-06
            }
        },
        "hf_method_fallback": "standard",
        "generation_time_s": 1.668,
        "timestamp": "2026-03-10T21:25:14.716572+00:00",
        "formula_latex": "$\\mathrm{H_{3}^{+}}$"
    }
}