{
    "hamiltonian": {
        "IIIIII": -0.37740283667273816,
        "ZIIIII": 0.20181909218517657,
        "IZIIII": 0.20181909218517657,
        "IIIIZZ": 0.16135025680720305,
        "IIZZII": 0.16134973137268172,
        "ZZIIII": 0.14350941569622416,
        "IZIIZI": 0.13982104078995117,
        "ZIIIIZ": 0.13982104078995117,
        "IZZIII": 0.13981972051518377,
        "ZIIZII": 0.13981972051518377,
        "IIIZZI": 0.12273491263550808,
        "IIZIIZ": 0.12273491263550808,
        "IZIIIZ": 0.10371425636613216,
        "ZIIIZI": 0.10371425636613216,
        "IZIZII": 0.10371300459931872,
        "ZIZIII": 0.10371300459931872,
        "IIZIZI": 0.1034261138890724,
        "IIIZIZ": 0.1034261138890724,
        "IIIIZI": -0.10122121329627937,
        "IIIIIZ": -0.10122121329627937,
        "IIZIII": -0.10120808266652903,
        "IIIZII": -0.10120808266652899,
        "YXIIXY": 0.03610678442381901,
        "XYIIYX": 0.03610678442381901,
        "YYIIXX": -0.03610678442381901,
        "XXIIYY": -0.03610678442381901,
        "XYYXII": 0.03610671591586504,
        "XXYYII": -0.03610671591586504,
        "YYXXII": -0.03610671591586504,
        "YXXYII": 0.03610671591586504,
        "IXYYXI": -0.024393877651052977,
        "IXXYYI": 0.024393877651052977,
        "IYYXXI": 0.024393877651052977,
        "IYXXYI": -0.024393877651052977,
        "XZXYZY": -0.024393877651052977,
        "XZXXZX": -0.024393877651052977,
        "YZYYZY": -0.024393877651052977,
        "YZYXZX": -0.024393877651052977,
        "XZZZXZ": -0.024393408840843032,
        "YZZZYZ": -0.024393408840843032,
        "IYZZIY": -0.024393408840843032,
        "IXZZIX": -0.024393408840843032,
        "XZZIXI": 0.024392897082405274,
        "YZZIYI": 0.024392897082405274,
        "IXIZZX": 0.024392897082405274,
        "IYIZZY": 0.024392897082405274,
        "IIXYYX": 0.01930879874643568,
        "IIXXYY": -0.01930879874643568,
        "IIYYXX": -0.01930879874643568,
        "IIYXXY": 0.01930879874643568,
        "ZXZZZX": -1.123090008218412e-06,
        "ZYZZZY": -1.123090008218412e-06,
        "XIZZXI": -1.123090008218412e-06,
        "YIZZYI": -1.123090008218412e-06,
        "XZIZXI": -9.80568647701227e-07,
        "IXZIZX": -9.80568647701227e-07,
        "IYZIZY": -9.80568647701227e-07,
        "YZIZYI": -9.80568647701227e-07,
        "IXZZZX": 3.73081771376689e-07,
        "IYZZZY": 3.73081771376689e-07,
        "XZZZXI": 3.727118227728199e-07,
        "YZZZYI": 3.727118227728199e-07
    },
    "data": {
        "molecule_id": "H3+_singlet_C1",
        "qubit_encoding": "JW",
        "unit": "Angstrom",
        "basis": "sto-3g",
        "charge": 1,
        "multiplicity": 1,
        "spin": 0,
        "geometry": "H 0.0000000000 0.6053933333 0.0000000000\nH 0.5242800000 -0.3026466667 0.0000000000\nH -0.5242800000 -0.3026466667 0.0000000000",
        "n_qubits": 6,
        "n_particles": {
            "total": 2,
            "alpha": 1,
            "beta": 1
        },
        "hf_array": [
            1,
            1,
            0,
            0,
            0,
            0
        ],
        "hf_method": "pyscf.scf.hf_symm.SymAdaptedRHF",
        "convergence_threshold": 1e-06,
        "point_group": {
            "groupname": "C2v",
            "topgroup": "C2v"
        },
        "alpha": 1.2,
        "calculated_properties": {
            "HF": {
                "energy": -1.2415042005846073,
                "converged": true
            },
            "MP2": {
                "energy": -1.2622548193809482,
                "converged": null
            },
            "CISD": {
                "energy": -1.2715411688526381,
                "converged": true
            },
            "CCSD": {
                "energy": -1.2715413795399977,
                "converged": true,
                "t1_diagnostic": 9.222073713316735e-07
            },
            "FCI": {
                "energy": -1.2715411688525637,
                "converged": true,
                "spin_matches_target": true,
                "multiplicity": 1.0,
                "oscillatory_converged": false,
                "oscillation_energy_change": null
            }
        },
        "auxiliary_operators": {
            "number_operator": {
                "IIIIII": 3.0,
                "ZIIIII": -0.5,
                "IZIIII": -0.5,
                "IIZIII": -0.5,
                "IIIZII": -0.5,
                "IIIIZI": -0.5,
                "IIIIIZ": -0.5
            },
            "N_alpha": {
                "IIIIII": 1.5,
                "ZIIIII": -0.5,
                "IIZIII": -0.5,
                "IIIIZI": -0.5
            },
            "N_beta": {
                "IIIIII": 1.5,
                "IZIIII": -0.5,
                "IIIZII": -0.5,
                "IIIIIZ": -0.5
            },
            "S^2_operator": {
                "IIIIII": 1.125,
                "ZZIIII": -0.375,
                "IIIIZZ": -0.375,
                "IIZZII": -0.375,
                "IIXXXX": 0.125,
                "IIYYYY": 0.125,
                "IIYYXX": 0.125,
                "IIXYYX": -0.125,
                "IIXYXY": 0.125,
                "ZIZIII": 0.125,
                "ZIIIZI": 0.125,
                "ZIIIIZ": -0.125,
                "IZZIII": -0.125,
                "IZIZII": 0.125,
                "IZIIZI": -0.125,
                "IZIIIZ": 0.125,
                "IIZIZI": 0.125,
                "IIZIIZ": -0.125,
                "ZIIZII": -0.125,
                "IIXXYY": 0.125,
                "IIYXYX": 0.125,
                "IIIZZI": -0.125,
                "YXYXII": 0.125,
                "YXXYII": -0.125,
                "XXYYII": 0.125,
                "XXXXII": 0.125,
                "YYYYII": 0.125,
                "YYXXII": 0.125,
                "XYYXII": -0.125,
                "IIYXXY": -0.125,
                "XYXYII": 0.125,
                "YXIIXY": -0.125,
                "XXIIYY": 0.125,
                "XXIIXX": 0.125,
                "YYIIYY": 0.125,
                "YYIIXX": 0.125,
                "XYIIYX": -0.125,
                "XYIIXY": 0.125,
                "YXIIYX": 0.125,
                "IIIZIZ": 0.125
            },
            "UCCSD_operator": {
                "XYXXII": -0.012998657416693538,
                "YYXYII": -0.012998657416693538,
                "XXXYII": 0.012998657416693538,
                "YXXXII": -0.012998657416693538,
                "XYYYII": 0.012998657416693538,
                "YXYYII": 0.012998657416693538,
                "YYYXII": -0.012998657416693538,
                "XXYXII": 0.012998657416693538,
                "YXIIYY": 0.012998194639052742,
                "XYIIYY": 0.012998194639052742,
                "YXIIXX": -0.012998194639052742,
                "XYIIXX": -0.012998194639052742,
                "XXIIXY": 0.012998194639052742,
                "XXIIYX": 0.012998194639052742,
                "YYIIXY": -0.012998194639052742,
                "YYIIYX": -0.012998194639052742,
                "IXZZZY": 6.635283223011124e-07,
                "IYZZZX": -6.635283223011124e-07,
                "XZZZYI": 6.635283223011124e-07,
                "YZZZXI": -6.635283223011124e-07
            }
        },
        "hf_method_fallback": "standard",
        "generation_time_s": 1.304,
        "timestamp": "2026-03-10T21:25:11.742553+00:00",
        "formula_latex": "$\\mathrm{H_{3}^{+}}$"
    }
}