{
    "hamiltonian": {
        "IIIIII": 0.3054307723481227,
        "ZIIIII": 0.2896547390397837,
        "IZIIII": 0.2896547390397837,
        "IIIIZI": -0.19955270841319916,
        "IIIIIZ": -0.1995527084131991,
        "IIIZII": -0.19953500560811357,
        "IIZIII": -0.19953500560811355,
        "IIIIZZ": 0.1763223198949854,
        "IIZZII": 0.17632167273686397,
        "ZZIIII": 0.16398235140582842,
        "IZIIZI": 0.15892102006075282,
        "ZIIIIZ": 0.15892102006075282,
        "IZZIII": 0.15892004729480047,
        "ZIIZII": 0.15892004729480047,
        "IIIZZI": 0.14353049954658484,
        "IIZIIZ": 0.14353049954658484,
        "IIZIZI": 0.1271339606493956,
        "IIIZIZ": 0.1271339606493956,
        "ZIIIZI": 0.12271654147707656,
        "IZIIIZ": 0.12271654147707656,
        "IZIZII": 0.12271554068884946,
        "ZIZIII": 0.12271554068884946,
        "XYYXII": 0.036204506605951044,
        "XXYYII": -0.036204506605951044,
        "YYXXII": -0.036204506605951044,
        "YXXYII": 0.036204506605951044,
        "XXIIYY": -0.03620447858367625,
        "YYIIXX": -0.03620447858367625,
        "YXIIXY": 0.03620447858367625,
        "XYIIYX": 0.03620447858367625,
        "IXYYXI": -0.02024729694797185,
        "IXXYYI": 0.02024729694797185,
        "IYYXXI": 0.02024729694797185,
        "IYXXYI": -0.02024729694797185,
        "XZXYZY": -0.02024729694797185,
        "XZXXZX": -0.02024729694797185,
        "YZYYZY": -0.02024729694797185,
        "YZYXZX": -0.02024729694797185,
        "XZZZXZ": -0.020247129168403034,
        "YZZZYZ": -0.020247129168403034,
        "IYZZIY": -0.020247129168403034,
        "IXZZIX": -0.020247129168403034,
        "XZZIXI": 0.02024643099957309,
        "YZZIYI": 0.02024643099957309,
        "IXIZZX": 0.02024643099957309,
        "IYIZZY": 0.02024643099957309,
        "IIXYYX": 0.01639653889718921,
        "IIXXYY": -0.01639653889718921,
        "IIYYXX": -0.01639653889718921,
        "IIYXXY": 0.01639653889718921,
        "ZXZZZX": -9.413261938956463e-07,
        "ZYZZZY": -9.413261938956463e-07,
        "XIZZXI": -9.413261938956463e-07,
        "YIZZYI": -9.413261938956463e-07,
        "XZIZXI": -8.659483987597666e-07,
        "IXZIZX": -8.659483987597666e-07,
        "IYZIZY": -8.659483987597666e-07,
        "YZIZYI": -8.659483987597666e-07,
        "IXZZZX": 6.263608556527495e-07,
        "IYZZZY": 6.263608556527495e-07,
        "XZZZXI": 6.207304760665749e-07,
        "YZZZYI": 6.207304760665749e-07
    },
    "data": {
        "molecule_id": "H3+_singlet_C1",
        "qubit_encoding": "JW",
        "unit": "Angstrom",
        "basis": "sto-3g",
        "charge": 1,
        "multiplicity": 1,
        "spin": 0,
        "geometry": "H 0.0000000000 0.4036066667 0.0000000000\nH 0.3495200000 -0.2017533333 0.0000000000\nH -0.3495200000 -0.2017533333 0.0000000000",
        "n_qubits": 6,
        "n_particles": {
            "total": 2,
            "alpha": 1,
            "beta": 1
        },
        "hf_array": [
            1,
            1,
            0,
            0,
            0,
            0
        ],
        "hf_method": "pyscf.scf.hf_symm.SymAdaptedRHF",
        "convergence_threshold": 1e-06,
        "point_group": {
            "groupname": "C2v",
            "topgroup": "C2v"
        },
        "alpha": 0.8,
        "calculated_properties": {
            "HF": {
                "energy": -1.1406451683873904,
                "converged": true
            },
            "MP2": {
                "energy": -1.1551459971960496,
                "converged": null
            },
            "CISD": {
                "energy": -1.1607491903901694,
                "converged": true
            },
            "CCSD": {
                "energy": -1.1607492504155867,
                "converged": true,
                "t1_diagnostic": 2.91279045418005e-07
            },
            "FCI": {
                "energy": -1.1607491903901654,
                "converged": true,
                "spin_matches_target": true,
                "multiplicity": 0.9999999999999993,
                "oscillatory_converged": false,
                "oscillation_energy_change": null
            }
        },
        "auxiliary_operators": {
            "number_operator": {
                "IIIIII": 3.0,
                "ZIIIII": -0.5,
                "IZIIII": -0.5,
                "IIZIII": -0.5,
                "IIIZII": -0.5,
                "IIIIZI": -0.5,
                "IIIIIZ": -0.5
            },
            "N_alpha": {
                "IIIIII": 1.5,
                "ZIIIII": -0.5,
                "IIZIII": -0.5,
                "IIIIZI": -0.5
            },
            "N_beta": {
                "IIIIII": 1.5,
                "IZIIII": -0.5,
                "IIIZII": -0.5,
                "IIIIIZ": -0.5
            },
            "S^2_operator": {
                "IIIIII": 1.125,
                "ZZIIII": -0.375,
                "IIIIZZ": -0.375,
                "IIZZII": -0.375,
                "IIXXXX": 0.125,
                "IIYYYY": 0.125,
                "IIYYXX": 0.125,
                "IIXYYX": -0.125,
                "IIXYXY": 0.125,
                "ZIZIII": 0.125,
                "ZIIIZI": 0.125,
                "ZIIIIZ": -0.125,
                "IZZIII": -0.125,
                "IZIZII": 0.125,
                "IZIIZI": -0.125,
                "IZIIIZ": 0.125,
                "IIZIZI": 0.125,
                "IIZIIZ": -0.125,
                "ZIIZII": -0.125,
                "IIXXYY": 0.125,
                "IIYXYX": 0.125,
                "IIIZZI": -0.125,
                "YXYXII": 0.125,
                "YXXYII": -0.125,
                "XXYYII": 0.125,
                "XXXXII": 0.125,
                "YYYYII": 0.125,
                "YYXXII": 0.125,
                "XYYXII": -0.125,
                "IIYXXY": -0.125,
                "XYXYII": 0.125,
                "YXIIXY": -0.125,
                "XXIIYY": 0.125,
                "XXIIXX": 0.125,
                "YYIIYY": 0.125,
                "YYIIXX": 0.125,
                "XYIIYX": -0.125,
                "XYIIXY": 0.125,
                "YXIIYX": 0.125,
                "IIIZIZ": 0.125
            },
            "UCCSD_operator": {
                "XYXXII": -0.008676591733779389,
                "YYXYII": -0.008676591733779389,
                "XXXYII": 0.008676591733779389,
                "YXXXII": -0.008676591733779389,
                "XYYYII": 0.008676591733779389,
                "YXYYII": 0.008676591733779389,
                "YYYXII": -0.008676591733779389,
                "XXYXII": 0.008676591733779389,
                "YXIIYY": 0.008676297876058467,
                "XYIIYY": 0.008676297876058467,
                "YXIIXX": -0.008676297876058467,
                "XYIIXX": -0.008676297876058467,
                "XXIIXY": 0.008676297876058467,
                "XXIIYX": 0.008676297876058467,
                "YYIIXY": -0.008676297876058467,
                "YYIIYX": -0.008676297876058467,
                "IXZZZY": 2.1830269149573568e-07,
                "IYZZZX": -2.1830269149573568e-07,
                "XZZZYI": 2.1830269149573568e-07,
                "YZZZXI": -2.1830269149573568e-07
            }
        },
        "hf_method_fallback": "standard",
        "generation_time_s": 0.973,
        "timestamp": "2026-03-10T21:25:19.141763+00:00",
        "formula_latex": "$\\mathrm{H_{3}^{+}}$"
    }
}