{
    "hamiltonian": {
        "ZIIIII": 0.2632025134401852,
        "IZIIII": 0.2632025134401852,
        "IIIIZZ": 0.17230480691543898,
        "IIZZII": 0.1723041817446933,
        "IIIIIZ": -0.16877670138692394,
        "IIIIZI": -0.1687767013869239,
        "IIZIII": -0.16876026130938576,
        "IIIZII": -0.1687602613093857,
        "ZZIIII": 0.15872139123091386,
        "IZIIZI": 0.15378702537974825,
        "ZIIIIZ": 0.15378702537974825,
        "ZIIZII": 0.1537859622995419,
        "IZZIII": 0.1537859622995419,
        "IIIZZI": 0.13784124059090702,
        "IIZIIZ": 0.13784124059090702,
        "IIZIZI": 0.1206087019040216,
        "IIIZIZ": 0.1206087019040216,
        "IZIIIZ": 0.1177590349063025,
        "ZIIIZI": 0.1177590349063025,
        "IZIZII": 0.11775795683568474,
        "ZIZIII": 0.11775795683568474,
        "IIIIII": 0.06098435110671331,
        "YXXYII": 0.03602800546385715,
        "YYXXII": -0.03602800546385715,
        "XXYYII": -0.03602800546385715,
        "XYYXII": 0.03602800546385715,
        "XXIIYY": -0.036027990473445765,
        "XYIIYX": 0.036027990473445765,
        "YXIIXY": 0.036027990473445765,
        "YYIIXX": -0.036027990473445765,
        "IXYYXI": -0.021458963855930612,
        "IXXYYI": 0.021458963855930612,
        "IYYXXI": 0.021458963855930612,
        "IYXXYI": -0.021458963855930612,
        "XZXYZY": -0.021458963855930612,
        "XZXXZX": -0.021458963855930612,
        "YZYYZY": -0.021458963855930612,
        "YZYXZX": -0.021458963855930612,
        "XZZZXZ": -0.021458726556082306,
        "YZZZYZ": -0.021458726556082306,
        "IXZZIX": -0.021458726556082303,
        "IYZZIY": -0.021458726556082303,
        "YZZIYI": 0.021458059508568515,
        "IXIZZX": 0.021458059508568515,
        "XZZIXI": 0.021458059508568515,
        "IYIZZY": 0.021458059508568515,
        "IIXYYX": 0.01723253868688543,
        "IIXXYY": -0.01723253868688543,
        "IIYYXX": -0.01723253868688543,
        "IIYXXY": 0.01723253868688543,
        "YIZZYI": -9.935788523739145e-07,
        "XIZZXI": -9.935788523739145e-07,
        "ZXZZZX": -9.935788523739145e-07,
        "ZYZZZY": -9.935788523739145e-07,
        "IYZIZY": -9.043473620951731e-07,
        "YZIZYI": -9.043473620951731e-07,
        "XZIZXI": -9.043473620951731e-07,
        "IXZIZX": -9.043473620951731e-07,
        "XZZZXI": 5.756808814719183e-07,
        "YZZZYI": 5.756808814719183e-07,
        "IXZZZX": 5.75680881471051e-07,
        "IYZZZY": 5.75680881471051e-07
    },
    "data": {
        "molecule_id": "H3+_singlet_C1",
        "qubit_encoding": "JW",
        "unit": "Angstrom",
        "basis": "sto-3g",
        "charge": 1,
        "multiplicity": 1,
        "spin": 0,
        "geometry": "H 0.0000000000 0.4540533333 0.0000000000\nH 0.3932100000 -0.2269766667 0.0000000000\nH -0.3932100000 -0.2269766667 0.0000000000",
        "n_qubits": 6,
        "n_particles": {
            "total": 2,
            "alpha": 1,
            "beta": 1
        },
        "hf_array": [
            1,
            1,
            0,
            0,
            0,
            0
        ],
        "hf_method": "pyscf.scf.hf_symm.SymAdaptedRHF",
        "convergence_threshold": 1e-06,
        "point_group": {
            "groupname": "C2v",
            "topgroup": "C2v"
        },
        "alpha": 0.9,
        "calculated_properties": {
            "HF": {
                "energy": -1.2064442951279273,
                "converged": true
            },
            "MP2": {
                "energy": -1.222246542713744,
                "converged": null
            },
            "CISD": {
                "energy": -1.228639847729236,
                "converged": true
            },
            "CCSD": {
                "energy": -1.2286399407161073,
                "converged": true,
                "t1_diagnostic": 4.0189722027938333e-07
            },
            "FCI": {
                "energy": -1.228639847729227,
                "converged": true,
                "spin_matches_target": true,
                "multiplicity": 1.0,
                "oscillatory_converged": false,
                "oscillation_energy_change": null
            }
        },
        "auxiliary_operators": {
            "number_operator": {
                "IIIIII": 3.0,
                "ZIIIII": -0.5,
                "IZIIII": -0.5,
                "IIZIII": -0.5,
                "IIIZII": -0.5,
                "IIIIZI": -0.5,
                "IIIIIZ": -0.5
            },
            "N_alpha": {
                "IIIIII": 1.5,
                "ZIIIII": -0.5,
                "IIZIII": -0.5,
                "IIIIZI": -0.5
            },
            "N_beta": {
                "IIIIII": 1.5,
                "IZIIII": -0.5,
                "IIIZII": -0.5,
                "IIIIIZ": -0.5
            },
            "S^2_operator": {
                "IIIIII": 1.125,
                "ZZIIII": -0.375,
                "IIIIZZ": -0.375,
                "IIZZII": -0.375,
                "IIXXXX": 0.125,
                "IIYYYY": 0.125,
                "IIYYXX": 0.125,
                "IIXYYX": -0.125,
                "IIXYXY": 0.125,
                "ZIZIII": 0.125,
                "ZIIIZI": 0.125,
                "ZIIIIZ": -0.125,
                "IZZIII": -0.125,
                "IZIZII": 0.125,
                "IZIIZI": -0.125,
                "IZIIIZ": 0.125,
                "IIZIZI": 0.125,
                "IIZIIZ": -0.125,
                "ZIIZII": -0.125,
                "IIXXYY": 0.125,
                "IIYXYX": 0.125,
                "IIIZZI": -0.125,
                "YXYXII": 0.125,
                "YXXYII": -0.125,
                "XXYYII": 0.125,
                "XXXXII": 0.125,
                "YYYYII": 0.125,
                "YYXXII": 0.125,
                "XYYXII": -0.125,
                "IIYXXY": -0.125,
                "XYXYII": 0.125,
                "YXIIXY": -0.125,
                "XXIIYY": 0.125,
                "XXIIXX": 0.125,
                "YYIIYY": 0.125,
                "YYIIXX": 0.125,
                "XYIIYX": -0.125,
                "XYIIXY": 0.125,
                "YXIIYX": 0.125,
                "IIIZIZ": 0.125
            },
            "UCCSD_operator": {
                "XYXXII": -0.009626207441445312,
                "YYXYII": -0.009626207441445312,
                "XXXYII": 0.009626207441445312,
                "YXXXII": -0.009626207441445312,
                "XYYYII": 0.009626207441445312,
                "YXYYII": 0.009626207441445312,
                "YYYXII": -0.009626207441445312,
                "XXYXII": 0.009626207441445312,
                "YXIIYY": 0.009625873266269276,
                "XYIIYY": 0.009625873266269276,
                "YXIIXX": -0.009625873266269276,
                "XYIIXX": -0.009625873266269276,
                "XXIIXY": 0.009625873266269276,
                "XXIIYX": 0.009625873266269276,
                "YYIIXY": -0.009625873266269276,
                "YYIIYX": -0.009625873266269276,
                "IXZZZY": 2.957912284434682e-07,
                "IYZZZX": -2.957912284434682e-07,
                "XZZZYI": 2.957912284434682e-07,
                "YZZZXI": -2.957912284434682e-07
            }
        },
        "hf_method_fallback": "standard",
        "generation_time_s": 0.886,
        "timestamp": "2026-03-10T21:25:18.155671+00:00",
        "formula_latex": "$\\mathrm{H_{3}^{+}}$"
    }
}