{
    "hamiltonian": {
        "IIIIII": -0.8145473234520499,
        "IIZZII": 0.12397167212122213,
        "IIIIZZ": 0.12397151624911518,
        "IZIIZI": 0.09770054952959649,
        "ZIIIIZ": 0.09770054952959649,
        "IZZIII": 0.09769902672445369,
        "ZIIZII": 0.09769902672445369,
        "ZZIIII": 0.09643866170306238,
        "IIIZZI": 0.07459442235995592,
        "IIZIIZ": 0.07459442235995592,
        "ZIIIII": 0.06035052050115251,
        "IZIIII": 0.060350520501152506,
        "IZIIIZ": 0.050545486069545974,
        "ZIIIZI": 0.050545486069545974,
        "IZIZII": 0.050544426981402976,
        "ZIZIII": 0.050544426981402976,
        "IIIZIZ": 0.049904294011086245,
        "IIZIZI": 0.049904294011086245,
        "XYIIYX": 0.0471550634600505,
        "XXIIYY": -0.0471550634600505,
        "YXIIXY": 0.0471550634600505,
        "YYIIXX": -0.0471550634600505,
        "XYYXII": 0.0471545997430507,
        "YYXXII": -0.0471545997430507,
        "XXYYII": -0.0471545997430507,
        "YXXYII": 0.0471545997430507,
        "XZXYZY": -0.03408727262063138,
        "IYYXXI": 0.03408727262063138,
        "IXXYYI": 0.03408727262063138,
        "IXYYXI": -0.03408727262063138,
        "IYXXYI": -0.03408727262063138,
        "XZXXZX": -0.03408727262063138,
        "YZYYZY": -0.03408727262063138,
        "YZYXZX": -0.03408727262063138,
        "XZZIXI": 0.03408651092740762,
        "YZZIYI": 0.03408651092740762,
        "IYIZZY": 0.03408651092740762,
        "IXIZZX": 0.03408651092740762,
        "YZZZYZ": -0.03408625445748296,
        "XZZZXZ": -0.03408625445748296,
        "IXZZIX": -0.03408625445748296,
        "IYZZIY": -0.03408625445748296,
        "IIZIII": 0.028277593645721424,
        "IIIZII": 0.028277593645721345,
        "IIIIZI": 0.0282752683140981,
        "IIIIIZ": 0.028275268314098087,
        "IIYYXX": -0.024690128348869664,
        "IIYXXY": 0.024690128348869664,
        "IIXYYX": 0.024690128348869664,
        "IIXXYY": -0.024690128348869664,
        "YIZZYI": -1.0024792210311209e-06,
        "XIZZXI": -1.0024792210311209e-06,
        "ZXZZZX": -1.0024792210311209e-06,
        "ZYZZZY": -1.0024792210311209e-06,
        "IXZIZX": -7.616932237580754e-07,
        "IYZIZY": -7.616932237580754e-07,
        "YZIZYI": -7.616932237580754e-07,
        "XZIZXI": -7.616932237580754e-07,
        "IXZZZX": -4.7216166156223427e-07,
        "IYZZZY": -4.7216166156223427e-07,
        "YZZZYI": -4.7216166156049955e-07,
        "XZZZXI": -4.7216166156049955e-07
    },
    "data": {
        "molecule_id": "H3+_singlet_C1",
        "qubit_encoding": "JW",
        "unit": "Angstrom",
        "basis": "sto-3g",
        "charge": 1,
        "multiplicity": 1,
        "spin": 0,
        "geometry": "H 0.0000000000 1.5134333333 0.0000000000\nH 1.3107000000 -0.7566666667 0.0000000000\nH -1.3107000000 -0.7566666667 0.0000000000",
        "n_qubits": 6,
        "n_particles": {
            "total": 2,
            "alpha": 1,
            "beta": 1
        },
        "hf_array": [
            1,
            1,
            0,
            0,
            0,
            0
        ],
        "hf_method": "pyscf.scf.hf_symm.SymAdaptedRHF",
        "convergence_threshold": 1e-06,
        "point_group": {
            "groupname": "C2v",
            "topgroup": "C2v"
        },
        "alpha": 3.0,
        "calculated_properties": {
            "HF": {
                "energy": -0.8217423363292298,
                "converged": true
            },
            "MP2": {
                "energy": -0.9566074815013872,
                "converged": null
            },
            "CISD": {
                "energy": -0.9723018490988384,
                "converged": true
            },
            "CCSD": {
                "energy": -0.972301890132546,
                "converged": true,
                "t1_diagnostic": 1.824426064736113e-05
            },
            "FCI": {
                "energy": -0.9723018490761612,
                "converged": true,
                "spin_matches_target": true,
                "multiplicity": 1.0,
                "oscillatory_converged": false,
                "oscillation_energy_change": null
            }
        },
        "auxiliary_operators": {
            "number_operator": {
                "IIIIII": 3.0,
                "ZIIIII": -0.5,
                "IZIIII": -0.5,
                "IIZIII": -0.5,
                "IIIZII": -0.5,
                "IIIIZI": -0.5,
                "IIIIIZ": -0.5
            },
            "N_alpha": {
                "IIIIII": 1.5,
                "ZIIIII": -0.5,
                "IIZIII": -0.5,
                "IIIIZI": -0.5
            },
            "N_beta": {
                "IIIIII": 1.5,
                "IZIIII": -0.5,
                "IIIZII": -0.5,
                "IIIIIZ": -0.5
            },
            "S^2_operator": {
                "IIIIII": 1.125,
                "ZZIIII": -0.375,
                "IIIIZZ": -0.375,
                "IIZZII": -0.375,
                "IIXXXX": 0.125,
                "IIYYYY": 0.125,
                "IIYYXX": 0.125,
                "IIXYYX": -0.125,
                "IIXYXY": 0.125,
                "ZIZIII": 0.125,
                "ZIIIZI": 0.125,
                "ZIIIIZ": -0.125,
                "IZZIII": -0.125,
                "IZIZII": 0.125,
                "IZIIZI": -0.125,
                "IZIIIZ": 0.125,
                "IIZIZI": 0.125,
                "IIZIIZ": -0.125,
                "ZIIZII": -0.125,
                "IIXXYY": 0.125,
                "IIYXYX": 0.125,
                "IIIZZI": -0.125,
                "YXYXII": 0.125,
                "YXXYII": -0.125,
                "XXYYII": 0.125,
                "XXXXII": 0.125,
                "YYYYII": 0.125,
                "YYXXII": 0.125,
                "XYYXII": -0.125,
                "IIYXXY": -0.125,
                "XYXYII": 0.125,
                "YXIIXY": -0.125,
                "XXIIYY": 0.125,
                "XXIIXX": 0.125,
                "YYIIYY": 0.125,
                "YYIIXX": 0.125,
                "XYIIYX": -0.125,
                "XYIIXY": 0.125,
                "YXIIYX": 0.125,
                "IIIZIZ": 0.125
            },
            "UCCSD_operator": {
                "XYXXII": -0.04989020706764967,
                "YYXYII": -0.04989020706764967,
                "XXXYII": 0.04989020706764967,
                "YXXXII": -0.04989020706764967,
                "XYYYII": 0.04989020706764967,
                "YXYYII": 0.04989020706764967,
                "YYYXII": -0.04989020706764967,
                "XXYXII": 0.04989020706764967,
                "YXIIYY": 0.04988718368491737,
                "XYIIYY": 0.04988718368491737,
                "YXIIXX": -0.04988718368491737,
                "XYIIXX": -0.04988718368491737,
                "XXIIXY": 0.04988718368491737,
                "XXIIYX": 0.04988718368491737,
                "YYIIXY": -0.04988718368491737,
                "YYIIYX": -0.04988718368491737,
                "IXZZZY": 8.175967287682317e-06,
                "IYZZZX": -8.175967287682317e-06,
                "XZZZYI": 8.175967287682317e-06,
                "YZZZXI": -8.175967287682317e-06
            }
        },
        "hf_method_fallback": "standard",
        "generation_time_s": 1.072,
        "timestamp": "2026-03-10T21:25:17.253145+00:00",
        "formula_latex": "$\\mathrm{H_{3}^{+}}$"
    }
}