{"n_qubits": 5, "qubits": [1, 2, 3, 4, 5], "fci_energy": -7.253791256605043, "hf_energy": -7.213273317260593, "CS_SRE": [0.3143582898330999, 0.5155950546917567, 0.6499805060355551, 0.6487067835257464, 0.6472222244982337], "CS_energy": [-7.2302025714923905, -7.243072126406124, -7.253534805949657, -7.253655659587477, -7.25379125660505], "overlaps": [0.928026708569321, 0.8927421479832195, 0.8724362339136117, 0.8727623350324106, 0.8731387813771664], "solver": "scipy", "data": {"molecule_id": "Li-_singlet_Kh", "qubit_encoding": "JW", "unit": "Angstrom", "basis": "sto-3g", "charge": -1, "multiplicity": 1, "spin": 0, "geometry": "Li 0.0000000000 0.0000000000 0.0000000000", "n_qubits": 10, "n_particles": {"total": 4, "alpha": 2, "beta": 2}, "hf_array": [1, 1, 1, 1, 0, 0, 0, 0, 0, 0], "hf_method": "pyscf.scf.hf_symm.SymAdaptedRHF", "convergence_threshold": 1e-06, "point_group": {"groupname": "SO3", "topgroup": "SO3"}, "alpha": 1.0, "calculated_properties": {"HF": {"energy": -7.213273317260593, "converged": true}, "MP2": {"energy": -7.2314301583601, "converged": null}, "CISD": {"energy": -7.253782925304568, "converged": true}, "CCSD": {"energy": -7.253786538336913, "converged": true, "t1_diagnostic": 0.0}, "FCI": {"energy": -7.253791256605043, "converged": true, "spin_matches_target": true, "multiplicity": 0.9999999999999976, "oscillatory_converged": false, "oscillation_energy_change": null}}, "auxiliary_operators": {"number_operator": {"IIIIIIIIII": 5.0, "ZIIIIIIIII": -0.5, "IZIIIIIIII": -0.5, "IIZIIIIIII": -0.5, "IIIZIIIIII": -0.5, "IIIIZIIIII": -0.5, "IIIIIZIIII": -0.5, "IIIIIIZIII": -0.5, "IIIIIIIZII": -0.5, "IIIIIIIIZI": -0.5, "IIIIIIIIIZ": -0.5}, "N_alpha": {"IIIIIIIIII": 2.5, "ZIIIIIIIII": -0.5, "IIZIIIIIII": -0.5, "IIIIZIIIII": -0.5, "IIIIIIZIII": -0.5, "IIIIIIIIZI": -0.5}, "N_beta": {"IIIIIIIIII": 2.5, "IZIIIIIIII": -0.5, "IIIZIIIIII": -0.5, "IIIIIZIIII": -0.5, "IIIIIIIZII": -0.5, "IIIIIIIIIZ": -0.5}, "S^2_operator": {"IIIIIIIIII": 1.875, "ZZIIIIIIII": -0.375, "IIZZIIIIII": -0.375, "IIIIZZIIII": -0.375, "IIIIIIZZII": -0.375, "IIIIIIIIZZ": -0.375, "IIIIIIYYXX": 0.125, "IIIIIIXYYX": -0.125, "IIIIIIXYXY": 0.125, "ZIIZIIIIII": -0.125, "IIIIIIYYYY": 0.125, "ZIIIZIIIII": 0.125, "ZIIIIZIIII": -0.125, "ZIIIIIZIII": 0.125, "ZIIIIIIZII": -0.125, "ZIZIIIIIII": 0.125, "IIIIIIXXXX": 0.125, "IIIIIIYXXY": -0.125, "ZIIIIIIIZI": 0.125, "IIIIIIYXYX": 0.125, "IIIIXYIIXY": 0.125, "IIIIXYIIYX": -0.125, "IIIIYYIIXX": 0.125, "IIIIYYIIYY": 0.125, "IIIIXXIIXX": 0.125, "IIIIXXIIYY": 0.125, "IIIIYXIIXY": -0.125, "IIIIYXIIYX": 0.125, "IIIIXYXYII": 0.125, "IIIIXYYXII": -0.125, "IIIIIIXXYY": 0.125, "ZIIIIIIIIZ": -0.125, "IZZIIIIIII": -0.125, "IZIZIIIIII": 0.125, "IIIIIIZIIZ": -0.125, "IIIIIIZIZI": 0.125, "IIIIIZIIIZ": 0.125, "IIIIIZIIZI": -0.125, "IIIIIZIZII": 0.125, "IIIIIZZIII": -0.125, "IIIIZIIIIZ": -0.125, "IIIIZIIIZI": 0.125, "IIIIZIIZII": -0.125, "IIIIZIZIII": 0.125, "IIIZIIIIIZ": 0.125, "IIIZIIIIZI": -0.125, "IIIZIIIZII": 0.125, "IIIIYYXXII": 0.125, "IIIZIIZIII": -0.125, "IIIZZIIIII": -0.125, "IIZIIIIIIZ": -0.125, "IIZIIIIIZI": 0.125, "IIZIIIIZII": -0.125, "IIZIIIZIII": 0.125, "IIZIIZIIII": -0.125, "IIZIZIIIII": 0.125, "IZIIIIIIIZ": 0.125, "IZIIIIIIZI": -0.125, "IZIIIIIZII": 0.125, "IZIIIIZIII": -0.125, "IZIIIZIIII": 0.125, "IZIIZIIIII": -0.125, "IIIZIZIIII": 0.125, "IIIIYYYYII": 0.125, "IIIIXXYYII": 0.125, "IIIIIIIZZI": -0.125, "XXIIIIIIYY": 0.125, "YXIIIIIIXY": -0.125, "YXIIIIIIYX": 0.125, "XYIIIIXYII": 0.125, "XYIIIIYXII": -0.125, "YYIIIIXXII": 0.125, "YYIIIIYYII": 0.125, "XXIIIIXXII": 0.125, "XXIIIIYYII": 0.125, "YXIIIIXYII": -0.125, "YXIIIIYXII": 0.125, "XYIIXYIIII": 0.125, "XYIIYXIIII": -0.125, "YYIIXXIIII": 0.125, "YYIIYYIIII": 0.125, "XXIIXXIIII": 0.125, "XXIIYYIIII": 0.125, "YXIIXYIIII": -0.125, "YXIIYXIIII": 0.125, "XYXYIIIIII": 0.125, "XYYXIIIIII": -0.125, "YYXXIIIIII": 0.125, "YYYYIIIIII": 0.125, "XXXXIIIIII": 0.125, "XXYYIIIIII": 0.125, "YXXYIIIIII": -0.125, "YXYXIIIIII": 0.125, "XXIIIIIIXX": 0.125, "IIIIXXXXII": 0.125, "YYIIIIIIYY": 0.125, "XYIIIIIIYX": -0.125, "IIIIYXXYII": -0.125, "IIIIYXYXII": 0.125, "IIXYIIIIXY": 0.125, "IIXYIIIIYX": -0.125, "IIYYIIIIXX": 0.125, "IIYYIIIIYY": 0.125, "IIXXIIIIXX": 0.125, "IIXXIIIIYY": 0.125, "IIYXIIIIXY": -0.125, "IIYXIIIIYX": 0.125, "IIXYIIXYII": 0.125, "IIXYIIYXII": -0.125, "IIYYIIXXII": 0.125, "IIYYIIYYII": 0.125, "IIXXIIXXII": 0.125, "IIXXIIYYII": 0.125, "IIYXIIXYII": -0.125, "IIYXIIYXII": 0.125, "IIXYXYIIII": 0.125, "IIXYYXIIII": -0.125, "IIYYXXIIII": 0.125, "IIYYYYIIII": 0.125, "IIXXXXIIII": 0.125, "IIXXYYIIII": 0.125, "IIYXXYIIII": -0.125, "IIYXYXIIII": 0.125, "XYIIIIIIXY": 0.125, "YYIIIIIIXX": 0.125, "IIIIIIIZIZ": 0.125}, "UCCSD_operator": {"IIXXXYIIII": 0.027493229644576116, "IIXYXXIIII": -0.027493229644576116, "IIYXXXIIII": -0.027493229644576116, "IIYYXYIIII": -0.027493229644576116, "IIXYYYIIII": 0.027493229644576116, "IIYYYXIIII": -0.027493229644576116, "IIXXYXIIII": 0.027493229644576116, "IIYYIIIIXY": -0.027493229644576116, "IIYXYYIIII": 0.027493229644576116, "IIYXIIIIXX": -0.027493229644576116, "IIXXIIIIXY": 0.027493229644576116, "IIXYIIIIXX": -0.027493229644576116, "IIXYIIIIYY": 0.027493229644576116, "IIYXIIIIYY": 0.027493229644576116, "IIYYIIIIYX": -0.027493229644576116, "IIXXIIIIYX": 0.027493229644576116, "IIXXIIXYII": 0.027493229644576074, "IIYYIIXYII": -0.027493229644576074, "IIXYIIXXII": -0.027493229644576074, "IIYXIIXXII": -0.027493229644576074, "IIXYIIYYII": 0.027493229644576074, "IIYXIIYYII": 0.027493229644576074, "IIYYIIYXII": -0.027493229644576074, "IIXXIIYXII": 0.027493229644576074, "XZZYIIYYII": 0.0005731195638728767, "YZZXIIXXII": -0.0005731195638728767, "YZZXIIYYII": 0.0005731195638728767, "XZZYIIXXII": -0.0005731195638728767, "IYYIIIXYII": 0.0005731195638728767, "XZZXIIXYII": 0.0005731195638728767, "YZZYIIXYII": -0.0005731195638728767, "IXXIIIXYII": -0.0005731195638728767, "IXYIIIXXII": 0.0005731195638728767, "YZZYIIYXII": -0.0005731195638728767, "XZZXIIYXII": 0.0005731195638728767, "IYYIIIYXII": 0.0005731195638728767, "IXXIIIYXII": -0.0005731195638728767, "IXYIIIYYII": -0.0005731195638728767, "IYXIIIXXII": 0.0005731195638728767, "IYXIIIYYII": -0.0005731195638728767, "IXXIXYIIII": -0.0005731195638728757, "IXYIXXIIII": 0.0005731195638728757, "IYYIXYIIII": 0.0005731195638728757, "IXYIIIIIXX": 0.0005731195638728757, "IXXIIIIIYX": -0.0005731195638728757, "IYYIIIIIXY": 0.0005731195638728757, "IXXIIIIIXY": -0.0005731195638728757, "IXYIIIIIYY": -0.0005731195638728757, "IYXIIIIIYY": -0.0005731195638728757, "IYYIIIIIYX": 0.0005731195638728757, "IYXIIIIIXX": 0.0005731195638728757, "IYXIXXIIII": 0.0005731195638728757, "YZZYXYIIII": -0.0005731195638728757, "XZZXXYIIII": 0.0005731195638728757, "XZZYXXIIII": -0.0005731195638728757, "YZZXXXIIII": -0.0005731195638728757, "YZZXYYIIII": 0.0005731195638728757, "YZZYYXIIII": -0.0005731195638728757, "XZZXYXIIII": 0.0005731195638728757, "IXYIYYIIII": -0.0005731195638728757, "XZZYYYIIII": 0.0005731195638728757, "XZZXIIIIYX": 0.0005731195638728757, "YZZYIIIIYX": -0.0005731195638728757, "IYXIYYIIII": -0.0005731195638728757, "IYYIYXIIII": 0.0005731195638728757, "IXXIYXIIII": -0.0005731195638728757, "YZZYIIIIXY": -0.0005731195638728757, "XZZXIIIIXY": 0.0005731195638728757, "XZZYIIIIXX": -0.0005731195638728757, "YZZXIIIIXX": -0.0005731195638728757, "XZZYIIIIYY": 0.0005731195638728757, "YZZXIIIIYY": 0.0005731195638728757, "XXIIIIXYII": 0.00010581043472934217, "XYIIIIXXII": -0.00010581043472934217, "YXIIIIXXII": -0.00010581043472934217, "YXIIIIYYII": 0.00010581043472934217, "YYIIIIXYII": -0.00010581043472934217, "YYIIIIYXII": -0.00010581043472934217, "XYIIIIYYII": 0.00010581043472934217, "XXIIIIYXII": 0.00010581043472934217, "YYIIXYIIII": -0.00010581043472934184, "XXIIXYIIII": 0.00010581043472934184, "XYIIXXIIII": -0.00010581043472934184, "YXIIXXIIII": -0.00010581043472934184, "XYIIYYIIII": 0.00010581043472934184, "YXIIYYIIII": 0.00010581043472934184, "YYIIYXIIII": -0.00010581043472934184, "XXIIYXIIII": 0.00010581043472934184, "XXIIIIIIYX": 0.00010581043472934184,