{"n_qubits": 5, "qubits": [1, 2, 3, 4, 5], "fci_energy": -5.701153426922527, "hf_energy": -5.671359773252142, "CS_SRE": [0.0037441733495003847, 0.006341063455315533, 0.016531059001027564, 0.03714031587133898, 0.0371548664239391], "CS_energy": [-5.674702350895862, -5.6775098007214195, -5.685411627572278, -5.701150365388662, -5.701153426922576], "overlaps": [0.9993499145374451, 0.9988996597820164, 0.997132268322272, 0.9935665722769564, 0.9935640596113718], "solver": "scipy", "data": {"molecule_id": "He2_singlet_Dooh", "qubit_encoding": "JW", "unit": "Angstrom", "basis": "3-21g", "charge": 0, "multiplicity": 1, "spin": 0, "geometry": "He 1.8200000000 0.0000000000 0.0000000000\nHe -1.8200000000 0.0000000000 0.0000000000", "n_qubits": 8, "n_particles": {"total": 4, "alpha": 2, "beta": 2}, "hf_array": [1, 1, 1, 1, 0, 0, 0, 0], "hf_method": "pyscf.scf.hf_symm.SymAdaptedRHF", "convergence_threshold": 1e-06, "point_group": {"groupname": "Dooh", "topgroup": "Dooh"}, "alpha": 0.7, "calculated_properties": {"HF": {"energy": -5.671359773252142, "converged": true}, "MP2": {"energy": -5.694353001354728, "converged": null}, "CISD": {"energy": -5.701058010288706, "converged": true}, "CCSD": {"energy": -5.701153422749216, "converged": true, "t1_diagnostic": 0.00038863569060690117}, "FCI": {"energy": -5.701153426922527, "converged": true, "spin_matches_target": true, "multiplicity": 1.0000000000000107, "oscillatory_converged": false, "oscillation_energy_change": null}}, "auxiliary_operators": {"number_operator": {"IIIIIIII": 4.0, "ZIIIIIII": -0.5, "IZIIIIII": -0.5, "IIZIIIII": -0.5, "IIIZIIII": -0.5, "IIIIZIII": -0.5, "IIIIIZII": -0.5, "IIIIIIZI": -0.5, "IIIIIIIZ": -0.5}, "N_alpha": {"IIIIIIII": 2.0, "ZIIIIIII": -0.5, "IIZIIIII": -0.5, "IIIIZIII": -0.5, "IIIIIIZI": -0.5}, "N_beta": {"IIIIIIII": 2.0, "IZIIIIII": -0.5, "IIIZIIII": -0.5, "IIIIIZII": -0.5, "IIIIIIIZ": -0.5}, "S^2_operator": {"IIIIIIII": 1.5, "ZZIIIIII": -0.375, "IIIIZZII": -0.375, "IIIIIIZZ": -0.375, "IIZZIIII": -0.375, "ZIIZIIII": -0.125, "ZIZIIIII": 0.125, "IIIIXYXY": 0.125, "IIIIXYYX": -0.125, "IIIIYYXX": 0.125, "IIIIYYYY": 0.125, "IIIIXXXX": 0.125, "IIIIXXYY": 0.125, "IIIIYXXY": -0.125, "IIIIYXYX": 0.125, "IIXYIIXY": 0.125, "IIXYIIYX": -0.125, "ZIIIZIII": 0.125, "ZIIIIZII": -0.125, "ZIIIIIZI": 0.125, "ZIIIIIIZ": -0.125, "IIIIZIIZ": -0.125, "IIIIZIZI": 0.125, "IIIZIIIZ": 0.125, "IIIZIIZI": -0.125, "IIIZIZII": 0.125, "IIIZZIII": -0.125, "IIZIIIIZ": -0.125, "IIYYIIXX": 0.125, "IIZIIIZI": 0.125, "IIZIZIII": 0.125, "IZIIIIIZ": 0.125, "IZIIIIZI": -0.125, "IZIIIZII": 0.125, "IZIIZIII": -0.125, "IZIZIIII": 0.125, "IZZIIIII": -0.125, "IIZIIZII": -0.125, "IIYYIIYY": 0.125, "IIXXIIXX": 0.125, "IIXXIIYY": 0.125, "XYIIYXII": -0.125, "YYIIXXII": 0.125, "YYIIYYII": 0.125, "XXIIXXII": 0.125, "XXIIYYII": 0.125, "YXIIXYII": -0.125, "YXIIYXII": 0.125, "XYXYIIII": 0.125, "XYYXIIII": -0.125, "YYXXIIII": 0.125, "YYYYIIII": 0.125, "XXXXIIII": 0.125, "XXYYIIII": 0.125, "YXXYIIII": -0.125, "YXYXIIII": 0.125, "XYIIXYII": 0.125, "IIIIIZZI": -0.125, "YXIIIIYX": 0.125, "XXIIIIYY": 0.125, "IIYXIIXY": -0.125, "IIYXIIYX": 0.125, "IIXYXYII": 0.125, "IIXYYXII": -0.125, "IIYYXXII": 0.125, "IIYYYYII": 0.125, "IIXXXXII": 0.125, "IIXXYYII": 0.125, "IIYXXYII": -0.125, "IIYXYXII": 0.125, "XYIIIIXY": 0.125, "XYIIIIYX": -0.125, "YYIIIIXX": 0.125, "YYIIIIYY": 0.125, "XXIIIIXX": 0.125, "YXIIIIXY": -0.125, "IIIIIZIZ": 0.125}, "UCCSD_operator": {"IIYXXXII": -0.0035561856681803647, "IIXYYYII": 0.0035561856681803647, "IIYYYXII": -0.0035561856681803647, "IIYXYYII": 0.0035561856681803647, "IIYYXYII": -0.0035561856681803647, "IIXXXYII": 0.0035561856681803647, "IIXYXXII": -0.0035561856681803647, "IIXXYXII": 0.0035561856681803647, "YYIIXYII": -0.003554406653898771, "XXIIXYII": 0.003554406653898771, "YXIIXXII": -0.003554406653898771, "XYIIXXII": -0.003554406653898771, "YXIIYYII": 0.003554406653898771, "XXIIYXII": 0.003554406653898771, "XYIIYYII": 0.003554406653898771, "YYIIYXII": -0.003554406653898771, "YZZYXZZY": -0.003553725797278995, "XZZXXZZY": 0.003553725797278995, "XZZYXZZX": -0.003553725797278995, "IYYIIXYI": -0.003553725797278995, "IXXIIYXI": 0.003553725797278995, "IYYIIYXI": -0.003553725797278995, "IYXIIYYI": 0.003553725797278995, "IXYIIYYI": 0.003553725797278995, "IYXIIXXI": -0.003553725797278995, "IXYIIXXI": -0.003553725797278995, "YZZXXZZX": -0.003553725797278995, "XZZYYZZY": 0.003553725797278995, "IXXIIXYI": 0.003553725797278995, "YZZXYZZY": 0.003553725797278995, "YZZYYZZX": -0.003553725797278995, "XZZXYZZX": 0.003553725797278995, "IYXIYZZY": -0.0035537254780198856, "IXYIYZZY": -0.0035537254780198856, "IYXIXZZX": 0.0035537254780198856, "IXYIXZZX": 0.0035537254780198856, "IXXIYZZX": -0.0035537254780198856, "IXXIXZZY": -0.0035537254780198856, "IYYIXZZY": 0.0035537254780198856, "IYYIYZZX": 0.0035537254780198856, "YZZYIXYI": 0.0035537254780198856, "XZZXIYXI": -0.0035537254780198856, "YZZYIYXI": 0.0035537254780198856, "YZZXIYYI": -0.0035537254780198856, "YZZXIXXI": 0.0035537254780198856, "XZZXIXYI": -0.0035537254780198856, "XZZYIYYI": -0.0035537254780198856, "XZZYIXXI": 0.0035537254780198856, "IIXXIIXY": 0.0035530446398082827, "IIXYIIXX": -0.0035530446398082827, "IIYXIIXX": -0.0035530446398082827, "IIXYIIYY": 0.0035530446398082827, "IIXXIIYX": 0.0035530446398082827, "IIYXIIYY": 0.0035530446398082827, "IIYYIIYX": -0.0035530446398082827, "IIYYIIXY": -0.0035530446398082827, "XXIIIIYX": 0.0035512681032616117, "YYIIIIYX": -0.0035512681032616117, "YXIIIIYY": 0.0035512681032616117, "YXIIIIXX": -0.0035512681032616117, "XYIIIIXX": -0.0035512681032616117, "XXIIIIXY": 0.0035512681032616117, "YYIIIIXY": -0.0035512681032616117, "XYIIIIYY": 0.0035512681032616117, "IIYZZZXI": 0.00027554865879134106, "IIIXZZZY": -0.00027554865879134106, "IIIYZZZX": 0.00027554865879134106, "IIXZZZYI": -0.00027554865879134106, "IXZZZYII": -0.00027406390332151796, "IYZZZXII": 0.00027406390332151796, "XZZZYIII": -0.00027406390332151796, "YZZZXIII": 0.00027406390332151796}}, "hf_method_fallback": "standard", "generation_time_s": 1.324, "timestamp": "2026-03-10T21:33:40.279596+00:00", "formula_latex": "$\\mathrm{He_{2}}$"}}