{"n_qubits": 5, "qubits": [1, 2, 3, 4, 5], "fci_energy": -5.70115339930051, "hf_energy": -5.671359747282143, "CS_SRE": [0.0036922959388335816, 0.006227288299716968, 0.016415285522003636, 0.037140311972215075, 0.0371548622108003], "CS_energy": [-5.674677559515062, -5.677452854315041, -5.685360551775779, -5.701150337838951, -5.701153399300519], "overlaps": [0.9993589392393974, 0.9989194296335393, 0.9971523741313957, 0.9935665729613881, 0.9935640603504101], "solver": "scipy", "data": {"molecule_id": "He2_singlet_Dooh", "qubit_encoding": "JW", "unit": "Angstrom", "basis": "3-21g", "charge": 0, "multiplicity": 1, "spin": 0, "geometry": "He 2.3400000000 0.0000000000 0.0000000000\nHe -2.3400000000 0.0000000000 0.0000000000", "n_qubits": 8, "n_particles": {"total": 4, "alpha": 2, "beta": 2}, "hf_array": [1, 1, 1, 1, 0, 0, 0, 0], "hf_method": "pyscf.scf.hf_symm.SymAdaptedRHF", "convergence_threshold": 1e-06, "point_group": {"groupname": "Dooh", "topgroup": "Dooh"}, "alpha": 0.9, "calculated_properties": {"HF": {"energy": -5.671359747282143, "converged": true}, "MP2": {"energy": -5.694352974082597, "converged": null}, "CISD": {"energy": -5.70105798268722, "converged": true}, "CCSD": {"energy": -5.701153395170225, "converged": true, "t1_diagnostic": 0.0003886348712751675}, "FCI": {"energy": -5.70115339930051, "converged": true, "spin_matches_target": true, "multiplicity": 1.000000000000014, "oscillatory_converged": false, "oscillation_energy_change": null}}, "auxiliary_operators": {"number_operator": {"IIIIIIII": 4.0, "ZIIIIIII": -0.5, "IZIIIIII": -0.5, "IIZIIIII": -0.5, "IIIZIIII": -0.5, "IIIIZIII": -0.5, "IIIIIZII": -0.5, "IIIIIIZI": -0.5, "IIIIIIIZ": -0.5}, "N_alpha": {"IIIIIIII": 2.0, "ZIIIIIII": -0.5, "IIZIIIII": -0.5, "IIIIZIII": -0.5, "IIIIIIZI": -0.5}, "N_beta": {"IIIIIIII": 2.0, "IZIIIIII": -0.5, "IIIZIIII": -0.5, "IIIIIZII": -0.5, "IIIIIIIZ": -0.5}, "S^2_operator": {"IIIIIIII": 1.5, "ZZIIIIII": -0.375, "IIIIZZII": -0.375, "IIIIIIZZ": -0.375, "IIZZIIII": -0.375, "ZIIZIIII": -0.125, "ZIZIIIII": 0.125, "IIIIXYXY": 0.125, "IIIIXYYX": -0.125, "IIIIYYXX": 0.125, "IIIIYYYY": 0.125, "IIIIXXXX": 0.125, "IIIIXXYY": 0.125, "IIIIYXXY": -0.125, "IIIIYXYX": 0.125, "IIXYIIXY": 0.125, "IIXYIIYX": -0.125, "ZIIIZIII": 0.125, "ZIIIIZII": -0.125, "ZIIIIIZI": 0.125, "ZIIIIIIZ": -0.125, "IIIIZIIZ": -0.125, "IIIIZIZI": 0.125, "IIIZIIIZ": 0.125, "IIIZIIZI": -0.125, "IIIZIZII": 0.125, "IIIZZIII": -0.125, "IIZIIIIZ": -0.125, "IIYYIIXX": 0.125, "IIZIIIZI": 0.125, "IIZIZIII": 0.125, "IZIIIIIZ": 0.125, "IZIIIIZI": -0.125, "IZIIIZII": 0.125, "IZIIZIII": -0.125, "IZIZIIII": 0.125, "IZZIIIII": -0.125, "IIZIIZII": -0.125, "IIYYIIYY": 0.125, "IIXXIIXX": 0.125, "IIXXIIYY": 0.125, "XYIIYXII": -0.125, "YYIIXXII": 0.125, "YYIIYYII": 0.125, "XXIIXXII": 0.125, "XXIIYYII": 0.125, "YXIIXYII": -0.125, "YXIIYXII": 0.125, "XYXYIIII": 0.125, "XYYXIIII": -0.125, "YYXXIIII": 0.125, "YYYYIIII": 0.125, "XXXXIIII": 0.125, "XXYYIIII": 0.125, "YXXYIIII": -0.125, "YXYXIIII": 0.125, "XYIIXYII": 0.125, "IIIIIZZI": -0.125, "YXIIIIYX": 0.125, "XXIIIIYY": 0.125, "IIYXIIXY": -0.125, "IIYXIIYX": 0.125, "IIXYXYII": 0.125, "IIXYYXII": -0.125, "IIYYXXII": 0.125, "IIYYYYII": 0.125, "IIXXXXII": 0.125, "IIXXYYII": 0.125, "IIYXXYII": -0.125, "IIYXYXII": 0.125, "XYIIIIXY": 0.125, "XYIIIIYX": -0.125, "YYIIIIXX": 0.125, "YYIIIIYY": 0.125, "XXIIIIXX": 0.125, "YXIIIIXY": -0.125, "IIIIIZIZ": 0.125}, "UCCSD_operator": {"IIYXXXII": -0.0035537366886361403, "IIXYYYII": 0.0035537366886361403, "IIYYYXII": -0.0035537366886361403, "IIYXYYII": 0.0035537366886361403, "IIYYXYII": -0.0035537366886361403, "IIXXXYII": 0.0035537366886361403, "IIXYXXII": -0.0035537366886361403, "IIXXYXII": 0.0035537366886361403, "YYIIXYII": -0.0035537283570872746, "XXIIXYII": 0.0035537283570872746, "YXIIXXII": -0.0035537283570872746, "XYIIXXII": -0.0035537283570872746, "YXIIYYII": 0.0035537283570872746, "XXIIYXII": 0.0035537283570872746, "XYIIYYII": 0.0035537283570872746, "YYIIYXII": -0.0035537283570872746, "YZZYXZZY": -0.003553725984810191, "XZZXXZZY": 0.003553725984810191, "XZZYXZZX": -0.003553725984810191, "IYYIIXYI": -0.003553725984810191, "IXXIIYXI": 0.003553725984810191, "IYYIIYXI": -0.003553725984810191, "IYXIIYYI": 0.003553725984810191, "IXYIIYYI": 0.003553725984810191, "IYXIIXXI": -0.003553725984810191, "IXYIIXXI": -0.003553725984810191, "YZZXXZZX": -0.003553725984810191, "XZZYYZZY": 0.003553725984810191, "IXXIIXYI": 0.003553725984810191, "YZZXYZZY": 0.003553725984810191, "YZZYYZZX": -0.003553725984810191, "XZZXYZZX": 0.003553725984810191, "IYXIYZZY": -0.003553725984802922, "IXYIYZZY": -0.003553725984802922, "IYXIXZZX": 0.003553725984802922, "IXYIXZZX": 0.003553725984802922, "IXXIYZZX": -0.003553725984802922, "IXXIXZZY": -0.003553725984802922, "IYYIXZZY": 0.003553725984802922, "IYYIYZZX": 0.003553725984802922, "YZZYIXYI": 0.003553725984802922, "XZZXIYXI": -0.003553725984802922, "YZZYIYXI": 0.003553725984802922, "YZZXIYYI": -0.003553725984802922, "YZZXIXXI": 0.003553725984802922, "XZZXIXYI": -0.003553725984802922, "XZZYIYYI": -0.003553725984802922, "XZZYIXXI": 0.003553725984802922, "IIXXIIXY": 0.0035537236125219606, "IIXYIIXX": -0.0035537236125219606, "IIYXIIXX": -0.0035537236125219606, "IIXYIIYY": 0.0035537236125219606, "IIXXIIYX": 0.0035537236125219606, "IIYXIIYY": 0.0035537236125219606, "IIYYIIYX": -0.0035537236125219606, "IIYYIIXY": -0.0035537236125219606, "XXIIIIYX": 0.0035537152810246027, "YYIIIIYX": -0.0035537152810246027, "YXIIIIYY": 0.0035537152810246027, "YXIIIIXX": -0.0035537152810246027, "XYIIIIXX": -0.0035537152810246027, "XXIIIIXY": 0.0035537152810246027, "YYIIIIXY": -0.0035537152810246027, "XYIIIIYY": 0.0035537152810246027, "IIYZZZXI": 0.0002748093482742996, "IIIXZZZY": -0.0002748093482742996, "IIIYZZZX": 0.0002748093482742996, "IIXZZZYI": -0.0002748093482742996, "IXZZZYII": -0.0002748033662029059, "IYZZZXII": 0.0002748033662029059, "XZZZYIII": -0.0002748033662029059, "YZZZXIII": 0.0002748033662029059}}, "hf_method_fallback": "standard", "generation_time_s": 1.298, "timestamp": "2026-03-10T21:33:37.581146+00:00", "formula_latex": "$\\mathrm{He_{2}}$"}}