{"n_qubits": 5, "qubits": [1, 2, 3, 4, 5], "fci_energy": -5.7011533995765, "hf_energy": -5.671359747546376, "CS_SRE": [0.0037129097236478434, 0.006274681724526608, 0.016462972258178915, 0.03714031199931775, 0.037154862239893685], "CS_energy": [-5.674686947951047, -5.677476159776483, -5.685381075731962, -5.701150338114482, -5.701153399576521], "overlaps": [0.9993553532816278, 0.998911194555606, 0.9971440926499879, 0.9935665729566361, 0.993564060345312], "solver": "scipy", "data": {"molecule_id": "He2_singlet_Dooh", "qubit_encoding": "JW", "unit": "Angstrom", "basis": "3-21g", "charge": 0, "multiplicity": 1, "spin": 0, "geometry": "He 2.0800000000 0.0000000000 0.0000000000\nHe -2.0800000000 0.0000000000 0.0000000000", "n_qubits": 8, "n_particles": {"total": 4, "alpha": 2, "beta": 2}, "hf_array": [1, 1, 1, 1, 0, 0, 0, 0], "hf_method": "pyscf.scf.hf_symm.SymAdaptedRHF", "convergence_threshold": 1e-06, "point_group": {"groupname": "Dooh", "topgroup": "Dooh"}, "alpha": 0.8, "calculated_properties": {"HF": {"energy": -5.671359747546376, "converged": true}, "MP2": {"energy": -5.694352974356157, "converged": null}, "CISD": {"energy": -5.7010579829630625, "converged": true}, "CCSD": {"energy": -5.7011533954458935, "converged": true, "t1_diagnostic": 0.0003886348566971751}, "FCI": {"energy": -5.7011533995765, "converged": true, "spin_matches_target": true, "multiplicity": 1.0000000000000129, "oscillatory_converged": false, "oscillation_energy_change": null}}, "auxiliary_operators": {"number_operator": {"IIIIIIII": 4.0, "ZIIIIIII": -0.5, "IZIIIIII": -0.5, "IIZIIIII": -0.5, "IIIZIIII": -0.5, "IIIIZIII": -0.5, "IIIIIZII": -0.5, "IIIIIIZI": -0.5, "IIIIIIIZ": -0.5}, "N_alpha": {"IIIIIIII": 2.0, "ZIIIIIII": -0.5, "IIZIIIII": -0.5, "IIIIZIII": -0.5, "IIIIIIZI": -0.5}, "N_beta": {"IIIIIIII": 2.0, "IZIIIIII": -0.5, "IIIZIIII": -0.5, "IIIIIZII": -0.5, "IIIIIIIZ": -0.5}, "S^2_operator": {"IIIIIIII": 1.5, "ZZIIIIII": -0.375, "IIIIZZII": -0.375, "IIIIIIZZ": -0.375, "IIZZIIII": -0.375, "ZIIZIIII": -0.125, "ZIZIIIII": 0.125, "IIIIXYXY": 0.125, "IIIIXYYX": -0.125, "IIIIYYXX": 0.125, "IIIIYYYY": 0.125, "IIIIXXXX": 0.125, "IIIIXXYY": 0.125, "IIIIYXXY": -0.125, "IIIIYXYX": 0.125, "IIXYIIXY": 0.125, "IIXYIIYX": -0.125, "ZIIIZIII": 0.125, "ZIIIIZII": -0.125, "ZIIIIIZI": 0.125, "ZIIIIIIZ": -0.125, "IIIIZIIZ": -0.125, "IIIIZIZI": 0.125, "IIIZIIIZ": 0.125, "IIIZIIZI": -0.125, "IIIZIZII": 0.125, "IIIZZIII": -0.125, "IIZIIIIZ": -0.125, "IIYYIIXX": 0.125, "IIZIIIZI": 0.125, "IIZIZIII": 0.125, "IZIIIIIZ": 0.125, "IZIIIIZI": -0.125, "IZIIIZII": 0.125, "IZIIZIII": -0.125, "IZIZIIII": 0.125, "IZZIIIII": -0.125, "IIZIIZII": -0.125, "IIYYIIYY": 0.125, "IIXXIIXX": 0.125, "IIXXIIYY": 0.125, "XYIIYXII": -0.125, "YYIIXXII": 0.125, "YYIIYYII": 0.125, "XXIIXXII": 0.125, "XXIIYYII": 0.125, "YXIIXYII": -0.125, "YXIIYXII": 0.125, "XYXYIIII": 0.125, "XYYXIIII": -0.125, "YYXXIIII": 0.125, "YYYYIIII": 0.125, "XXXXIIII": 0.125, "XXYYIIII": 0.125, "YXXYIIII": -0.125, "YXYXIIII": 0.125, "XYIIXYII": 0.125, "IIIIIZZI": -0.125, "YXIIIIYX": 0.125, "XXIIIIYY": 0.125, "IIYXIIXY": -0.125, "IIYXIIYX": 0.125, "IIXYXYII": 0.125, "IIXYYXII": -0.125, "IIYYXXII": 0.125, "IIYYYYII": 0.125, "IIXXXXII": 0.125, "IIXXYYII": 0.125, "IIYXXYII": -0.125, "IIYXYXII": 0.125, "XYIIIIXY": 0.125, "XYIIIIYX": -0.125, "YYIIIIXX": 0.125, "YYIIIIYY": 0.125, "XXIIIIXX": 0.125, "YXIIIIXY": -0.125, "IIIIIZIZ": 0.125}, "UCCSD_operator": {"IIYXXXII": -0.0035539238358194, "IIXYYYII": 0.0035539238358194, "IIYYYXII": -0.0035539238358194, "IIYXYYII": 0.0035539238358194, "IIYYXYII": -0.0035539238358194, "IIXXXYII": 0.0035539238358194, "IIXYXXII": -0.0035539238358194, "IIXXYXII": 0.0035539238358194, "YYIIXYII": -0.003553774478443823, "XXIIXYII": 0.003553774478443823, "YXIIXXII": -0.003553774478443823, "XYIIXXII": -0.003553774478443823, "YXIIYYII": 0.003553774478443823, "XXIIYXII": 0.003553774478443823, "XYIIYYII": 0.003553774478443823, "YYIIYXII": -0.003553774478443823, "YZZYXZZY": -0.0035537259839333235, "XZZXXZZY": 0.0035537259839333235, "XZZYXZZX": -0.0035537259839333235, "IYYIIXYI": -0.0035537259839333235, "IXXIIYXI": 0.0035537259839333235, "IYYIIYXI": -0.0035537259839333235, "IYXIIYYI": 0.0035537259839333235, "IXYIIYYI": 0.0035537259839333235, "IYXIIXXI": -0.0035537259839333235, "IXYIIXXI": -0.0035537259839333235, "YZZXXZZX": -0.0035537259839333235, "XZZYYZZY": 0.0035537259839333235, "IXXIIXYI": 0.0035537259839333235, "YZZXYZZY": 0.0035537259839333235, "YZZYYZZX": -0.0035537259839333235, "XZZXYZZX": 0.0035537259839333235, "IYXIYZZY": -0.0035537259816154155, "IXYIYZZY": -0.0035537259816154155, "IYXIXZZX": 0.0035537259816154155, "IXYIXZZX": 0.0035537259816154155, "IXXIYZZX": -0.0035537259816154155, "IXXIXZZY": -0.0035537259816154155, "IYYIXZZY": 0.0035537259816154155, "IYYIYZZX": 0.0035537259816154155, "YZZYIXYI": 0.0035537259816154155, "XZZXIYXI": -0.0035537259816154155, "YZZYIYXI": 0.0035537259816154155, "YZZXIYYI": -0.0035537259816154155, "YZZXIXXI": 0.0035537259816154155, "XZZXIXYI": -0.0035537259816154155, "XZZYIYYI": -0.0035537259816154155, "XZZYIXXI": 0.0035537259816154155, "IIXXIIXY": 0.003553677486361979, "IIXYIIXX": -0.003553677486361979, "IIYXIIXX": -0.003553677486361979, "IIXYIIYY": 0.003553677486361979, "IIXXIIYX": 0.003553677486361979, "IIYXIIYY": 0.003553677486361979, "IIYYIIYX": -0.003553677486361979, "IIYYIIXY": -0.003553677486361979, "XXIIIIYX": 0.0035535281459474727, "YYIIIIYX": -0.0035535281459474727, "YXIIIIYY": 0.0035535281459474727, "YXIIIIXX": -0.0035535281459474727, "XYIIIIXX": -0.0035535281459474727, "XXIIIIXY": 0.0035535281459474727, "YYIIIIXY": -0.0035535281459474727, "XYIIIIYY": 0.0035535281459474727, "IIYZZZXI": 0.0002748636315128974, "IIIXZZZY": -0.0002748636315128974, "IIIYZZZX": 0.0002748636315128974, "IIXZZZYI": -0.0002748636315128974, "IXZZZYII": -0.00027474908294753086, "IYZZZXII": 0.00027474908294753086, "XZZZYIII": -0.00027474908294753086, "YZZZXIII": 0.00027474908294753086}}, "hf_method_fallback": "standard", "generation_time_s": 1.337, "timestamp": "2026-03-10T21:33:38.940744+00:00", "formula_latex": "$\\mathrm{He_{2}}$"}}