{"n_qubits": 5, "qubits": [1, 2, 3, 4, 5], "fci_energy": -5.701153399299467, "hf_energy": -5.671359747281135, "CS_SRE": [0.0036762335200396434, 0.006190062781952387, 0.016377715592950304, 0.03714031197222115, 0.03715486221056495], "CS_energy": [-5.674670309948931, -5.677434565035467, -5.685344450643924, -5.701150337837973, -5.701153399299485], "overlaps": [0.9993617333912016, 0.9989258978165213, 0.9971588986475607, 0.9935665729613872, 0.9935640603504509], "solver": "scipy", "data": {"molecule_id": "He2_singlet_Dooh", "qubit_encoding": "JW", "unit": "Angstrom", "basis": "3-21g", "charge": 0, "multiplicity": 1, "spin": 0, "geometry": "He 2.6000000000 0.0000000000 0.0000000000\nHe -2.6000000000 0.0000000000 0.0000000000", "n_qubits": 8, "n_particles": {"total": 4, "alpha": 2, "beta": 2}, "hf_array": [1, 1, 1, 1, 0, 0, 0, 0], "hf_method": "pyscf.scf.hf_symm.SymAdaptedRHF", "convergence_threshold": 1e-06, "point_group": {"groupname": "Dooh", "topgroup": "Dooh"}, "alpha": 1.0, "calculated_properties": {"HF": {"energy": -5.671359747281135, "converged": true}, "MP2": {"energy": -5.694352974081577, "converged": null}, "CISD": {"energy": -5.7010579826861765, "converged": true}, "CCSD": {"energy": -5.701153395169158, "converged": true, "t1_diagnostic": 0.00038863487326637594}, "FCI": {"energy": -5.701153399299467, "converged": true, "spin_matches_target": true, "multiplicity": 1.0000000000000135, "oscillatory_converged": false, "oscillation_energy_change": null}}, "auxiliary_operators": {"number_operator": {"IIIIIIII": 4.0, "ZIIIIIII": -0.5, "IZIIIIII": -0.5, "IIZIIIII": -0.5, "IIIZIIII": -0.5, "IIIIZIII": -0.5, "IIIIIZII": -0.5, "IIIIIIZI": -0.5, "IIIIIIIZ": -0.5}, "N_alpha": {"IIIIIIII": 2.0, "ZIIIIIII": -0.5, "IIZIIIII": -0.5, "IIIIZIII": -0.5, "IIIIIIZI": -0.5}, "N_beta": {"IIIIIIII": 2.0, "IZIIIIII": -0.5, "IIIZIIII": -0.5, "IIIIIZII": -0.5, "IIIIIIIZ": -0.5}, "S^2_operator": {"IIIIIIII": 1.5, "ZZIIIIII": -0.375, "IIIIZZII": -0.375, "IIIIIIZZ": -0.375, "IIZZIIII": -0.375, "ZIIZIIII": -0.125, "ZIZIIIII": 0.125, "IIIIXYXY": 0.125, "IIIIXYYX": -0.125, "IIIIYYXX": 0.125, "IIIIYYYY": 0.125, "IIIIXXXX": 0.125, "IIIIXXYY": 0.125, "IIIIYXXY": -0.125, "IIIIYXYX": 0.125, "IIXYIIXY": 0.125, "IIXYIIYX": -0.125, "ZIIIZIII": 0.125, "ZIIIIZII": -0.125, "ZIIIIIZI": 0.125, "ZIIIIIIZ": -0.125, "IIIIZIIZ": -0.125, "IIIIZIZI": 0.125, "IIIZIIIZ": 0.125, "IIIZIIZI": -0.125, "IIIZIZII": 0.125, "IIIZZIII": -0.125, "IIZIIIIZ": -0.125, "IIYYIIXX": 0.125, "IIZIIIZI": 0.125, "IIZIZIII": 0.125, "IZIIIIIZ": 0.125, "IZIIIIZI": -0.125, "IZIIIZII": 0.125, "IZIIZIII": -0.125, "IZIZIIII": 0.125, "IZZIIIII": -0.125, "IIZIIZII": -0.125, "IIYYIIYY": 0.125, "IIXXIIXX": 0.125, "IIXXIIYY": 0.125, "XYIIYXII": -0.125, "YYIIXXII": 0.125, "YYIIYYII": 0.125, "XXIIXXII": 0.125, "XXIIYYII": 0.125, "YXIIXYII": -0.125, "YXIIYXII": 0.125, "XYXYIIII": 0.125, "XYYXIIII": -0.125, "YYXXIIII": 0.125, "YYYYIIII": 0.125, "XXXXIIII": 0.125, "XXYYIIII": 0.125, "YXXYIIII": -0.125, "YXYXIIII": 0.125, "XYIIXYII": 0.125, "IIIIIZZI": -0.125, "YXIIIIYX": 0.125, "XXIIIIYY": 0.125, "IIYXIIXY": -0.125, "IIYXIIYX": 0.125, "IIXYXYII": 0.125, "IIXYYXII": -0.125, "IIYYXXII": 0.125, "IIYYYYII": 0.125, "IIXXXXII": 0.125, "IIXXYYII": 0.125, "IIYXXYII": -0.125, "IIYXYXII": 0.125, "XYIIIIXY": 0.125, "XYIIIIYX": -0.125, "YYIIIIXX": 0.125, "YYIIIIYY": 0.125, "XXIIIIXX": 0.125, "YXIIIIXY": -0.125, "IIIIIZIZ": 0.125}, "UCCSD_operator": {"IIYXXXII": -0.0035537263761962526, "IIXYYYII": 0.0035537263761962526, "IIYYYXII": -0.0035537263761962526, "IIYXYYII": 0.0035537263761962526, "IIYYXYII": -0.0035537263761962526, "IIXXXYII": 0.0035537263761962526, "IIXYXXII": -0.0035537263761962526, "IIXXYXII": 0.0035537263761962526, "YYIIXYII": -0.0035537260648127364, "XXIIXYII": 0.0035537260648127364, "YXIIXXII": -0.0035537260648127364, "XYIIXXII": -0.0035537260648127364, "YXIIYYII": 0.0035537260648127364, "XXIIYXII": 0.0035537260648127364, "XYIIYYII": 0.0035537260648127364, "YYIIYXII": -0.0035537260648127364, "YZZYXZZY": -0.0035537259848092808, "XZZXXZZY": 0.0035537259848092808, "XZZYXZZX": -0.0035537259848092808, "IYYIIXYI": -0.0035537259848092808, "IXXIIYXI": 0.0035537259848092808, "IYYIIYXI": -0.0035537259848092808, "IYXIIYYI": 0.0035537259848092808, "IXYIIYYI": 0.0035537259848092808, "IYXIIXXI": -0.0035537259848092808, "IXYIIXXI": -0.0035537259848092808, "YZZXXZZX": -0.0035537259848092808, "XZZYYZZY": 0.0035537259848092808, "IXXIIXYI": 0.0035537259848092808, "YZZXYZZY": 0.0035537259848092808, "YZZYYZZX": -0.0035537259848092808, "XZZXYZZX": 0.0035537259848092808, "IYXIYZZY": -0.003553725984809271, "IXYIYZZY": -0.003553725984809271, "IYXIXZZX": 0.003553725984809271, "IXYIXZZX": 0.003553725984809271, "IXXIYZZX": -0.003553725984809271, "IXXIXZZY": -0.003553725984809271, "IYYIXZZY": 0.003553725984809271, "IYYIYZZX": 0.003553725984809271, "YZZYIXYI": 0.003553725984809271, "XZZXIYXI": -0.003553725984809271, "YZZYIYXI": 0.003553725984809271, "YZZXIYYI": -0.003553725984809271, "YZZXIXXI": 0.003553725984809271, "XZZXIXYI": -0.003553725984809271, "XZZYIYYI": -0.003553725984809271, "XZZYIXXI": 0.003553725984809271, "IIXXIIXY": 0.0035537259048058064, "IIXYIIXX": -0.0035537259048058064, "IIYXIIXX": -0.0035537259048058064, "IIXYIIYY": 0.0035537259048058064, "IIXXIIYX": 0.0035537259048058064, "IIYXIIYY": 0.0035537259048058064, "IIYYIIYX": -0.0035537259048058064, "IIYYIIXY": -0.0035537259048058064, "XXIIIIYX": 0.003553725593422364, "YYIIIIYX": -0.003553725593422364, "YXIIIIYY": 0.003553725593422364, "YXIIIIXX": -0.003553725593422364, "XYIIIIXX": -0.003553725593422364, "XXIIIIXY": 0.003553725593422364, "YYIIIIXY": -0.003553725593422364, "XYIIIIYY": 0.003553725593422364, "IIYZZZXI": 0.0002748064679599267, "IIIXZZZY": -0.0002748064679599267, "IIIYZZZX": 0.0002748064679599267, "IIXZZZYI": -0.0002748064679599267, "IXZZZYII": -0.00027480624080858927, "IYZZZXII": 0.00027480624080858927, "XZZZYIII": -0.00027480624080858927, "YZZZXIII": 0.00027480624080858927}}, "hf_method_fallback": "standard", "generation_time_s": 1.505, "timestamp": "2026-03-10T21:33:28.106904+00:00", "formula_latex": "$\\mathrm{He_{2}}$"}}