{"n_qubits": 5, "qubits": [1, 2, 3, 4, 5], "fci_energy": -5.701153399299464, "hf_energy": -5.6713597472811355, "CS_SRE": [0.0036287354363404045, 0.006080428377344471, 0.01626586596226645, 0.03714031197213191, 0.03715486221071467], "CS_energy": [-5.67464879886763, -5.677380398277736, -5.685296427512289, -5.7011503378379, -5.701153399299499], "overlaps": [0.9993699956847133, 0.9989449469142583, 0.9971783226229467, 0.9935665729614026, 0.9935640603504251], "solver": "scipy", "data": {"molecule_id": "He2_singlet_Dooh", "qubit_encoding": "JW", "unit": "Angstrom", "basis": "3-21g", "charge": 0, "multiplicity": 1, "spin": 0, "geometry": "He 3.9000000000 0.0000000000 0.0000000000\nHe -3.9000000000 0.0000000000 0.0000000000", "n_qubits": 8, "n_particles": {"total": 4, "alpha": 2, "beta": 2}, "hf_array": [1, 1, 1, 1, 0, 0, 0, 0], "hf_method": "pyscf.scf.hf_symm.SymAdaptedRHF", "convergence_threshold": 1e-06, "point_group": {"groupname": "Dooh", "topgroup": "Dooh"}, "alpha": 1.5, "calculated_properties": {"HF": {"energy": -5.6713597472811355, "converged": true}, "MP2": {"energy": -5.694352974081561, "converged": null}, "CISD": {"energy": -5.7010579826861765, "converged": true}, "CCSD": {"energy": -5.701153395169168, "converged": true, "t1_diagnostic": 0.0003886339215365648}, "FCI": {"energy": -5.701153399299464, "converged": true, "spin_matches_target": true, "multiplicity": 1.000000000000016, "oscillatory_converged": false, "oscillation_energy_change": null}}, "auxiliary_operators": {"number_operator": {"IIIIIIII": 4.0, "ZIIIIIII": -0.5, "IZIIIIII": -0.5, "IIZIIIII": -0.5, "IIIZIIII": -0.5, "IIIIZIII": -0.5, "IIIIIZII": -0.5, "IIIIIIZI": -0.5, "IIIIIIIZ": -0.5}, "N_alpha": {"IIIIIIII": 2.0, "ZIIIIIII": -0.5, "IIZIIIII": -0.5, "IIIIZIII": -0.5, "IIIIIIZI": -0.5}, "N_beta": {"IIIIIIII": 2.0, "IZIIIIII": -0.5, "IIIZIIII": -0.5, "IIIIIZII": -0.5, "IIIIIIIZ": -0.5}, "S^2_operator": {"IIIIIIII": 1.5, "ZZIIIIII": -0.375, "IIIIZZII": -0.375, "IIIIIIZZ": -0.375, "IIZZIIII": -0.375, "ZIIZIIII": -0.125, "ZIZIIIII": 0.125, "IIIIXYXY": 0.125, "IIIIXYYX": -0.125, "IIIIYYXX": 0.125, "IIIIYYYY": 0.125, "IIIIXXXX": 0.125, "IIIIXXYY": 0.125, "IIIIYXXY": -0.125, "IIIIYXYX": 0.125, "IIXYIIXY": 0.125, "IIXYIIYX": -0.125, "ZIIIZIII": 0.125, "ZIIIIZII": -0.125, "ZIIIIIZI": 0.125, "ZIIIIIIZ": -0.125, "IIIIZIIZ": -0.125, "IIIIZIZI": 0.125, "IIIZIIIZ": 0.125, "IIIZIIZI": -0.125, "IIIZIZII": 0.125, "IIIZZIII": -0.125, "IIZIIIIZ": -0.125, "IIYYIIXX": 0.125, "IIZIIIZI": 0.125, "IIZIZIII": 0.125, "IZIIIIIZ": 0.125, "IZIIIIZI": -0.125, "IZIIIZII": 0.125, "IZIIZIII": -0.125, "IZIZIIII": 0.125, "IZZIIIII": -0.125, "IIZIIZII": -0.125, "IIYYIIYY": 0.125, "IIXXIIXX": 0.125, "IIXXIIYY": 0.125, "XYIIYXII": -0.125, "YYIIXXII": 0.125, "YYIIYYII": 0.125, "XXIIXXII": 0.125, "XXIIYYII": 0.125, "YXIIXYII": -0.125, "YXIIYXII": 0.125, "XYXYIIII": 0.125, "XYYXIIII": -0.125, "YYXXIIII": 0.125, "YYYYIIII": 0.125, "XXXXIIII": 0.125, "XXYYIIII": 0.125, "YXXYIIII": -0.125, "YXYXIIII": 0.125, "XYIIXYII": 0.125, "IIIIIZZI": -0.125, "YXIIIIYX": 0.125, "XXIIIIYY": 0.125, "IIYXIIXY": -0.125, "IIYXIIYX": 0.125, "IIXYXYII": 0.125, "IIXYYXII": -0.125, "IIYYXXII": 0.125, "IIYYYYII": 0.125, "IIXXXXII": 0.125, "IIXXYYII": 0.125, "IIYXXYII": -0.125, "IIYXYXII": 0.125, "XYIIIIXY": 0.125, "XYIIIIYX": -0.125, "YYIIIIXX": 0.125, "YYIIIIYY": 0.125, "XXIIIIXX": 0.125, "YXIIIIXY": -0.125, "IIIIIZIZ": 0.125}, "UCCSD_operator": {"IIYYXYII": -0.0035537259848103823, "IIXXXYII": 0.0035537259848103823, "IIYXXXII": -0.0035537259848103823, "IIXYXXII": -0.0035537259848103823, "IIYXYYII": 0.0035537259848103823, "IIYYYXII": -0.0035537259848103823, "IIXXYXII": 0.0035537259848103823, "IIXYYYII": 0.0035537259848103823, "XXIIXYII": 0.003553725984810382, "XYIIXXII": -0.003553725984810382, "YXIIXXII": -0.003553725984810382, "YYIIXYII": -0.003553725984810382, "YXIIYYII": 0.003553725984810382, "YYIIYXII": -0.003553725984810382, "XXIIYXII": 0.003553725984810382, "XYIIYYII": 0.003553725984810382, "XZZYIXXI": 0.0035537259848103814, "YZZXIXXI": 0.0035537259848103814, "IYYIXZZY": 0.0035537259848103814, "YZZXIYYI": -0.0035537259848103814, "YZZYIYXI": 0.0035537259848103814, "XZZXIYXI": -0.0035537259848103814, "XZZXIXYI": -0.0035537259848103814, "IYXIXZZX": 0.0035537259848103814, "IXYIYZZY": -0.0035537259848103814, "IYXIYZZY": -0.0035537259848103814, "IYYIYZZX": 0.0035537259848103814, "IXXIYZZX": -0.0035537259848103814, "YZZYIXYI": 0.0035537259848103814, "IXYIXZZX": 0.0035537259848103814, "XZZYIYYI": -0.0035537259848103814, "IXXIXZZY": -0.0035537259848103814, "IIXXIIXY": 0.0035537259848103806, "IIXYIIXX": -0.0035537259848103806, "IIYXIIXX": -0.0035537259848103806, "IIXYIIYY": 0.0035537259848103806, "IIYXIIYY": 0.0035537259848103806, "IIYYIIYX": -0.0035537259848103806, "IIXXIIYX": 0.0035537259848103806, "IXXIIYXI": 0.0035537259848103806, "IYYIIXYI": -0.0035537259848103806, "IXXIIXYI": 0.0035537259848103806, "IXYIIXXI": -0.0035537259848103806, "IYXIIXXI": -0.0035537259848103806, "IXYIIYYI": 0.0035537259848103806, "IYXIIYYI": 0.0035537259848103806, "IYYIIYXI": -0.0035537259848103806, "XZZXYZZX": 0.0035537259848103806, "YZZYYZZX": -0.0035537259848103806, "XZZYYZZY": 0.0035537259848103806, "YZZXYZZY": 0.0035537259848103806, "XZZYXZZX": -0.0035537259848103806, "XZZXXZZY": 0.0035537259848103806, "YZZYXZZY": -0.0035537259848103806, "YZZXXZZX": -0.0035537259848103806, "IIYYIIXY": -0.0035537259848103806, "XXIIIIYX": 0.00355372598481038, "YYIIIIYX": -0.00355372598481038, "YXIIIIYY": 0.00355372598481038, "XYIIIIYY": 0.00355372598481038, "XYIIIIXX": -0.00355372598481038, "XXIIIIXY": 0.00355372598481038, "YYIIIIXY": -0.00355372598481038, "YXIIIIXX": -0.00355372598481038, "XZZZYIII": -0.00027480635736673966, "IYZZZXII": 0.00027480635736673966, "IXZZZYII": -0.00027480635736673966, "YZZZXIII": 0.00027480635736673966, "IIIYZZZX": 0.0002748063573583473, "IIIXZZZY": -0.0002748063573583473, "IIYZZZXI": 0.0002748063573583473, "IIXZZZYI": -0.0002748063573583473}}, "hf_method_fallback": "standard", "generation_time_s": 1.623, "timestamp": "2026-03-10T21:33:31.570199+00:00", "formula_latex": "$\\mathrm{He_{2}}$"}}