{"n_qubits": 5, "qubits": [1, 2, 3, 4, 5], "fci_energy": -5.701127080854351, "hf_energy": -5.67133214197783, "CS_SRE": [0.0040814541309464, 0.006817644179103977, 0.01709512468426455, 0.037144034399040474, 0.03715920719925859], "CS_energy": [-5.6748862039952055, -5.6777706970904465, -5.685689664126587, -5.701123883007974, -5.70112708085441], "overlaps": [0.9992912284526569, 0.9988168356577913, 0.9970343007275442, 0.9935659088762201, 0.9935632879836683], "solver": "scipy", "data": {"molecule_id": "He2_singlet_Dooh", "qubit_encoding": "JW", "unit": "Angstrom", "basis": "3-21g", "charge": 0, "multiplicity": 1, "spin": 0, "geometry": "He 1.3000000000 0.0000000000 0.0000000000\nHe -1.3000000000 0.0000000000 0.0000000000", "n_qubits": 8, "n_particles": {"total": 4, "alpha": 2, "beta": 2}, "hf_array": [1, 1, 1, 1, 0, 0, 0, 0], "hf_method": "pyscf.scf.hf_symm.SymAdaptedRHF", "convergence_threshold": 1e-06, "point_group": {"groupname": "Dooh", "topgroup": "Dooh"}, "alpha": 0.5, "calculated_properties": {"HF": {"energy": -5.67133214197783, "converged": true}, "MP2": {"energy": -5.6943264309280925, "converged": null}, "CISD": {"energy": -5.7010316468255935, "converged": true}, "CCSD": {"energy": -5.701126994829221, "converged": true, "t1_diagnostic": 0.00039106190633175113}, "FCI": {"energy": -5.701127080854351, "converged": true, "spin_matches_target": true, "multiplicity": 1.0000000000000009, "oscillatory_converged": false, "oscillation_energy_change": null}}, "auxiliary_operators": {"number_operator": {"IIIIIIII": 4.0, "ZIIIIIII": -0.5, "IZIIIIII": -0.5, "IIZIIIII": -0.5, "IIIZIIII": -0.5, "IIIIZIII": -0.5, "IIIIIZII": -0.5, "IIIIIIZI": -0.5, "IIIIIIIZ": -0.5}, "N_alpha": {"IIIIIIII": 2.0, "ZIIIIIII": -0.5, "IIZIIIII": -0.5, "IIIIZIII": -0.5, "IIIIIIZI": -0.5}, "N_beta": {"IIIIIIII": 2.0, "IZIIIIII": -0.5, "IIIZIIII": -0.5, "IIIIIZII": -0.5, "IIIIIIIZ": -0.5}, "S^2_operator": {"IIIIIIII": 1.5, "ZZIIIIII": -0.375, "IIIIZZII": -0.375, "IIIIIIZZ": -0.375, "IIZZIIII": -0.375, "ZIIZIIII": -0.125, "ZIZIIIII": 0.125, "IIIIXYXY": 0.125, "IIIIXYYX": -0.125, "IIIIYYXX": 0.125, "IIIIYYYY": 0.125, "IIIIXXXX": 0.125, "IIIIXXYY": 0.125, "IIIIYXXY": -0.125, "IIIIYXYX": 0.125, "IIXYIIXY": 0.125, "IIXYIIYX": -0.125, "ZIIIZIII": 0.125, "ZIIIIZII": -0.125, "ZIIIIIZI": 0.125, "ZIIIIIIZ": -0.125, "IIIIZIIZ": -0.125, "IIIIZIZI": 0.125, "IIIZIIIZ": 0.125, "IIIZIIZI": -0.125, "IIIZIZII": 0.125, "IIIZZIII": -0.125, "IIZIIIIZ": -0.125, "IIYYIIXX": 0.125, "IIZIIIZI": 0.125, "IIZIZIII": 0.125, "IZIIIIIZ": 0.125, "IZIIIIZI": -0.125, "IZIIIZII": 0.125, "IZIIZIII": -0.125, "IZIZIIII": 0.125, "IZZIIIII": -0.125, "IIZIIZII": -0.125, "IIYYIIYY": 0.125, "IIXXIIXX": 0.125, "IIXXIIYY": 0.125, "XYIIYXII": -0.125, "YYIIXXII": 0.125, "YYIIYYII": 0.125, "XXIIXXII": 0.125, "XXIIYYII": 0.125, "YXIIXYII": -0.125, "YXIIYXII": 0.125, "XYXYIIII": 0.125, "XYYXIIII": -0.125, "YYXXIIII": 0.125, "YYYYIIII": 0.125, "XXXXIIII": 0.125, "XXYYIIII": 0.125, "YXXYIIII": -0.125, "YXYXIIII": 0.125, "XYIIXYII": 0.125, "IIIIIZZI": -0.125, "YXIIIIYX": 0.125, "XXIIIIYY": 0.125, "IIYXIIXY": -0.125, "IIYXIIYX": 0.125, "IIXYXYII": 0.125, "IIXYYXII": -0.125, "IIYYXXII": 0.125, "IIYYYYII": 0.125, "IIXXXXII": 0.125, "IIXXYYII": 0.125, "IIYXXYII": -0.125, "IIYXYXII": 0.125, "XYIIIIXY": 0.125, "XYIIIIYX": -0.125, "YYIIIIXX": 0.125, "YYIIIIYY": 0.125, "XXIIIIXX": 0.125, "YXIIIIXY": -0.125, "IIIIIZIZ": 0.125}, "UCCSD_operator": {"IIYXYYII": 0.0036654565945222037, "IIYYXYII": -0.0036654565945222037, "IIXXXYII": 0.0036654565945222037, "IIYXXXII": -0.0036654565945222037, "IIXYXXII": -0.0036654565945222037, "IIYYYXII": -0.0036654565945222037, "IIXXYXII": 0.0036654565945222037, "IIXYYYII": 0.0036654565945222037, "YYIIXYII": -0.003592064375363766, "XXIIXYII": 0.003592064375363766, "YXIIXXII": -0.003592064375363766, "XYIIXXII": -0.003592064375363766, "YXIIYYII": 0.003592064375363766, "XYIIYYII": 0.003592064375363766, "YYIIYXII": -0.003592064375363766, "XXIIYXII": 0.003592064375363766, "YZZYXZZY": -0.0035528605072356876, "IXXIIYXI": 0.0035528605072356876, "IYYIIYXI": -0.0035528605072356876, "XZZXXZZY": 0.0035528605072356876, "IYXIIYYI": 0.0035528605072356876, "XZZYXZZX": -0.0035528605072356876, "YZZXXZZX": -0.0035528605072356876, "XZZYYZZY": 0.0035528605072356876, "YZZXYZZY": 0.0035528605072356876, "YZZYYZZX": -0.0035528605072356876, "XZZXYZZX": 0.0035528605072356876, "IYXIIXXI": -0.0035528605072356876, "IXYIIXXI": -0.0035528605072356876, "IXXIIXYI": 0.0035528605072356876, "IYYIIXYI": -0.0035528605072356876, "IXYIIYYI": 0.0035528605072356876, "IXYIXZZX": 0.0035525351341810277, "XZZXIXYI": -0.0035525351341810277, "IYXIXZZX": 0.0035525351341810277, "YZZXIXXI": 0.0035525351341810277, "XZZYIXXI": 0.0035525351341810277, "IXYIYZZY": -0.0035525351341810277, "IYYIYZZX": 0.0035525351341810277, "IYXIYZZY": -0.0035525351341810277, "IXXIYZZX": -0.0035525351341810277, "YZZYIXYI": 0.0035525351341810277, "IYYIXZZY": 0.0035525351341810277, "XZZYIYYI": -0.0035525351341810277, "YZZXIYYI": -0.0035525351341810277, "IXXIXZZY": -0.0035525351341810277, "XZZXIYXI": -0.0035525351341810277, "YZZYIYXI": 0.0035525351341810277, "IIXXIIXY": 0.0035142921979256407, "IIXYIIXX": -0.0035142921979256407, "IIYXIIXX": -0.0035142921979256407, "IIYYIIYX": -0.0035142921979256407, "IIXXIIYX": 0.0035142921979256407, "IIXYIIYY": 0.0035142921979256407, "IIYXIIYY": 0.0035142921979256407, "IIYYIIXY": -0.0035142921979256407, "XXIIIIXY": 0.0034449332588502198, "XYIIIIXX": -0.0034449332588502198, "YXIIIIXX": -0.0034449332588502198, "XYIIIIYY": 0.0034449332588502198, "YXIIIIYY": 0.0034449332588502198, "YYIIIIYX": -0.0034449332588502198, "XXIIIIYX": 0.0034449332588502198, "YYIIIIXY": -0.0034449332588502198, "IIIYZZZX": 0.00030797041448966267, "IIXZZZYI": -0.00030797041448966267, "IIYZZZXI": 0.00030797041448966267, "IIIXZZZY": -0.00030797041448966267, "IXZZZYII": -0.00024106594861061478, "IYZZZXII": 0.00024106594861061478, "XZZZYIII": -0.00024106594861061478, "YZZZXIII": 0.00024106594861061478, "IXZXIXZY": 3.253730546598846e-07, "YZYIXZYI": -3.253730546598846e-07, "XZXIXZYI": 3.253730546598846e-07, "XZYIXZXI": -3.253730546598846e-07, "YZXIXZXI": -3.253730546598846e-07, "XZYIYZYI": 3.253730546598846e-07, "YZXIYZYI": 3.253730546598846e-07, "YZYIYZXI": -3.253730546598846e-07, "IYZYIXZY": -3.253730546598846e-07, "XZXIYZXI": 3.253730546598846e-07, "IXZXIYZX": 3.253730546598846e-07, "IYZYIYZX": -3.253730546598846e-07, "IYZXIYZY": 3.253730546598846e-07, "IXZYIYZY": 3.253730546598846e-07, "IYZXIXZX": -3.253730546598846e-07, "IXZYIXZX": -3.253730546598846e-07}}, "hf_method_fallback": "standard", "generation_time_s": 2.361, "timestamp": "2026-03-10T21:33:42.660338+00:00", "formula_latex": "$\\mathrm{He_{2}}$"}}