{"n_qubits": 5, "qubits": [1, 2, 3, 4, 5], "fci_energy": -5.701153399299462, "hf_energy": -5.671359747281135, "CS_SRE": [0.003591396471365977, 0.00823269389410736, 0.019277987026235392, 0.03714031197213191, 0.03715486221071467], "CS_energy": [-5.674631790610158, -5.6783624801452355, -5.686480977074454, -5.701150337837905, -5.701153399299469], "overlaps": [0.9993764905092813, 0.9985708323192044, 0.9966552740290395, 0.9935665729614026, 0.9935640603504251], "solver": "scipy", "data": {"molecule_id": "He2_singlet_Dooh", "qubit_encoding": "JW", "unit": "Angstrom", "basis": "3-21g", "charge": 0, "multiplicity": 1, "spin": 0, "geometry": "He 6.5000000000 0.0000000000 0.0000000000\nHe -6.5000000000 0.0000000000 0.0000000000", "n_qubits": 8, "n_particles": {"total": 4, "alpha": 2, "beta": 2}, "hf_array": [1, 1, 1, 1, 0, 0, 0, 0], "hf_method": "pyscf.scf.hf_symm.SymAdaptedRHF", "convergence_threshold": 1e-06, "point_group": {"groupname": "Dooh", "topgroup": "Dooh"}, "alpha": 2.5, "calculated_properties": {"HF": {"energy": -5.671359747281135, "converged": true}, "MP2": {"energy": -5.69435297408156, "converged": null}, "CISD": {"energy": -5.701057982686176, "converged": true}, "CCSD": {"energy": -5.701153395169122, "converged": true, "t1_diagnostic": 0.00038863392153666755}, "FCI": {"energy": -5.701153399299462, "converged": true, "spin_matches_target": true, "multiplicity": 1.0000000000000169, "oscillatory_converged": false, "oscillation_energy_change": null}}, "auxiliary_operators": {"number_operator": {"IIIIIIII": 4.0, "ZIIIIIII": -0.5, "IZIIIIII": -0.5, "IIZIIIII": -0.5, "IIIZIIII": -0.5, "IIIIZIII": -0.5, "IIIIIZII": -0.5, "IIIIIIZI": -0.5, "IIIIIIIZ": -0.5}, "N_alpha": {"IIIIIIII": 2.0, "ZIIIIIII": -0.5, "IIZIIIII": -0.5, "IIIIZIII": -0.5, "IIIIIIZI": -0.5}, "N_beta": {"IIIIIIII": 2.0, "IZIIIIII": -0.5, "IIIZIIII": -0.5, "IIIIIZII": -0.5, "IIIIIIIZ": -0.5}, "S^2_operator": {"IIIIIIII": 1.5, "ZZIIIIII": -0.375, "IIIIZZII": -0.375, "IIIIIIZZ": -0.375, "IIZZIIII": -0.375, "ZIIZIIII": -0.125, "ZIZIIIII": 0.125, "IIIIXYXY": 0.125, "IIIIXYYX": -0.125, "IIIIYYXX": 0.125, "IIIIYYYY": 0.125, "IIIIXXXX": 0.125, "IIIIXXYY": 0.125, "IIIIYXXY": -0.125, "IIIIYXYX": 0.125, "IIXYIIXY": 0.125, "IIXYIIYX": -0.125, "ZIIIZIII": 0.125, "ZIIIIZII": -0.125, "ZIIIIIZI": 0.125, "ZIIIIIIZ": -0.125, "IIIIZIIZ": -0.125, "IIIIZIZI": 0.125, "IIIZIIIZ": 0.125, "IIIZIIZI": -0.125, "IIIZIZII": 0.125, "IIIZZIII": -0.125, "IIZIIIIZ": -0.125, "IIYYIIXX": 0.125, "IIZIIIZI": 0.125, "IIZIZIII": 0.125, "IZIIIIIZ": 0.125, "IZIIIIZI": -0.125, "IZIIIZII": 0.125, "IZIIZIII": -0.125, "IZIZIIII": 0.125, "IZZIIIII": -0.125, "IIZIIZII": -0.125, "IIYYIIYY": 0.125, "IIXXIIXX": 0.125, "IIXXIIYY": 0.125, "XYIIYXII": -0.125, "YYIIXXII": 0.125, "YYIIYYII": 0.125, "XXIIXXII": 0.125, "XXIIYYII": 0.125, "YXIIXYII": -0.125, "YXIIYXII": 0.125, "XYXYIIII": 0.125, "XYYXIIII": -0.125, "YYXXIIII": 0.125, "YYYYIIII": 0.125, "XXXXIIII": 0.125, "XXYYIIII": 0.125, "YXXYIIII": -0.125, "YXYXIIII": 0.125, "XYIIXYII": 0.125, "IIIIIZZI": -0.125, "YXIIIIYX": 0.125, "XXIIIIYY": 0.125, "IIYXIIXY": -0.125, "IIYXIIYX": 0.125, "IIXYXYII": 0.125, "IIXYYXII": -0.125, "IIYYXXII": 0.125, "IIYYYYII": 0.125, "IIXXXXII": 0.125, "IIXXYYII": 0.125, "IIYXXYII": -0.125, "IIYXYXII": 0.125, "XYIIIIXY": 0.125, "XYIIIIYX": -0.125, "YYIIIIXX": 0.125, "YYIIIIYY": 0.125, "XXIIIIXX": 0.125, "YXIIIIXY": -0.125, "IIIIIZIZ": 0.125}, "UCCSD_operator": {"XZZYIYYI": -0.0035537259848050333, "IYYIXZZY": 0.0035537259848050333, "YZZXIYYI": -0.0035537259848050333, "YZZYIYXI": 0.0035537259848050333, "XZZXIYXI": -0.0035537259848050333, "YZZXIXXI": 0.0035537259848050333, "XXIIIIXY": 0.0035537259848050333, "XYIIIIXX": -0.0035537259848050333, "YXIIIIXX": -0.0035537259848050333, "XZZYIXXI": 0.0035537259848050333, "IXYIXZZX": 0.0035537259848050333, "IYXIXZZX": 0.0035537259848050333, "IXYIYZZY": -0.0035537259848050333, "IYXIYZZY": -0.0035537259848050333, "IYYIYZZX": 0.0035537259848050333, "IXXIYZZX": -0.0035537259848050333, "YZZYIXYI": 0.0035537259848050333, "XZZXIXYI": -0.0035537259848050333, "XYIIIIYY": 0.0035537259848050333, "YYIIIIXY": -0.0035537259848050333, "IIYYXYII": -0.0035537259848050333, "IIXXXYII": 0.0035537259848050333, "IIXYXXII": -0.0035537259848050333, "IIYXXXII": -0.0035537259848050333, "IIXYYYII": 0.0035537259848050333, "IIYYYXII": -0.0035537259848050333, "IIXXYXII": 0.0035537259848050333, "IIYXYYII": 0.0035537259848050333, "YYIIIIYX": -0.0035537259848050333, "YXIIIIYY": 0.0035537259848050333, "XXIIIIYX": 0.0035537259848050333, "IXXIXZZY": -0.0035537259848050333, "IYXIIXXI": -0.003553725984805032, "IIXXIIXY": 0.003553725984805032, "IIXYIIXX": -0.003553725984805032, "IIYXIIXX": -0.003553725984805032, "IIXYIIYY": 0.003553725984805032, "IIYXIIYY": 0.003553725984805032, "IIYYIIYX": -0.003553725984805032, "IIXXIIYX": 0.003553725984805032, "IYXIIYYI": 0.003553725984805032, "IYYIIYXI": -0.003553725984805032, "IXXIIYXI": 0.003553725984805032, "IYYIIXYI": -0.003553725984805032, "IXXIIXYI": 0.003553725984805032, "IXYIIXXI": -0.003553725984805032, "IXYIIYYI": 0.003553725984805032, "XXIIYXII": 0.003553725984805032, "YYIIYXII": -0.003553725984805032, "YXIIYYII": 0.003553725984805032, "IIYYIIXY": -0.003553725984805032, "YXIIXXII": -0.003553725984805032, "XYIIXXII": -0.003553725984805032, "XXIIXYII": 0.003553725984805032, "YYIIXYII": -0.003553725984805032, "XYIIYYII": 0.003553725984805032, "YZZYXZZY": -0.003553725984805032, "XZZXXZZY": 0.003553725984805032, "YZZXXZZX": -0.003553725984805032, "XZZYXZZX": -0.003553725984805032, "YZZXYZZY": 0.003553725984805032, "YZZYYZZX": -0.003553725984805032, "XZZXYZZX": 0.003553725984805032, "XZZYYZZY": 0.003553725984805032, "XZZZYIII": -0.0002748063577102781, "IYZZZXII": 0.0002748063577102781, "IXZZZYII": -0.0002748063577102781, "YZZZXIII": 0.0002748063577102781, "IIXZZZYI": -0.00027480635771027806, "IIIYZZZX": 0.00027480635771027806, "IIYZZZXI": 0.00027480635771027806, "IIIXZZZY": -0.00027480635771027806}}, "hf_method_fallback": "standard", "generation_time_s": 1.563, "timestamp": "2026-03-10T21:33:34.844482+00:00", "formula_latex": "$\\mathrm{He_{2}}$"}}