{"n_qubits": 5, "qubits": [1, 2, 3, 4, 5], "fci_energy": -5.701153399299458, "hf_energy": -5.671359747281134, "CS_SRE": [0.003652368382403492, 0.006134878386248123, 0.01632164694070366, 0.03714031197213454, 0.03715486221071204], "CS_energy": [-5.674659519055947, -5.677407360184295, -5.685320397516757, -5.7011503378379045, -5.701153399299494], "overlaps": [0.9993658847844346, 0.9989354862802591, 0.997168635650777, 0.9935665729614022, 0.9935640603504255], "solver": "scipy", "data": {"molecule_id": "He2_singlet_Dooh", "qubit_encoding": "JW", "unit": "Angstrom", "basis": "3-21g", "charge": 0, "multiplicity": 1, "spin": 0, "geometry": "He 3.1200000000 0.0000000000 0.0000000000\nHe -3.1200000000 0.0000000000 0.0000000000", "n_qubits": 8, "n_particles": {"total": 4, "alpha": 2, "beta": 2}, "hf_array": [1, 1, 1, 1, 0, 0, 0, 0], "hf_method": "pyscf.scf.hf_symm.SymAdaptedRHF", "convergence_threshold": 1e-06, "point_group": {"groupname": "Dooh", "topgroup": "Dooh"}, "alpha": 1.2, "calculated_properties": {"HF": {"energy": -5.671359747281134, "converged": true}, "MP2": {"energy": -5.69435297408156, "converged": null}, "CISD": {"energy": -5.701057982686175, "converged": true}, "CCSD": {"energy": -5.7011533951691336, "converged": true, "t1_diagnostic": 0.0003886348737030172}, "FCI": {"energy": -5.701153399299458, "converged": true, "spin_matches_target": true, "multiplicity": 1.0000000000000133, "oscillatory_converged": false, "oscillation_energy_change": null}}, "auxiliary_operators": {"number_operator": {"IIIIIIII": 4.0, "ZIIIIIII": -0.5, "IZIIIIII": -0.5, "IIZIIIII": -0.5, "IIIZIIII": -0.5, "IIIIZIII": -0.5, "IIIIIZII": -0.5, "IIIIIIZI": -0.5, "IIIIIIIZ": -0.5}, "N_alpha": {"IIIIIIII": 2.0, "ZIIIIIII": -0.5, "IIZIIIII": -0.5, "IIIIZIII": -0.5, "IIIIIIZI": -0.5}, "N_beta": {"IIIIIIII": 2.0, "IZIIIIII": -0.5, "IIIZIIII": -0.5, "IIIIIZII": -0.5, "IIIIIIIZ": -0.5}, "S^2_operator": {"IIIIIIII": 1.5, "ZZIIIIII": -0.375, "IIIIZZII": -0.375, "IIIIIIZZ": -0.375, "IIZZIIII": -0.375, "ZIIZIIII": -0.125, "ZIZIIIII": 0.125, "IIIIXYXY": 0.125, "IIIIXYYX": -0.125, "IIIIYYXX": 0.125, "IIIIYYYY": 0.125, "IIIIXXXX": 0.125, "IIIIXXYY": 0.125, "IIIIYXXY": -0.125, "IIIIYXYX": 0.125, "IIXYIIXY": 0.125, "IIXYIIYX": -0.125, "ZIIIZIII": 0.125, "ZIIIIZII": -0.125, "ZIIIIIZI": 0.125, "ZIIIIIIZ": -0.125, "IIIIZIIZ": -0.125, "IIIIZIZI": 0.125, "IIIZIIIZ": 0.125, "IIIZIIZI": -0.125, "IIIZIZII": 0.125, "IIIZZIII": -0.125, "IIZIIIIZ": -0.125, "IIYYIIXX": 0.125, "IIZIIIZI": 0.125, "IIZIZIII": 0.125, "IZIIIIIZ": 0.125, "IZIIIIZI": -0.125, "IZIIIZII": 0.125, "IZIIZIII": -0.125, "IZIZIIII": 0.125, "IZZIIIII": -0.125, "IIZIIZII": -0.125, "IIYYIIYY": 0.125, "IIXXIIXX": 0.125, "IIXXIIYY": 0.125, "XYIIYXII": -0.125, "YYIIXXII": 0.125, "YYIIYYII": 0.125, "XXIIXXII": 0.125, "XXIIYYII": 0.125, "YXIIXYII": -0.125, "YXIIYXII": 0.125, "XYXYIIII": 0.125, "XYYXIIII": -0.125, "YYXXIIII": 0.125, "YYYYIIII": 0.125, "XXXXIIII": 0.125, "XXYYIIII": 0.125, "YXXYIIII": -0.125, "YXYXIIII": 0.125, "XYIIXYII": 0.125, "IIIIIZZI": -0.125, "YXIIIIYX": 0.125, "XXIIIIYY": 0.125, "IIYXIIXY": -0.125, "IIYXIIYX": 0.125, "IIXYXYII": 0.125, "IIXYYXII": -0.125, "IIYYXXII": 0.125, "IIYYYYII": 0.125, "IIXXXXII": 0.125, "IIXXYYII": 0.125, "IIYXXYII": -0.125, "IIYXYXII": 0.125, "XYIIIIXY": 0.125, "XYIIIIYX": -0.125, "YYIIIIXX": 0.125, "YYIIIIYY": 0.125, "XXIIIIXX": 0.125, "YXIIIIXY": -0.125, "IIIIIZIZ": 0.125}, "UCCSD_operator": {"IIYXXXII": -0.0035537259849698073, "IIXYYYII": 0.0035537259849698073, "IIYYYXII": -0.0035537259849698073, "IIYXYYII": 0.0035537259849698073, "IIYYXYII": -0.0035537259849698073, "IIXXXYII": 0.0035537259849698073, "IIXYXXII": -0.0035537259849698073, "IIXXYXII": 0.0035537259849698073, "YYIIXYII": -0.003553725984836405, "XXIIXYII": 0.003553725984836405, "YXIIXXII": -0.003553725984836405, "XYIIXXII": -0.003553725984836405, "YXIIYYII": 0.003553725984836405, "XXIIYXII": 0.003553725984836405, "XYIIYYII": 0.003553725984836405, "YYIIYXII": -0.003553725984836405, "YZZYXZZY": -0.003553725984806572, "XZZXXZZY": 0.003553725984806572, "XZZYXZZX": -0.003553725984806572, "IYYIIXYI": -0.003553725984806572, "IXXIIYXI": 0.003553725984806572, "IYYIIYXI": -0.003553725984806572, "IYXIIYYI": 0.003553725984806572, "IXYIIYYI": 0.003553725984806572, "IYXIIXXI": -0.003553725984806572, "IXYIIXXI": -0.003553725984806572, "YZZXXZZX": -0.003553725984806572, "XZZYYZZY": 0.003553725984806572, "IXXIIXYI": 0.003553725984806572, "YZZXYZZY": 0.003553725984806572, "YZZYYZZX": -0.003553725984806572, "XZZXYZZX": 0.003553725984806572, "IYXIYZZY": -0.0035537259848065716, "IXYIYZZY": -0.0035537259848065716, "IYXIXZZX": 0.0035537259848065716, "IXYIXZZX": 0.0035537259848065716, "IXXIYZZX": -0.0035537259848065716, "IXXIXZZY": -0.0035537259848065716, "IYYIXZZY": 0.0035537259848065716, "IYYIYZZX": 0.0035537259848065716, "YZZYIXYI": 0.0035537259848065716, "XZZXIYXI": -0.0035537259848065716, "YZZYIYXI": 0.0035537259848065716, "YZZXIYYI": -0.0035537259848065716, "YZZXIXXI": 0.0035537259848065716, "XZZXIXYI": -0.0035537259848065716, "XZZYIYYI": -0.0035537259848065716, "XZZYIXXI": 0.0035537259848065716, "IIXXIIXY": 0.00355372598477674, "IIXYIIXX": -0.00355372598477674, "IIYXIIXX": -0.00355372598477674, "IIXYIIYY": 0.00355372598477674, "IIXXIIYX": 0.00355372598477674, "IIYXIIYY": 0.00355372598477674, "IIYYIIYX": -0.00355372598477674, "IIYYIIXY": -0.00355372598477674, "XXIIIIYX": 0.003553725984643337, "YYIIIIYX": -0.003553725984643337, "YXIIIIYY": 0.003553725984643337, "YXIIIIXX": -0.003553725984643337, "XYIIIIXX": -0.003553725984643337, "XXIIIIXY": 0.003553725984643337, "YYIIIIXY": -0.003553725984643337, "XYIIIIYY": 0.003553725984643337, "XZZZYIII": -0.0002748063628025273, "IYZZZXII": 0.0002748063628025273, "IXZZZYII": -0.0002748063628025273, "YZZZXIII": 0.0002748063628025273, "IIXZZZYI": -0.00027480635239109146, "IIIYZZZX": 0.00027480635239109146, "IIYZZZXI": 0.00027480635239109146, "IIIXZZZY": -0.00027480635239109146}}, "hf_method_fallback": "standard", "generation_time_s": 1.806, "timestamp": "2026-03-10T21:33:29.934964+00:00", "formula_latex": "$\\mathrm{He_{2}}$"}}