{"n_qubits": 5, "qubits": [1, 2, 3, 4, 5], "fci_energy": -5.701153399299465, "hf_energy": -5.6713597472811355, "CS_SRE": [0.003582151666752241, 0.008221362303124325, 0.019277987026235392, 0.03714031197213191, 0.03715486221071204], "CS_energy": [-5.674627565978431, -5.678357643583286, -5.686480977074452, -5.701150337837898, -5.701153399299478], "overlaps": [0.9993780985322416, 0.9985728029759904, 0.9966552740290395, 0.9935665729614026, 0.9935640603504255], "solver": "scipy", "data": {"molecule_id": "He2_singlet_Dooh", "qubit_encoding": "JW", "unit": "Angstrom", "basis": "3-21g", "charge": 0, "multiplicity": 1, "spin": 0, "geometry": "He 7.8000000000 0.0000000000 0.0000000000\nHe -7.8000000000 0.0000000000 0.0000000000", "n_qubits": 8, "n_particles": {"total": 4, "alpha": 2, "beta": 2}, "hf_array": [1, 1, 1, 1, 0, 0, 0, 0], "hf_method": "pyscf.scf.hf_symm.SymAdaptedRHF", "convergence_threshold": 1e-06, "point_group": {"groupname": "Dooh", "topgroup": "Dooh"}, "alpha": 3.0, "calculated_properties": {"HF": {"energy": -5.6713597472811355, "converged": true}, "MP2": {"energy": -5.694352974081561, "converged": null}, "CISD": {"energy": -5.7010579826861765, "converged": true}, "CCSD": {"energy": -5.701153395169134, "converged": true, "t1_diagnostic": 0.0003886339215367125}, "FCI": {"energy": -5.701153399299465, "converged": true, "spin_matches_target": true, "multiplicity": 1.000000000000018, "oscillatory_converged": false, "oscillation_energy_change": null}}, "auxiliary_operators": {"number_operator": {"IIIIIIII": 4.0, "ZIIIIIII": -0.5, "IZIIIIII": -0.5, "IIZIIIII": -0.5, "IIIZIIII": -0.5, "IIIIZIII": -0.5, "IIIIIZII": -0.5, "IIIIIIZI": -0.5, "IIIIIIIZ": -0.5}, "N_alpha": {"IIIIIIII": 2.0, "ZIIIIIII": -0.5, "IIZIIIII": -0.5, "IIIIZIII": -0.5, "IIIIIIZI": -0.5}, "N_beta": {"IIIIIIII": 2.0, "IZIIIIII": -0.5, "IIIZIIII": -0.5, "IIIIIZII": -0.5, "IIIIIIIZ": -0.5}, "S^2_operator": {"IIIIIIII": 1.5, "ZZIIIIII": -0.375, "IIIIZZII": -0.375, "IIIIIIZZ": -0.375, "IIZZIIII": -0.375, "ZIIZIIII": -0.125, "ZIZIIIII": 0.125, "IIIIXYXY": 0.125, "IIIIXYYX": -0.125, "IIIIYYXX": 0.125, "IIIIYYYY": 0.125, "IIIIXXXX": 0.125, "IIIIXXYY": 0.125, "IIIIYXXY": -0.125, "IIIIYXYX": 0.125, "IIXYIIXY": 0.125, "IIXYIIYX": -0.125, "ZIIIZIII": 0.125, "ZIIIIZII": -0.125, "ZIIIIIZI": 0.125, "ZIIIIIIZ": -0.125, "IIIIZIIZ": -0.125, "IIIIZIZI": 0.125, "IIIZIIIZ": 0.125, "IIIZIIZI": -0.125, "IIIZIZII": 0.125, "IIIZZIII": -0.125, "IIZIIIIZ": -0.125, "IIYYIIXX": 0.125, "IIZIIIZI": 0.125, "IIZIZIII": 0.125, "IZIIIIIZ": 0.125, "IZIIIIZI": -0.125, "IZIIIZII": 0.125, "IZIIZIII": -0.125, "IZIZIIII": 0.125, "IZZIIIII": -0.125, "IIZIIZII": -0.125, "IIYYIIYY": 0.125, "IIXXIIXX": 0.125, "IIXXIIYY": 0.125, "XYIIYXII": -0.125, "YYIIXXII": 0.125, "YYIIYYII": 0.125, "XXIIXXII": 0.125, "XXIIYYII": 0.125, "YXIIXYII": -0.125, "YXIIYXII": 0.125, "XYXYIIII": 0.125, "XYYXIIII": -0.125, "YYXXIIII": 0.125, "YYYYIIII": 0.125, "XXXXIIII": 0.125, "XXYYIIII": 0.125, "YXXYIIII": -0.125, "YXYXIIII": 0.125, "XYIIXYII": 0.125, "IIIIIZZI": -0.125, "YXIIIIYX": 0.125, "XXIIIIYY": 0.125, "IIYXIIXY": -0.125, "IIYXIIYX": 0.125, "IIXYXYII": 0.125, "IIXYYXII": -0.125, "IIYYXXII": 0.125, "IIYYYYII": 0.125, "IIXXXXII": 0.125, "IIXXYYII": 0.125, "IIYXXYII": -0.125, "IIYXYXII": 0.125, "XYIIIIXY": 0.125, "XYIIIIYX": -0.125, "YYIIIIXX": 0.125, "YYIIIIYY": 0.125, "XXIIIIXX": 0.125, "YXIIIIXY": -0.125, "IIIIIZIZ": 0.125}, "UCCSD_operator": {"IIXXIIYX": 0.0035537259848064068, "IIYYIIYX": -0.0035537259848064068, "IIYXIIYY": 0.0035537259848064068, "IIYYIIXY": -0.0035537259848064068, "IIYXIIXX": -0.0035537259848064068, "IIXYIIXX": -0.0035537259848064068, "IIXXIIXY": 0.0035537259848064068, "IIXYIIYY": 0.0035537259848064068, "YZZYXZZY": -0.0035537259848064063, "XZZXXZZY": 0.0035537259848064063, "XZZYXZZX": -0.0035537259848064063, "XZZYYZZY": 0.0035537259848064063, "YZZXYZZY": 0.0035537259848064063, "YZZYYZZX": -0.0035537259848064063, "YZZXXZZX": -0.0035537259848064063, "IXXIIXYI": 0.0035537259848064063, "IXYIIXXI": -0.0035537259848064063, "IYXIIXXI": -0.0035537259848064063, "XZZXYZZX": 0.0035537259848064063, "IXYIIYYI": 0.0035537259848064063, "IYXIIYYI": 0.0035537259848064063, "IYYIIYXI": -0.0035537259848064063, "IXXIIYXI": 0.0035537259848064063, "IYYIIXYI": -0.0035537259848064063, "XYIIIIXX": -0.003553725984806406, "YYIIIIXY": -0.003553725984806406, "XXIIIIYX": 0.003553725984806406, "YXIIIIYY": 0.003553725984806406, "YYIIIIYX": -0.003553725984806406, "YXIIIIXX": -0.003553725984806406, "XYIIIIYY": 0.003553725984806406, "XXIIIIXY": 0.003553725984806406, "IIXXXYII": 0.0035537259848064055, "IIYYXYII": -0.0035537259848064055, "IXXIXZZY": -0.0035537259848064055, "IXYIXZZX": 0.0035537259848064055, "IYYIXZZY": 0.0035537259848064055, "IIXYXXII": -0.0035537259848064055, "IIYXYYII": 0.0035537259848064055, "IIYXXXII": -0.0035537259848064055, "IIXYYYII": 0.0035537259848064055, "IIYYYXII": -0.0035537259848064055, "IIXXYXII": 0.0035537259848064055, "IYXIXZZX": 0.0035537259848064055, "XZZYIYYI": -0.0035537259848064055, "YYIIXYII": -0.0035537259848064055, "XXIIXYII": 0.0035537259848064055, "XYIIXXII": -0.0035537259848064055, "IXYIYZZY": -0.0035537259848064055, "YXIIXXII": -0.0035537259848064055, "YXIIYYII": 0.0035537259848064055, "YYIIYXII": -0.0035537259848064055, "XXIIYXII": 0.0035537259848064055, "XYIIYYII": 0.0035537259848064055, "XZZXIYXI": -0.0035537259848064055, "YZZYIYXI": 0.0035537259848064055, "IYXIYZZY": -0.0035537259848064055, "IYYIYZZX": 0.0035537259848064055, "IXXIYZZX": -0.0035537259848064055, "YZZYIXYI": 0.0035537259848064055, "XZZYIXXI": 0.0035537259848064055, "YZZXIXXI": 0.0035537259848064055, "YZZXIYYI": -0.0035537259848064055, "XZZXIXYI": -0.0035537259848064055, "XZZZYIII": -0.00027480635762090907, "IYZZZXII": 0.00027480635762090907, "IXZZZYII": -0.00027480635762090907, "IIXZZZYI": -0.00027480635762090907, "IIIYZZZX": 0.00027480635762090907, "IIIXZZZY": -0.00027480635762090907, "IIYZZZXI": 0.00027480635762090907, "YZZZXIII": 0.00027480635762090907}}, "hf_method_fallback": "standard", "generation_time_s": 1.408, "timestamp": "2026-03-10T21:33:36.274864+00:00", "formula_latex": "$\\mathrm{He_{2}}$"}}