{"n_qubits": 5, "qubits": [1, 2, 3, 4, 5], "fci_energy": -1.1057521501016154, "hf_energy": -1.0695961240329979, "CS_SRE": [0.14753731818366064, 0.17668227645698167, 0.20047921826126272, 0.199165495865178, 0.20665277197130436], "CS_energy": [-1.090617947644278, -1.0959707956651532, -1.1033894300980165, -1.105162562576218, -1.1057521501016188], "overlaps": [0.9719332276226332, 0.966519798241786, 0.9623754101577671, 0.9627629407233519, 0.961400736736073], "solver": "scipy", "data": {"molecule_id": "D2_singlet_Dooh", "qubit_encoding": "JW", "unit": "Angstrom", "basis": "3-21g", "charge": 0, "multiplicity": 1, "spin": 0, "geometry": "H 0.0000000000 0.0000000000 -0.1853750000\nH 0.0000000000 0.0000000000 0.9268750000", "n_qubits": 8, "n_particles": {"total": 2, "alpha": 1, "beta": 1}, "hf_array": [1, 1, 0, 0, 0, 0, 0, 0], "hf_method": "pyscf.scf.hf_symm.SymAdaptedRHF", "convergence_threshold": 1e-06, "point_group": {"groupname": "Dooh", "topgroup": "Dooh"}, "alpha": 1.5, "calculated_properties": {"HF": {"energy": -1.0695961240329979, "converged": true}, "MP2": {"energy": -1.0914137272840014, "converged": null}, "CISD": {"energy": -1.1057521501016165, "converged": true}, "CCSD": {"energy": -1.1057521134935213, "converged": true, "t1_diagnostic": 0.01092604161339295}, "FCI": {"energy": -1.1057521501016154, "converged": true, "spin_matches_target": true, "multiplicity": 1.0000000000000007, "oscillatory_converged": false, "oscillation_energy_change": null}}, "auxiliary_operators": {"number_operator": {"IIIIIIII": 4.0, "ZIIIIIII": -0.5, "IZIIIIII": -0.5, "IIZIIIII": -0.5, "IIIZIIII": -0.5, "IIIIZIII": -0.5, "IIIIIZII": -0.5, "IIIIIIZI": -0.5, "IIIIIIIZ": -0.5}, "N_alpha": {"IIIIIIII": 2.0, "ZIIIIIII": -0.5, "IIZIIIII": -0.5, "IIIIZIII": -0.5, "IIIIIIZI": -0.5}, "N_beta": {"IIIIIIII": 2.0, "IZIIIIII": -0.5, "IIIZIIII": -0.5, "IIIIIZII": -0.5, "IIIIIIIZ": -0.5}, "S^2_operator": {"IIIIIIII": 1.5, "ZZIIIIII": -0.375, "IIIIZZII": -0.375, "IIIIIIZZ": -0.375, "IIZZIIII": -0.375, "ZIIZIIII": -0.125, "ZIZIIIII": 0.125, "IIIIXYXY": 0.125, "IIIIXYYX": -0.125, "IIIIYYXX": 0.125, "IIIIYYYY": 0.125, "IIIIXXXX": 0.125, "IIIIXXYY": 0.125, "IIIIYXXY": -0.125, "IIIIYXYX": 0.125, "IIXYIIXY": 0.125, "IIXYIIYX": -0.125, "ZIIIZIII": 0.125, "ZIIIIZII": -0.125, "ZIIIIIZI": 0.125, "ZIIIIIIZ": -0.125, "IIIIZIIZ": -0.125, "IIIIZIZI": 0.125, "IIIZIIIZ": 0.125, "IIIZIIZI": -0.125, "IIIZIZII": 0.125, "IIIZZIII": -0.125, "IIZIIIIZ": -0.125, "IIYYIIXX": 0.125, "IIZIIIZI": 0.125, "IIZIZIII": 0.125, "IZIIIIIZ": 0.125, "IZIIIIZI": -0.125, "IZIIIZII": 0.125, "IZIIZIII": -0.125, "IZIZIIII": 0.125, "IZZIIIII": -0.125, "IIZIIZII": -0.125, "IIYYIIYY": 0.125, "IIXXIIXX": 0.125, "IIXXIIYY": 0.125, "XYIIYXII": -0.125, "YYIIXXII": 0.125, "YYIIYYII": 0.125, "XXIIXXII": 0.125, "XXIIYYII": 0.125, "YXIIXYII": -0.125, "YXIIYXII": 0.125, "XYXYIIII": 0.125, "XYYXIIII": -0.125, "YYXXIIII": 0.125, "YYYYIIII": 0.125, "XXXXIIII": 0.125, "XXYYIIII": 0.125, "YXXYIIII": -0.125, "YXYXIIII": 0.125, "XYIIXYII": 0.125, "IIIIIZZI": -0.125, "YXIIIIYX": 0.125, "XXIIIIYY": 0.125, "IIYXIIXY": -0.125, "IIYXIIYX": 0.125, "IIXYXYII": 0.125, "IIXYYXII": -0.125, "IIYYXXII": 0.125, "IIYYYYII": 0.125, "IIXXXXII": 0.125, "IIXXYYII": 0.125, "IIYXXYII": -0.125, "IIYXYXII": 0.125, "XYIIIIXY": 0.125, "XYIIIIYX": -0.125, "YYIIIIXX": 0.125, "YYIIIIYY": 0.125, "XXIIIIXX": 0.125, "YXIIIIXY": -0.125, "IIIIIZIZ": 0.125}, "UCCSD_operator": {"XYXXIIII": -0.022233623079267573, "YYXYIIII": -0.022233623079267573, "XXXYIIII": 0.022233623079267573, "YXXXIIII": -0.022233623079267573, "XXYXIIII": 0.022233623079267573, "YYYXIIII": -0.022233623079267573, "YXYYIIII": 0.022233623079267573, "XYYYIIII": 0.022233623079267573, "YZZZXIII": 0.007725875779989675, "IYZZZXII": 0.007725875779989675, "XZZZYIII": -0.007725875779989675, "IXZZZYII": -0.007725875779989675, "YYIYZZXI": -0.0070275093897562745, "YXIYZZYI": 0.0070275093897562745, "XYIYZZYI": 0.0070275093897562745, "YXIXZZXI": -0.0070275093897562745, "XYIXZZXI": -0.0070275093897562745, "XXIXZZYI": 0.0070275093897562745, "YYIXZZYI": -0.0070275093897562745, "XXIYZZXI": 0.0070275093897562745, "YYXZZZZY": 0.0070275093897562745, "YYYZZZZX": 0.0070275093897562745, "YXYZZZZY": -0.0070275093897562745, "XXYZZZZX": -0.0070275093897562745, "YXXZZZZX": 0.0070275093897562745, "XYXZZZZX": 0.0070275093897562745, "XXXZZZZY": -0.0070275093897562745, "XYYZZZZY": -0.0070275093897562745, "YYIIIIYX": -0.0038870443693169664, "YXIIIIYY": 0.0038870443693169664, "YXIIIIXX": -0.0038870443693169664, "XYIIIIXX": -0.0038870443693169664, "XXIIIIYX": 0.0038870443693169664, "XXIIIIXY": 0.0038870443693169664, "XYIIIIYY": 0.0038870443693169664, "YYIIIIXY": -0.0038870443693169664, "XXIIYXII": 0.003443102650942731, "YYIIYXII": -0.003443102650942731, "YXIIYYII": 0.003443102650942731, "YYIIXYII": -0.003443102650942731, "YXIIXXII": -0.003443102650942731, "XYIIXXII": -0.003443102650942731, "XXIIXYII": 0.003443102650942731, "XYIIYYII": 0.003443102650942731}}, "hf_method_fallback": "standard", "generation_time_s": 1.743, "timestamp": "2026-03-10T21:55:01.735285+00:00", "formula_latex": "$\\mathrm{D_{2}}$"}}