{"n_qubits": 5, "qubits": [1, 2, 3, 4, 5], "fci_energy": -1.0525051304951878, "hf_energy": -0.9954626880602528, "CS_SRE": [0.34481269710487544, 0.3695587307108256, 0.38665829776979865, 0.39821000321789995, 0.405251604115966], "CS_energy": [-1.0398405664864705, -1.0447974573674876, -1.0501693557765777, -1.0511250194251434, -1.052505130495188], "overlaps": [0.9163583675973033, 0.9109055884625525, 0.9082541760982412, 0.9052239631099119, 0.9038109641690307], "solver": "scipy", "data": {"molecule_id": "D2_singlet_Dooh", "qubit_encoding": "JW", "unit": "Angstrom", "basis": "3-21g", "charge": 0, "multiplicity": 1, "spin": 0, "geometry": "H 0.0000000000 0.0000000000 -0.3707500000\nH 0.0000000000 0.0000000000 1.1122500000", "n_qubits": 8, "n_particles": {"total": 2, "alpha": 1, "beta": 1}, "hf_array": [1, 1, 0, 0, 0, 0, 0, 0], "hf_method": "pyscf.scf.hf_symm.SymAdaptedRHF", "convergence_threshold": 1e-06, "point_group": {"groupname": "Dooh", "topgroup": "Dooh"}, "alpha": 2.0, "calculated_properties": {"HF": {"energy": -0.9954626880602528, "converged": true}, "MP2": {"energy": -1.0251521686398226, "converged": null}, "CISD": {"energy": -1.0525051304951876, "converged": true}, "CCSD": {"energy": -1.0525051004197064, "converged": true, "t1_diagnostic": 0.019698581957433983}, "FCI": {"energy": -1.0525051304951878, "converged": true, "spin_matches_target": true, "multiplicity": 1.0, "oscillatory_converged": false, "oscillation_energy_change": null}}, "auxiliary_operators": {"number_operator": {"IIIIIIII": 4.0, "ZIIIIIII": -0.5, "IZIIIIII": -0.5, "IIZIIIII": -0.5, "IIIZIIII": -0.5, "IIIIZIII": -0.5, "IIIIIZII": -0.5, "IIIIIIZI": -0.5, "IIIIIIIZ": -0.5}, "N_alpha": {"IIIIIIII": 2.0, "ZIIIIIII": -0.5, "IIZIIIII": -0.5, "IIIIZIII": -0.5, "IIIIIIZI": -0.5}, "N_beta": {"IIIIIIII": 2.0, "IZIIIIII": -0.5, "IIIZIIII": -0.5, "IIIIIZII": -0.5, "IIIIIIIZ": -0.5}, "S^2_operator": {"IIIIIIII": 1.5, "ZZIIIIII": -0.375, "IIIIZZII": -0.375, "IIIIIIZZ": -0.375, "IIZZIIII": -0.375, "ZIIZIIII": -0.125, "ZIZIIIII": 0.125, "IIIIXYXY": 0.125, "IIIIXYYX": -0.125, "IIIIYYXX": 0.125, "IIIIYYYY": 0.125, "IIIIXXXX": 0.125, "IIIIXXYY": 0.125, "IIIIYXXY": -0.125, "IIIIYXYX": 0.125, "IIXYIIXY": 0.125, "IIXYIIYX": -0.125, "ZIIIZIII": 0.125, "ZIIIIZII": -0.125, "ZIIIIIZI": 0.125, "ZIIIIIIZ": -0.125, "IIIIZIIZ": -0.125, "IIIIZIZI": 0.125, "IIIZIIIZ": 0.125, "IIIZIIZI": -0.125, "IIIZIZII": 0.125, "IIIZZIII": -0.125, "IIZIIIIZ": -0.125, "IIYYIIXX": 0.125, "IIZIIIZI": 0.125, "IIZIZIII": 0.125, "IZIIIIIZ": 0.125, "IZIIIIZI": -0.125, "IZIIIZII": 0.125, "IZIIZIII": -0.125, "IZIZIIII": 0.125, "IZZIIIII": -0.125, "IIZIIZII": -0.125, "IIYYIIYY": 0.125, "IIXXIIXX": 0.125, "IIXXIIYY": 0.125, "XYIIYXII": -0.125, "YYIIXXII": 0.125, "YYIIYYII": 0.125, "XXIIXXII": 0.125, "XXIIYYII": 0.125, "YXIIXYII": -0.125, "YXIIYXII": 0.125, "XYXYIIII": 0.125, "XYYXIIII": -0.125, "YYXXIIII": 0.125, "YYYYIIII": 0.125, "XXXXIIII": 0.125, "XXYYIIII": 0.125, "YXXYIIII": -0.125, "YXYXIIII": 0.125, "XYIIXYII": 0.125, "IIIIIZZI": -0.125, "YXIIIIYX": 0.125, "XXIIIIYY": 0.125, "IIYXIIXY": -0.125, "IIYXIIYX": 0.125, "IIXYXYII": 0.125, "IIXYYXII": -0.125, "IIYYXXII": 0.125, "IIYYYYII": 0.125, "IIXXXXII": 0.125, "IIXXYYII": 0.125, "IIYXXYII": -0.125, "IIYXYXII": 0.125, "XYIIIIXY": 0.125, "XYIIIIYX": -0.125, "YYIIIIXX": 0.125, "YYIIIIYY": 0.125, "XXIIIIXX": 0.125, "YXIIIIXY": -0.125, "IIIIIZIZ": 0.125}, "UCCSD_operator": {"XYXXIIII": -0.03888567383828656, "YYXYIIII": -0.03888567383828656, "XXXYIIII": 0.03888567383828656, "YXXXIIII": -0.03888567383828656, "XXYXIIII": 0.03888567383828656, "YYYXIIII": -0.03888567383828656, "YXYYIIII": 0.03888567383828656, "XYYYIIII": 0.03888567383828656, "YZZZZZXI": 0.013928970716486294, "IYZZZZZX": 0.013928970716486294, "XZZZZZYI": -0.013928970716486294, "IXZZZZZY": -0.013928970716486294, "YYIYXIII": -0.007606232955726246, "YXIYYIII": 0.007606232955726246, "XYIYYIII": 0.007606232955726246, "YXIXXIII": -0.007606232955726246, "XYIXXIII": -0.007606232955726246, "XXIXYIII": 0.007606232955726246, "YYIXYIII": -0.007606232955726246, "XXIYXIII": 0.007606232955726246, "YYXZZYII": 0.007606232955726246, "XXYZZXII": -0.007606232955726246, "YYYZZXII": 0.007606232955726246, "XYYZZYII": -0.007606232955726246, "YXYZZYII": -0.007606232955726246, "XYXZZXII": 0.007606232955726246, "XXXZZYII": -0.007606232955726246, "YXXZZXII": 0.007606232955726246, "YXIIXXII": -0.002728720306127565, "YYIIXYII": -0.002728720306127565, "XXIIXYII": 0.002728720306127565, "XYIIXXII": -0.002728720306127565, "XYIIYYII": 0.002728720306127565, "YXIIYYII": 0.002728720306127565, "YYIIYXII": -0.002728720306127565, "XXIIYXII": 0.002728720306127565, "XXIIIIXY": 0.0019414505917718108, "XYIIIIXX": -0.0019414505917718108, "YXIIIIXX": -0.0019414505917718108, "XYIIIIYY": 0.0019414505917718108, "YXIIIIYY": 0.0019414505917718108, "YYIIIIYX": -0.0019414505917718108, "XXIIIIYX": 0.0019414505917718108, "YYIIIIXY": -0.0019414505917718108}}, "hf_method_fallback": "standard", "generation_time_s": 2.069, "timestamp": "2026-03-10T21:55:03.818921+00:00", "formula_latex": "$\\mathrm{D_{2}}$"}}