{"n_qubits": 5, "qubits": [1, 2, 3, 4, 5], "fci_energy": -1.1425060940233012, "hf_energy": -1.1190645762947398, "CS_SRE": [0.024191347325053597, 0.03955598097546239, 0.052213318970989464, 0.06950519874461517, 0.06978099600866097], "CS_energy": [-1.1243617195993194, -1.130681670751654, -1.134229053068713, -1.1424680000899012, -1.142506094023301], "overlaps": [0.9957533509749015, 0.9930826417017503, 0.9908790309045054, 0.9878927721510965, 0.9878459533197326], "solver": "scipy", "data": {"molecule_id": "D2_singlet_Dooh", "qubit_encoding": "JW", "unit": "Angstrom", "basis": "3-21g", "charge": 0, "multiplicity": 1, "spin": 0, "geometry": "H 0.0000000000 0.0000000000 0.0370750000\nH 0.0000000000 0.0000000000 0.7044250000", "n_qubits": 8, "n_particles": {"total": 2, "alpha": 1, "beta": 1}, "hf_array": [1, 1, 0, 0, 0, 0, 0, 0], "hf_method": "pyscf.scf.hf_symm.SymAdaptedRHF", "convergence_threshold": 1e-06, "point_group": {"groupname": "Dooh", "topgroup": "Dooh"}, "alpha": 0.9, "calculated_properties": {"HF": {"energy": -1.1190645762947398, "converged": true}, "MP2": {"energy": -1.135706529602526, "converged": null}, "CISD": {"energy": -1.1425060940225522, "converged": true}, "CCSD": {"energy": -1.1425060964631921, "converged": true, "t1_diagnostic": 0.0028659598912077725}, "FCI": {"energy": -1.1425060940233012, "converged": true, "spin_matches_target": true, "multiplicity": 1.0000000000000007, "oscillatory_converged": false, "oscillation_energy_change": null}}, "auxiliary_operators": {"number_operator": {"IIIIIIII": 4.0, "ZIIIIIII": -0.5, "IZIIIIII": -0.5, "IIZIIIII": -0.5, "IIIZIIII": -0.5, "IIIIZIII": -0.5, "IIIIIZII": -0.5, "IIIIIIZI": -0.5, "IIIIIIIZ": -0.5}, "N_alpha": {"IIIIIIII": 2.0, "ZIIIIIII": -0.5, "IIZIIIII": -0.5, "IIIIZIII": -0.5, "IIIIIIZI": -0.5}, "N_beta": {"IIIIIIII": 2.0, "IZIIIIII": -0.5, "IIIZIIII": -0.5, "IIIIIZII": -0.5, "IIIIIIIZ": -0.5}, "S^2_operator": {"IIIIIIII": 1.5, "ZZIIIIII": -0.375, "IIIIZZII": -0.375, "IIIIIIZZ": -0.375, "IIZZIIII": -0.375, "ZIIZIIII": -0.125, "ZIZIIIII": 0.125, "IIIIXYXY": 0.125, "IIIIXYYX": -0.125, "IIIIYYXX": 0.125, "IIIIYYYY": 0.125, "IIIIXXXX": 0.125, "IIIIXXYY": 0.125, "IIIIYXXY": -0.125, "IIIIYXYX": 0.125, "IIXYIIXY": 0.125, "IIXYIIYX": -0.125, "ZIIIZIII": 0.125, "ZIIIIZII": -0.125, "ZIIIIIZI": 0.125, "ZIIIIIIZ": -0.125, "IIIIZIIZ": -0.125, "IIIIZIZI": 0.125, "IIIZIIIZ": 0.125, "IIIZIIZI": -0.125, "IIIZIZII": 0.125, "IIIZZIII": -0.125, "IIZIIIIZ": -0.125, "IIYYIIXX": 0.125, "IIZIIIZI": 0.125, "IIZIZIII": 0.125, "IZIIIIIZ": 0.125, "IZIIIIZI": -0.125, "IZIIIZII": 0.125, "IZIIZIII": -0.125, "IZIZIIII": 0.125, "IZZIIIII": -0.125, "IIZIIZII": -0.125, "IIYYIIYY": 0.125, "IIXXIIXX": 0.125, "IIXXIIYY": 0.125, "XYIIYXII": -0.125, "YYIIXXII": 0.125, "YYIIYYII": 0.125, "XXIIXXII": 0.125, "XXIIYYII": 0.125, "YXIIXYII": -0.125, "YXIIYXII": 0.125, "XYXYIIII": 0.125, "XYYXIIII": -0.125, "YYXXIIII": 0.125, "YYYYIIII": 0.125, "XXXXIIII": 0.125, "XXYYIIII": 0.125, "YXXYIIII": -0.125, "YXYXIIII": 0.125, "XYIIXYII": 0.125, "IIIIIZZI": -0.125, "YXIIIIYX": 0.125, "XXIIIIYY": 0.125, "IIYXIIXY": -0.125, "IIYXIIYX": 0.125, "IIXYXYII": 0.125, "IIXYYXII": -0.125, "IIYYXXII": 0.125, "IIYYYYII": 0.125, "IIXXXXII": 0.125, "IIXXYYII": 0.125, "IIYXXYII": -0.125, "IIYXYXII": 0.125, "XYIIIIXY": 0.125, "XYIIIIYX": -0.125, "YYIIIIXX": 0.125, "YYIIIIYY": 0.125, "XXIIIIXX": 0.125, "YXIIIIXY": -0.125, "IIIIIZIZ": 0.125}, "UCCSD_operator": {"XXXYIIII": 0.008814379020736363, "YYXYIIII": -0.008814379020736363, "XYXXIIII": -0.008814379020736363, "YXXXIIII": -0.008814379020736363, "XYYYIIII": 0.008814379020736363, "YXYYIIII": 0.008814379020736363, "YYYXIIII": -0.008814379020736363, "XXYXIIII": 0.008814379020736363, "XXIIYXII": 0.006444069705772139, "YYIIYXII": -0.006444069705772139, "YXIIYYII": 0.006444069705772139, "XYIIYYII": 0.006444069705772139, "YXIIXXII": -0.006444069705772139, "YYIIXYII": -0.006444069705772139, "XXIIXYII": 0.006444069705772139, "XYIIXXII": -0.006444069705772139, "XYIYZZYI": 0.004994021491839815, "YXIXZZXI": -0.004994021491839815, "XYIXZZXI": -0.004994021491839815, "XXIXZZYI": 0.004994021491839815, "YYIXZZYI": -0.004994021491839815, "XXXZZZZY": -0.004994021491839815, "XXYZZZZX": -0.004994021491839815, "YYYZZZZX": 0.004994021491839815, "YXYZZZZY": -0.004994021491839815, "YXIYZZYI": 0.004994021491839815, "XYYZZZZY": -0.004994021491839815, "YXXZZZZX": 0.004994021491839815, "XYXZZZZX": 0.004994021491839815, "YYXZZZZY": 0.004994021491839815, "XXIYZZXI": 0.004994021491839815, "YYIYZZXI": -0.004994021491839815, "XXIIIIXY": 0.004759924343211899, "XYIIIIXX": -0.004759924343211899, "YXIIIIXX": -0.004759924343211899, "XYIIIIYY": 0.004759924343211899, "YXIIIIYY": 0.004759924343211899, "XXIIIIYX": 0.004759924343211899, "YYIIIIXY": -0.004759924343211899, "YYIIIIYX": -0.004759924343211899, "IXZZZYII": -0.002026493169341185, "IYZZZXII": 0.002026493169341185, "XZZZYIII": -0.002026493169341185, "YZZZXIII": 0.002026493169341185}}, "hf_method_fallback": "standard", "generation_time_s": 3.205, "timestamp": "2026-03-10T21:55:13.113336+00:00", "formula_latex": "$\\mathrm{D_{2}}$"}}