{"n_qubits": 5, "qubits": [1, 2, 3, 4, 5], "fci_energy": -1.1478314426079568, "hf_energy": -1.1229273695137163, "CS_SRE": [0.034585546716028766, 0.04769769328028071, 0.0632276887947947, 0.08214601568794479, 0.08282336509598853], "CS_energy": [-1.1299146712094643, -1.1355659149624115, -1.1395428301235224, -1.1477528549336706, -1.147831442607957], "overlaps": [0.993893412270024, 0.9916268206973383, 0.9889120817833819, 0.9856414487502543, 0.9855259418503], "solver": "scipy", "data": {"molecule_id": "D2_singlet_Dooh", "qubit_encoding": "JW", "unit": "Angstrom", "basis": "3-21g", "charge": 0, "multiplicity": 1, "spin": 0, "geometry": "H 0.0000000000 0.0000000000 0.0000000000\nH 0.0000000000 0.0000000000 0.7415000000", "n_qubits": 8, "n_particles": {"total": 2, "alpha": 1, "beta": 1}, "hf_array": [1, 1, 0, 0, 0, 0, 0, 0], "hf_method": "pyscf.scf.hf_symm.SymAdaptedRHF", "convergence_threshold": 1e-06, "point_group": {"groupname": "Dooh", "topgroup": "Dooh"}, "alpha": 1.0, "calculated_properties": {"HF": {"energy": -1.1229273695137163, "converged": true}, "MP2": {"energy": -1.1402545064400695, "converged": null}, "CISD": {"energy": -1.1478314426079583, "converged": true}, "CCSD": {"energy": -1.1478316181604566, "converged": true, "t1_diagnostic": 0.004096841494314729}, "FCI": {"energy": -1.1478314426079568, "converged": true, "spin_matches_target": true, "multiplicity": 1.0, "oscillatory_converged": false, "oscillation_energy_change": null}}, "auxiliary_operators": {"number_operator": {"IIIIIIII": 4.0, "ZIIIIIII": -0.5, "IZIIIIII": -0.5, "IIZIIIII": -0.5, "IIIZIIII": -0.5, "IIIIZIII": -0.5, "IIIIIZII": -0.5, "IIIIIIZI": -0.5, "IIIIIIIZ": -0.5}, "N_alpha": {"IIIIIIII": 2.0, "ZIIIIIII": -0.5, "IIZIIIII": -0.5, "IIIIZIII": -0.5, "IIIIIIZI": -0.5}, "N_beta": {"IIIIIIII": 2.0, "IZIIIIII": -0.5, "IIIZIIII": -0.5, "IIIIIZII": -0.5, "IIIIIIIZ": -0.5}, "S^2_operator": {"IIIIIIII": 1.5, "ZZIIIIII": -0.375, "IIIIZZII": -0.375, "IIIIIIZZ": -0.375, "IIZZIIII": -0.375, "ZIIZIIII": -0.125, "ZIZIIIII": 0.125, "IIIIXYXY": 0.125, "IIIIXYYX": -0.125, "IIIIYYXX": 0.125, "IIIIYYYY": 0.125, "IIIIXXXX": 0.125, "IIIIXXYY": 0.125, "IIIIYXXY": -0.125, "IIIIYXYX": 0.125, "IIXYIIXY": 0.125, "IIXYIIYX": -0.125, "ZIIIZIII": 0.125, "ZIIIIZII": -0.125, "ZIIIIIZI": 0.125, "ZIIIIIIZ": -0.125, "IIIIZIIZ": -0.125, "IIIIZIZI": 0.125, "IIIZIIIZ": 0.125, "IIIZIIZI": -0.125, "IIIZIZII": 0.125, "IIIZZIII": -0.125, "IIZIIIIZ": -0.125, "IIYYIIXX": 0.125, "IIZIIIZI": 0.125, "IIZIZIII": 0.125, "IZIIIIIZ": 0.125, "IZIIIIZI": -0.125, "IZIIIZII": 0.125, "IZIIZIII": -0.125, "IZIZIIII": 0.125, "IZZIIIII": -0.125, "IIZIIZII": -0.125, "IIYYIIYY": 0.125, "IIXXIIXX": 0.125, "IIXXIIYY": 0.125, "XYIIYXII": -0.125, "YYIIXXII": 0.125, "YYIIYYII": 0.125, "XXIIXXII": 0.125, "XXIIYYII": 0.125, "YXIIXYII": -0.125, "YXIIYXII": 0.125, "XYXYIIII": 0.125, "XYYXIIII": -0.125, "YYXXIIII": 0.125, "YYYYIIII": 0.125, "XXXXIIII": 0.125, "XXYYIIII": 0.125, "YXXYIIII": -0.125, "YXYXIIII": 0.125, "XYIIXYII": 0.125, "IIIIIZZI": -0.125, "YXIIIIYX": 0.125, "XXIIIIYY": 0.125, "IIYXIIXY": -0.125, "IIYXIIYX": 0.125, "IIXYXYII": 0.125, "IIXYYXII": -0.125, "IIYYXXII": 0.125, "IIYYYYII": 0.125, "IIXXXXII": 0.125, "IIXXYYII": 0.125, "IIYXXYII": -0.125, "IIYXYXII": 0.125, "XYIIIIXY": 0.125, "XYIIIIYX": -0.125, "YYIIIIXX": 0.125, "YYIIIIYY": 0.125, "XXIIIIXX": 0.125, "YXIIIIXY": -0.125, "IIIIIZIZ": 0.125}, "UCCSD_operator": {"XXXYIIII": 0.010543953863890045, "YYXYIIII": -0.010543953863890045, "XYXXIIII": -0.010543953863890045, "YXXXIIII": -0.010543953863890045, "XYYYIIII": 0.010543953863890045, "YXYYIIII": 0.010543953863890045, "YYYXIIII": -0.010543953863890045, "XXYXIIII": 0.010543953863890045, "XXIIYXII": 0.005968439867347302, "YYIIYXII": -0.005968439867347302, "YXIIYYII": 0.005968439867347302, "XYIIYYII": 0.005968439867347302, "YXIIXXII": -0.005968439867347302, "YYIIXYII": -0.005968439867347302, "XXIIXYII": 0.005968439867347302, "XYIIXXII": -0.005968439867347302, "XYIYZZYI": 0.0054478757179617044, "YXIXZZXI": -0.0054478757179617044, "XYIXZZXI": -0.0054478757179617044, "XXIXZZYI": 0.0054478757179617044, "YYIXZZYI": -0.0054478757179617044, "XXXZZZZY": -0.0054478757179617044, "XXYZZZZX": -0.0054478757179617044, "YYYZZZZX": 0.0054478757179617044, "YXYZZZZY": -0.0054478757179617044, "YXIYZZYI": 0.0054478757179617044, "XYYZZZZY": -0.0054478757179617044, "YXXZZZZX": 0.0054478757179617044, "XYXZZZZX": 0.0054478757179617044, "YYXZZZZY": 0.0054478757179617044, "XXIYZZXI": 0.0054478757179617044, "YYIYZZXI": -0.0054478757179617044, "XXIIIIXY": 0.004725263917596409, "XYIIIIXX": -0.004725263917596409, "YXIIIIXX": -0.004725263917596409, "XYIIIIYY": 0.004725263917596409, "YXIIIIYY": 0.004725263917596409, "XXIIIIYX": 0.004725263917596409, "YYIIIIXY": -0.004725263917596409, "YYIIIIYX": -0.004725263917596409, "IXZZZYII": -0.0028969044020765553, "IYZZZXII": 0.0028969044020765553, "XZZZYIII": -0.0028969044020765553, "YZZZXIII": 0.0028969044020765553}}, "hf_method_fallback": "standard", "generation_time_s": 1.519, "timestamp": "2026-03-10T21:54:58.430092+00:00", "formula_latex": "$\\mathrm{D_{2}}$"}}