{"n_qubits": 5, "qubits": [1, 2, 3, 4, 5], "fci_energy": -1.0019410423456803, "hf_energy": -0.87727940737738, "CS_SRE": [0.23849765084973867, 0.25380421614011195, 0.26819269631795695, 0.2731884172847122, 0.27766312426769335], "CS_energy": [-0.9906429426892526, -0.9934403735644266, -0.9959903250774327, -0.9990701495323946, -1.0019410423456818], "overlaps": [0.7165328825202797, 0.7172619688891874, 0.7190196582773, 0.708610186867805, 0.6994505313023298], "solver": "scipy", "data": {"molecule_id": "D2_singlet_Dooh", "qubit_encoding": "JW", "unit": "Angstrom", "basis": "3-21g", "charge": 0, "multiplicity": 1, "spin": 0, "geometry": "H 0.0000000000 0.0000000000 -0.7415000000\nH 0.0000000000 0.0000000000 1.4830000000", "n_qubits": 8, "n_particles": {"total": 2, "alpha": 1, "beta": 1}, "hf_array": [1, 1, 0, 0, 0, 0, 0, 0], "hf_method": "pyscf.scf.hf_symm.SymAdaptedRHF", "convergence_threshold": 1e-06, "point_group": {"groupname": "Dooh", "topgroup": "Dooh"}, "alpha": 3.0, "calculated_properties": {"HF": {"energy": -0.87727940737738, "converged": true}, "MP2": {"energy": -0.9367628543174815, "converged": null}, "CISD": {"energy": -1.0019410423456807, "converged": true}, "CCSD": {"energy": -1.001941041981353, "converged": true, "t1_diagnostic": 0.04172844937753729}, "FCI": {"energy": -1.0019410423456803, "converged": true, "spin_matches_target": true, "multiplicity": 1.0, "oscillatory_converged": false, "oscillation_energy_change": null}}, "auxiliary_operators": {"number_operator": {"IIIIIIII": 4.0, "ZIIIIIII": -0.5, "IZIIIIII": -0.5, "IIZIIIII": -0.5, "IIIZIIII": -0.5, "IIIIZIII": -0.5, "IIIIIZII": -0.5, "IIIIIIZI": -0.5, "IIIIIIIZ": -0.5}, "N_alpha": {"IIIIIIII": 2.0, "ZIIIIIII": -0.5, "IIZIIIII": -0.5, "IIIIZIII": -0.5, "IIIIIIZI": -0.5}, "N_beta": {"IIIIIIII": 2.0, "IZIIIIII": -0.5, "IIIZIIII": -0.5, "IIIIIZII": -0.5, "IIIIIIIZ": -0.5}, "S^2_operator": {"IIIIIIII": 1.5, "ZZIIIIII": -0.375, "IIIIZZII": -0.375, "IIIIIIZZ": -0.375, "IIZZIIII": -0.375, "ZIIZIIII": -0.125, "ZIZIIIII": 0.125, "IIIIXYXY": 0.125, "IIIIXYYX": -0.125, "IIIIYYXX": 0.125, "IIIIYYYY": 0.125, "IIIIXXXX": 0.125, "IIIIXXYY": 0.125, "IIIIYXXY": -0.125, "IIIIYXYX": 0.125, "IIXYIIXY": 0.125, "IIXYIIYX": -0.125, "ZIIIZIII": 0.125, "ZIIIIZII": -0.125, "ZIIIIIZI": 0.125, "ZIIIIIIZ": -0.125, "IIIIZIIZ": -0.125, "IIIIZIZI": 0.125, "IIIZIIIZ": 0.125, "IIIZIIZI": -0.125, "IIIZIZII": 0.125, "IIIZZIII": -0.125, "IIZIIIIZ": -0.125, "IIYYIIXX": 0.125, "IIZIIIZI": 0.125, "IIZIZIII": 0.125, "IZIIIIIZ": 0.125, "IZIIIIZI": -0.125, "IZIIIZII": 0.125, "IZIIZIII": -0.125, "IZIZIIII": 0.125, "IZZIIIII": -0.125, "IIZIIZII": -0.125, "IIYYIIYY": 0.125, "IIXXIIXX": 0.125, "IIXXIIYY": 0.125, "XYIIYXII": -0.125, "YYIIXXII": 0.125, "YYIIYYII": 0.125, "XXIIXXII": 0.125, "XXIIYYII": 0.125, "YXIIXYII": -0.125, "YXIIYXII": 0.125, "XYXYIIII": 0.125, "XYYXIIII": -0.125, "YYXXIIII": 0.125, "YYYYIIII": 0.125, "XXXXIIII": 0.125, "XXYYIIII": 0.125, "YXXYIIII": -0.125, "YXYXIIII": 0.125, "XYIIXYII": 0.125, "IIIIIZZI": -0.125, "YXIIIIYX": 0.125, "XXIIIIYY": 0.125, "IIYXIIXY": -0.125, "IIYXIIYX": 0.125, "IIXYXYII": 0.125, "IIXYYXII": -0.125, "IIYYXXII": 0.125, "IIYYYYII": 0.125, "IIXXXXII": 0.125, "IIXXYYII": 0.125, "IIYXXYII": -0.125, "IIYXYXII": 0.125, "XYIIIIXY": 0.125, "XYIIIIYX": -0.125, "YYIIIIXX": 0.125, "YYIIIIYY": 0.125, "XXIIIIXX": 0.125, "YXIIIIXY": -0.125, "IIIIIZIZ": 0.125}, "UCCSD_operator": {"XYXXIIII": -0.08056576500384238, "YYXYIIII": -0.08056576500384238, "XXXYIIII": 0.08056576500384238, "YXXXIIII": -0.08056576500384238, "XXYXIIII": 0.08056576500384238, "YYYXIIII": -0.08056576500384238, "YXYYIIII": 0.08056576500384238, "XYYYIIII": 0.08056576500384238, "YZZZXIII": 0.029506477959162124, "IYZZZXII": 0.029506477959162124, "XZZZYIII": -0.029506477959162124, "IXZZZYII": -0.029506477959162124, "YYIYZZXI": 0.007515676025469714, "YXIYZZYI": -0.007515676025469714, "XYIYZZYI": -0.007515676025469714, "YXIXZZXI": 0.007515676025469714, "XYIXZZXI": 0.007515676025469714, "XXIXZZYI": -0.007515676025469714, "YYIXZZYI": 0.007515676025469714, "XXIYZZXI": -0.007515676025469714, "YYXZZZZY": -0.007515676025469714, "YYYZZZZX": -0.007515676025469714, "YXYZZZZY": 0.007515676025469714, "XXYZZZZX": 0.007515676025469714, "YXXZZZZX": -0.007515676025469714, "XYXZZZZX": -0.007515676025469714, "XXXZZZZY": 0.007515676025469714, "XYYZZZZY": 0.007515676025469714, "YYIIIIYX": -0.0011291670924401377, "YXIIIIYY": 0.0011291670924401377, "YXIIIIXX": -0.0011291670924401377, "XYIIIIXX": -0.0011291670924401377, "XXIIIIYX": 0.0011291670924401377, "XXIIIIXY": 0.0011291670924401377, "XYIIIIYY": 0.0011291670924401377, "YYIIIIXY": -0.0011291670924401377, "XXIIYXII": 0.0006504971662487573, "YYIIYXII": -0.0006504971662487573, "YXIIYYII": 0.0006504971662487573, "YYIIXYII": -0.0006504971662487573, "YXIIXXII": -0.0006504971662487573, "XYIIXXII": -0.0006504971662487573, "XXIIXYII": 0.0006504971662487573, "XYIIYYII": 0.0006504971662487573}}, "hf_method_fallback": "standard", "generation_time_s": 2.775, "timestamp": "2026-03-10T21:55:09.875075+00:00", "formula_latex": "$\\mathrm{D_{2}}$"}}