{"n_qubits": 5, "qubits": [1, 2, 3, 4, 5], "fci_energy": -1.0859755994200218, "hf_energy": -1.065217226507311, "CS_SRE": [0.020414646905259314, 0.030011362744299518, 0.03561413044785906, 0.051077414631866935, 0.05106773179742308], "CS_energy": [-1.0728096311936797, -1.0754511399716435, -1.0806638350217743, -1.0859744308230734, -1.0859755994200255], "overlaps": [0.9964237397636081, 0.9947596883203758, 0.9937947967520782, 0.9911191139515684, 0.991120895690314], "solver": "scipy", "data": {"molecule_id": "D2_singlet_Dooh", "qubit_encoding": "JW", "unit": "Angstrom", "basis": "3-21g", "charge": 0, "multiplicity": 1, "spin": 0, "geometry": "H 0.0000000000 0.0000000000 0.1112250000\nH 0.0000000000 0.0000000000 0.6302750000", "n_qubits": 8, "n_particles": {"total": 2, "alpha": 1, "beta": 1}, "hf_array": [1, 1, 0, 0, 0, 0, 0, 0], "hf_method": "pyscf.scf.hf_symm.SymAdaptedRHF", "convergence_threshold": 1e-06, "point_group": {"groupname": "Dooh", "topgroup": "Dooh"}, "alpha": 0.7, "calculated_properties": {"HF": {"energy": -1.065217226507311, "converged": true}, "MP2": {"energy": -1.080433981870379, "converged": null}, "CISD": {"energy": -1.0859755994200175, "converged": true}, "CCSD": {"energy": -1.0859755854131086, "converged": true, "t1_diagnostic": 0.0005056970417591424}, "FCI": {"energy": -1.0859755994200218, "converged": true, "spin_matches_target": true, "multiplicity": 0.9999999999999998, "oscillatory_converged": false, "oscillation_energy_change": null}}, "auxiliary_operators": {"number_operator": {"IIIIIIII": 4.0, "ZIIIIIII": -0.5, "IZIIIIII": -0.5, "IIZIIIII": -0.5, "IIIZIIII": -0.5, "IIIIZIII": -0.5, "IIIIIZII": -0.5, "IIIIIIZI": -0.5, "IIIIIIIZ": -0.5}, "N_alpha": {"IIIIIIII": 2.0, "ZIIIIIII": -0.5, "IIZIIIII": -0.5, "IIIIZIII": -0.5, "IIIIIIZI": -0.5}, "N_beta": {"IIIIIIII": 2.0, "IZIIIIII": -0.5, "IIIZIIII": -0.5, "IIIIIZII": -0.5, "IIIIIIIZ": -0.5}, "S^2_operator": {"IIIIIIII": 1.5, "ZZIIIIII": -0.375, "IIIIZZII": -0.375, "IIIIIIZZ": -0.375, "IIZZIIII": -0.375, "ZIIZIIII": -0.125, "ZIZIIIII": 0.125, "IIIIXYXY": 0.125, "IIIIXYYX": -0.125, "IIIIYYXX": 0.125, "IIIIYYYY": 0.125, "IIIIXXXX": 0.125, "IIIIXXYY": 0.125, "IIIIYXXY": -0.125, "IIIIYXYX": 0.125, "IIXYIIXY": 0.125, "IIXYIIYX": -0.125, "ZIIIZIII": 0.125, "ZIIIIZII": -0.125, "ZIIIIIZI": 0.125, "ZIIIIIIZ": -0.125, "IIIIZIIZ": -0.125, "IIIIZIZI": 0.125, "IIIZIIIZ": 0.125, "IIIZIIZI": -0.125, "IIIZIZII": 0.125, "IIIZZIII": -0.125, "IIZIIIIZ": -0.125, "IIYYIIXX": 0.125, "IIZIIIZI": 0.125, "IIZIZIII": 0.125, "IZIIIIIZ": 0.125, "IZIIIIZI": -0.125, "IZIIIZII": 0.125, "IZIIZIII": -0.125, "IZIZIIII": 0.125, "IZZIIIII": -0.125, "IIZIIZII": -0.125, "IIYYIIYY": 0.125, "IIXXIIXX": 0.125, "IIXXIIYY": 0.125, "XYIIYXII": -0.125, "YYIIXXII": 0.125, "YYIIYYII": 0.125, "XXIIXXII": 0.125, "XXIIYYII": 0.125, "YXIIXYII": -0.125, "YXIIYXII": 0.125, "XYXYIIII": 0.125, "XYYXIIII": -0.125, "YYXXIIII": 0.125, "YYYYIIII": 0.125, "XXXXIIII": 0.125, "XXYYIIII": 0.125, "YXXYIIII": -0.125, "YXYXIIII": 0.125, "XYIIXYII": 0.125, "IIIIIZZI": -0.125, "YXIIIIYX": 0.125, "XXIIIIYY": 0.125, "IIYXIIXY": -0.125, "IIYXIIYX": 0.125, "IIXYXYII": 0.125, "IIXYYXII": -0.125, "IIYYXXII": 0.125, "IIYYYYII": 0.125, "IIXXXXII": 0.125, "IIXXYYII": 0.125, "IIYXXYII": -0.125, "IIYXYXII": 0.125, "XYIIIIXY": 0.125, "XYIIIIYX": -0.125, "YYIIIIXX": 0.125, "YYIIIIYY": 0.125, "XXIIIIXX": 0.125, "YXIIIIXY": -0.125, "IIIIIZIZ": 0.125}, "UCCSD_operator": {"XXIIXYII": 0.007142527256411155, "YYIIXYII": -0.007142527256411155, "XYIIYYII": 0.007142527256411155, "YXIIXXII": -0.007142527256411155, "XYIIXXII": -0.007142527256411155, "YXIIYYII": 0.007142527256411155, "YYIIYXII": -0.007142527256411155, "XXIIYXII": 0.007142527256411155, "XXXYIIII": 0.005977816452870221, "YYXYIIII": -0.005977816452870221, "YXXXIIII": -0.005977816452870221, "XYYYIIII": 0.005977816452870221, "YXYYIIII": 0.005977816452870221, "YYYXIIII": -0.005977816452870221, "XXYXIIII": 0.005977816452870221, "XYXXIIII": -0.005977816452870221, "YYIIIIXY": -0.004603234342210296, "XXIIIIYX": 0.004603234342210296, "XXIIIIXY": 0.004603234342210296, "XYIIIIXX": -0.004603234342210296, "YXIIIIXX": -0.004603234342210296, "YXIIIIYY": 0.004603234342210296, "YYIIIIYX": -0.004603234342210296, "XYIIIIYY": 0.004603234342210296, "XXIXZZYI": 0.0040014906656257055, "YYIXZZYI": -0.0040014906656257055, "XXYZZZZX": -0.0040014906656257055, "YYYZZZZX": 0.0040014906656257055, "YXYZZZZY": -0.0040014906656257055, "XYYZZZZY": -0.0040014906656257055, "XYIXZZXI": -0.0040014906656257055, "XYXZZZZX": 0.0040014906656257055, "YXXZZZZX": 0.0040014906656257055, "XXXZZZZY": -0.0040014906656257055, "XYIYZZYI": 0.0040014906656257055, "YXIXZZXI": -0.0040014906656257055, "YYIYZZXI": -0.0040014906656257055, "XXIYZZXI": 0.0040014906656257055, "YYXZZZZY": 0.0040014906656257055, "YXIYZZYI": 0.0040014906656257055, "IXZZZYII": -0.00035747498423218033, "IYZZZXII": 0.00035747498423218033, "XZZZYIII": -0.00035747498423218033, "YZZZXIII": 0.00035747498423218033}}, "hf_method_fallback": "standard", "generation_time_s": 2.323, "timestamp": "2026-03-10T21:55:17.684465+00:00", "formula_latex": "$\\mathrm{D_{2}}$"}}