{"n_qubits": 5, "qubits": [1, 2, 3, 4, 5], "fci_energy": -1.0182649125756051, "hf_energy": -0.9301453099580752, "CS_SRE": [0.40106680551355856, 0.4161940528491109, 0.4300974861356063, 0.43920688717255024, 0.44734299431721397], "CS_energy": [-1.0068383576950761, -1.010645032425663, -1.014290915477574, -1.0162921214112142, -1.0182649125756082], "overlaps": [0.821935996282615, 0.8195371370491605, 0.8194460576511589, 0.81229737352996, 0.8069200494568126], "solver": "scipy", "data": {"molecule_id": "D2_singlet_Dooh", "qubit_encoding": "JW", "unit": "Angstrom", "basis": "3-21g", "charge": 0, "multiplicity": 1, "spin": 0, "geometry": "H 0.0000000000 0.0000000000 -0.5561250000\nH 0.0000000000 0.0000000000 1.2976250000", "n_qubits": 8, "n_particles": {"total": 2, "alpha": 1, "beta": 1}, "hf_array": [1, 1, 0, 0, 0, 0, 0, 0], "hf_method": "pyscf.scf.hf_symm.SymAdaptedRHF", "convergence_threshold": 1e-06, "point_group": {"groupname": "Dooh", "topgroup": "Dooh"}, "alpha": 2.5, "calculated_properties": {"HF": {"energy": -0.9301453099580752, "converged": true}, "MP2": {"energy": -0.972156791057065, "converged": null}, "CISD": {"energy": -1.0182649125756051, "converged": true}, "CCSD": {"energy": -1.0182649103925479, "converged": true, "t1_diagnostic": 0.030888787427169787}, "FCI": {"energy": -1.0182649125756051, "converged": true, "spin_matches_target": true, "multiplicity": 1.0000000000000007, "oscillatory_converged": false, "oscillation_energy_change": null}}, "auxiliary_operators": {"number_operator": {"IIIIIIII": 4.0, "ZIIIIIII": -0.5, "IZIIIIII": -0.5, "IIZIIIII": -0.5, "IIIZIIII": -0.5, "IIIIZIII": -0.5, "IIIIIZII": -0.5, "IIIIIIZI": -0.5, "IIIIIIIZ": -0.5}, "N_alpha": {"IIIIIIII": 2.0, "ZIIIIIII": -0.5, "IIZIIIII": -0.5, "IIIIZIII": -0.5, "IIIIIIZI": -0.5}, "N_beta": {"IIIIIIII": 2.0, "IZIIIIII": -0.5, "IIIZIIII": -0.5, "IIIIIZII": -0.5, "IIIIIIIZ": -0.5}, "S^2_operator": {"IIIIIIII": 1.5, "ZZIIIIII": -0.375, "IIIIZZII": -0.375, "IIIIIIZZ": -0.375, "IIZZIIII": -0.375, "ZIIZIIII": -0.125, "ZIZIIIII": 0.125, "IIIIXYXY": 0.125, "IIIIXYYX": -0.125, "IIIIYYXX": 0.125, "IIIIYYYY": 0.125, "IIIIXXXX": 0.125, "IIIIXXYY": 0.125, "IIIIYXXY": -0.125, "IIIIYXYX": 0.125, "IIXYIIXY": 0.125, "IIXYIIYX": -0.125, "ZIIIZIII": 0.125, "ZIIIIZII": -0.125, "ZIIIIIZI": 0.125, "ZIIIIIIZ": -0.125, "IIIIZIIZ": -0.125, "IIIIZIZI": 0.125, "IIIZIIIZ": 0.125, "IIIZIIZI": -0.125, "IIIZIZII": 0.125, "IIIZZIII": -0.125, "IIZIIIIZ": -0.125, "IIYYIIXX": 0.125, "IIZIIIZI": 0.125, "IIZIZIII": 0.125, "IZIIIIIZ": 0.125, "IZIIIIZI": -0.125, "IZIIIZII": 0.125, "IZIIZIII": -0.125, "IZIZIIII": 0.125, "IZZIIIII": -0.125, "IIZIIZII": -0.125, "IIYYIIYY": 0.125, "IIXXIIXX": 0.125, "IIXXIIYY": 0.125, "XYIIYXII": -0.125, "YYIIXXII": 0.125, "YYIIYYII": 0.125, "XXIIXXII": 0.125, "XXIIYYII": 0.125, "YXIIXYII": -0.125, "YXIIYXII": 0.125, "XYXYIIII": 0.125, "XYYXIIII": -0.125, "YYXXIIII": 0.125, "YYYYIIII": 0.125, "XXXXIIII": 0.125, "XXYYIIII": 0.125, "YXXYIIII": -0.125, "YXYXIIII": 0.125, "XYIIXYII": 0.125, "IIIIIZZI": -0.125, "YXIIIIYX": 0.125, "XXIIIIYY": 0.125, "IIYXIIXY": -0.125, "IIYXIIYX": 0.125, "IIXYXYII": 0.125, "IIXYYXII": -0.125, "IIYYXXII": 0.125, "IIYYYYII": 0.125, "IIXXXXII": 0.125, "IIXXYYII": 0.125, "IIYXXYII": -0.125, "IIYXYXII": 0.125, "XYIIIIXY": 0.125, "XYIIIIYX": -0.125, "YYIIIIXX": 0.125, "YYIIIIYY": 0.125, "XXIIIIXX": 0.125, "YXIIIIXY": -0.125, "IIIIIZIZ": 0.125}, "UCCSD_operator": {"XYXXIIII": -0.05966397456224099, "YYXYIIII": -0.05966397456224099, "XXXYIIII": 0.05966397456224099, "YXXXIIII": -0.05966397456224099, "XXYXIIII": 0.05966397456224099, "YYYXIIII": -0.05966397456224099, "YXYYIIII": 0.05966397456224099, "XYYYIIII": 0.05966397456224099, "YZZZXIII": 0.021841661635751887, "IYZZZXII": 0.021841661635751887, "XZZZYIII": -0.021841661635751887, "IXZZZYII": -0.021841661635751887, "YYIYZZXI": -0.007597972308231751, "YXIYZZYI": 0.007597972308231751, "XYIYZZYI": 0.007597972308231751, "YXIXZZXI": -0.007597972308231751, "XYIXZZXI": -0.007597972308231751, "XXIXZZYI": 0.007597972308231751, "YYIXZZYI": -0.007597972308231751, "XXIYZZXI": 0.007597972308231751, "YYXZZZZY": 0.007597972308231751, "YYYZZZZX": 0.007597972308231751, "YXYZZZZY": -0.007597972308231751, "XXYZZZZX": -0.007597972308231751, "YXXZZZZX": 0.007597972308231751, "XYXZZZZX": 0.007597972308231751, "XXXZZZZY": -0.007597972308231751, "XYYZZZZY": -0.007597972308231751, "YYIIIIYX": -0.0017390318095113141, "YXIIIIYY": 0.0017390318095113141, "YXIIIIXX": -0.0017390318095113141, "XYIIIIXX": -0.0017390318095113141, "XXIIIIYX": 0.0017390318095113141, "XXIIIIXY": 0.0017390318095113141, "XYIIIIYY": 0.0017390318095113141, "YYIIIIXY": -0.0017390318095113141, "XXIIYXII": 0.0011590707958832635, "YYIIYXII": -0.0011590707958832635, "YXIIYYII": 0.0011590707958832635, "YYIIXYII": -0.0011590707958832635, "YXIIXXII": -0.0011590707958832635, "XYIIXXII": -0.0011590707958832635, "XXIIXYII": 0.0011590707958832635, "XYIIYYII": 0.0011590707958832635}}, "hf_method_fallback": "standard", "generation_time_s": 3.256, "timestamp": "2026-03-10T21:55:07.079312+00:00", "formula_latex": "$\\mathrm{D_{2}}$"}}