{
    "hamiltonian": {
        "IIIIIIIZ": -0.8649255592114578,
        "IIIIIIZI": -0.8649255592114578,
        "IIIIIZII": -0.8649255591769285,
        "IIIIZIII": -0.8649255591769284,
        "IIIIIIII": -0.3894135742254489,
        "IZIIIIII": 0.2834104512871181,
        "ZIIIIIII": 0.283410451287118,
        "IIZIIIII": 0.28341045127589226,
        "IIIZIIII": 0.2834104512758922,
        "IIZZIIII": 0.13916761214152112,
        "IZZIIIII": 0.13916761213869136,
        "ZIIZIIII": 0.13916761213869136,
        "ZZIIIIII": 0.13916761213586157,
        "IIIIZZII": 0.13539238225716815,
        "IIIIIZZI": 0.13539238225460706,
        "IIIIZIIZ": 0.13539238225460706,
        "IIIIIIZZ": 0.13539238225204595,
        "IIIZZIII": 0.1333525366979555,
        "IIZIIZII": 0.1333525366979555,
        "IIIZIIZI": 0.13335253669560554,
        "IIZIIIIZ": 0.13335253669560554,
        "ZIIIIZII": 0.13335253669493916,
        "IZIIZIII": 0.13335253669493916,
        "IZIIIIZI": 0.13335253669258917,
        "ZIIIIIIZ": 0.13335253669258917,
        "YXXYIIII": 0.11796660208580675,
        "YYXXIIII": -0.11796660208580675,
        "XXYYIIII": -0.11796660208580675,
        "XYYXIIII": 0.11796660208580675,
        "IIIIXXYY": -0.11419137220172239,
        "IIIIXYYX": 0.11419137220172239,
        "IIIIYYXX": -0.11419137220172239,
        "IIIIYXXY": 0.11419137220172239,
        "IXZXYZYI": 0.11215152664238771,
        "XZXIIYZY": 0.11215152664238771,
        "YZYIIXZX": 0.11215152664238771,
        "IYZYYZYI": 0.11215152664238771,
        "XZXIIXZX": 0.11215152664238771,
        "YZYIIYZY": 0.11215152664238771,
        "IYZYXZXI": 0.11215152664238771,
        "IXZXXZXI": 0.11215152664238771,
        "IIIZIIIZ": 0.10060323192217649,
        "IIZIIIZI": 0.10060323192217649,
        "ZIIIIIZI": 0.10060323192203925,
        "IZIIIIIZ": 0.10060323192203925,
        "IIZIZIII": 0.10060323192182184,
        "IIIZIZII": 0.10060323192182184,
        "ZIIIZIII": 0.1006032319216846,
        "IZIIIZII": 0.1006032319216846,
        "XZXIXZXI": 0.0794022218690459,
        "XZXIYZYI": 0.0794022218690459,
        "YZYIXZXI": 0.0794022218690459,
        "YZYIYZYI": 0.0794022218690459,
        "IXZXIXZX": 0.0794022218690459,
        "IYZYIXZX": 0.0794022218690459,
        "IYZYIYZY": 0.0794022218690459,
        "IXZXIYZY": 0.0794022218690459,
        "IIYZYYZY": 0.04297614098265631,
        "IIXZXXZX": 0.04297614098265631,
        "IIIYXXYI": 0.04297614098265631,
        "IIIYYXXI": -0.04297614098265631,
        "IIIXXYYI": -0.04297614098265631,
        "IIYZYXZX": 0.04297614098265631,
        "IIXZXYZY": 0.04297614098265631,
        "IIIXYYXI": 0.04297614098265631,
        "IXZZIXII": -0.04297614097990381,
        "YZZZYZII": -0.04297614097990381,
        "XZZZXZII": -0.04297614097990381,
        "IYZZIYII": -0.04297614097990381,
        "IIXZZIXI": -0.04297614097980715,
        "IIYZZIYI": -0.04297614097980715,
        "IIIYIZZY": -0.04297614097980715,
        "IIIXIZZX": -0.04297614097980715,
        "IXZZZXZI": -0.04297614097778224,
        "IYZZZYZI": -0.04297614097778224,
        "YZZZYIIZ": -0.04297614097778224,
        "XZZZXIIZ": -0.04297614097778224,
        "IIXZZZXZ": -0.04297614097768558,
        "IIIXZZIX": -0.04297614097768558,
        "IIIYZZIY": -0.04297614097768558,
        "IIYZZZYZ": -0.04297614097768558,
        "IXZZYIYX": -0.04297614097493307,
        "IXZZXIXX": -0.04297614097493307,
        "IYZZYIYY": -0.04297614097493307,
        "IYZZXIXY": -0.04297614097493307,
        "YZZZZXXY": 0.04297614097493307,
        "XZZZZYYX": 0.04297614097493307,
        "XZZZZXYY": -0.04297614097493307,
        "YZZZZYXX": -0.04297614097493307,
        "IXYYXIII": 0.03990453197182617,
        "IYXXYIII": 0.03990453197182617,
        "YZYYZYII": 0.03990453197182617,
        "YZYXZXII": 0.03990453197182617,
        "XZXYZYII": 0.03990453197182617,
        "XZXXZXII": 0.03990453197182617,
        "IXXYYIII": -0.03990453197182617,
        "IYYXXIII": -0.03990453197182617,
        "IXIZZXII": -0.03990453196919761,
        "IYIZZYII": -0.03990453196919761,
        "XZZIXIII": -0.03990453196919761,
        "YZZIYIII": -0.03990453196919761,
        "IIYIZZYI": -0.03990453196880988,
        "IIZXZZZX": -0.03990453196880988,
        "IIXIZZXI": -0.03990453196880988,
        "IIZYZZZY": -0.03990453196880988,
        "XIZZXIII": -0.039904531966968394,
        "ZYZZZYII": -0.039904531966968394,
        "YIZZYIII": -0.039904531966968394,
        "ZXZZZXII": -0.039904531966968394,
        "IZXZZZXI": -0.039904531966580656,
        "ZIIYZZZY": -0.039904531966580656,
        "ZIIXZZZX": -0.039904531966580656,
        "IZYZZZYI": -0.039904531966580656,
        "YYXZZZZX": -0.03990453196395209,
        "XYYZZZZX": 0.03990453196395209,
        "YXXZZZZY": 0.03990453196395209,
        "XXYZZZZY": -0.03990453196395209,
        "XXIXZZXI": -0.039904531963952085,
        "YYIYZZYI": -0.039904531963952085,
        "XYIYZZXI": -0.039904531963952085,
        "YXIXZZYI": -0.039904531963952085,
        "IIYXXYII": 0.032749304776133664,
        "IIYYXXII": -0.032749304776133664,
        "IIXXYYII": -0.032749304776133664,
        "IIXYYXII": 0.032749304776133664,
        "IIXXIIYY": -0.03274930477342906,
        "IIXYIIYX": 0.03274930477342906,
        "IIYXIIXY": 0.03274930477342906,
        "IIYYIIXX": -0.03274930477342906,
        "IXYIYZZX": -0.03274930477334181,
        "YZZYIYYI": -0.03274930477334181,
        "YZZXIXYI": -0.03274930477334181,
        "XZZXIXXI": -0.03274930477334181,
        "XZZYIYXI": -0.03274930477334181,
        "YZZXXZZY": 0.03274930477334181,
        "YZZYXZZX": -0.03274930477334181,
        "XZZYYZZX": 0.03274930477334181,
        "IYXIXZZY": -0.03274930477334181,
        "XZZXYZZY": -0.03274930477334181,
        "IXXIXZZX": -0.03274930477334181,
        "IYXIIXYI": 0.03274930477334181,
        "IYYIIXXI": -0.03274930477334181,
        "IXXIIYYI": -0.03274930477334181,
        "IXYIIYXI": 0.03274930477334181,
        "IYYIYZZY": -0.03274930477334181,
        "YXIIXYII": 0.03274930477325455,
        "YYIIXXII": -0.03274930477325455,
        "XXIIYYII": -0.03274930477325455,
        "XYIIYXII": 0.03274930477325455,
        "YYIIIIXX": -0.03274930477054994,
        "XYIIIIYX": 0.03274930477054994,
        "XXIIIIYY": -0.03274930477054994,
        "YXIIIIXY": 0.03274930477054994,
        "IIIIIZIZ": 0.021201010052884682,
        "IIIIZIZI": 0.021201010052884682,
        "IZIZIIII": 0.021201010052884633,
        "ZIZIIIII": 0.021201010052884633,
        "IIXZZZXI": 0.006143218031874393,
        "IIYZZZYI": 0.006143218031874393,
        "IIIXZZZX": 0.006143218031874363,
        "IIIYZZZY": 0.006143218031874363,
        "IXZZZXII": 0.006143218011817737,
        "IYZZZYII": 0.006143218011817737,
        "XZZZXIII": 0.006143218011817704,
        "YZZZYIII": 0.006143218011817704
    },
    "data": {
        "molecule_id": "He2_singlet_Dooh",
        "qubit_encoding": "JW",
        "unit": "Angstrom",
        "basis": "3-21g",
        "charge": 0,
        "multiplicity": 1,
        "spin": 0,
        "geometry": "He 3.1200000000 0.0000000000 0.0000000000\nHe -3.1200000000 0.0000000000 0.0000000000",
        "n_qubits": 8,
        "n_particles": {
            "total": 4,
            "alpha": 2,
            "beta": 2
        },
        "hf_array": [
            1,
            1,
            1,
            1,
            0,
            0,
            0,
            0
        ],
        "hf_method": "pyscf.scf.hf_symm.SymAdaptedRHF",
        "convergence_threshold": 1e-06,
        "point_group": {
            "groupname": "Dooh",
            "topgroup": "Dooh"
        },
        "alpha": 1.2,
        "calculated_properties": {
            "HF": {
                "energy": -5.671359747281134,
                "converged": true
            },
            "MP2": {
                "energy": -5.69435297408156,
                "converged": null
            },