{
    "hamiltonian": {
        "IIIIZIII": -0.8649255591941929,
        "IIIIIZII": -0.8649255591941928,
        "IIIIIIIZ": -0.8649255591941926,
        "IIIIIIZI": -0.8649255591941926,
        "IIIIIIII": -0.3894135742254543,
        "ZIIIIIII": 0.283410451281506,
        "IZIIIIII": 0.283410451281506,
        "IIZIIIII": 0.28341045128150566,
        "IIIZIIII": 0.28341045128150566,
        "IIZZIIII": 0.13704751113340033,
        "IZZIIIII": 0.13704751113339894,
        "ZIIZIIII": 0.13704751113339894,
        "ZZIIIIII": 0.13704751113339755,
        "IIIIZZII": 0.13327228124932416,
        "IIIIIZZI": 0.13327228124932278,
        "IIIIZIIZ": 0.13327228124932278,
        "IIIIIIZZ": 0.1332722812493214,
        "IIZIIZII": 0.13123243568998516,
        "IIIZZIII": 0.13123243568998516,
        "IIIZIIZI": 0.1312324356899838,
        "IIZIIIIZ": 0.1312324356899838,
        "IZIIZIII": 0.13123243568998366,
        "ZIIIIZII": 0.13123243568998366,
        "IZIIIIZI": 0.1312324356899823,
        "ZIIIIIIZ": 0.1312324356899823,
        "XYYXIIII": 0.12008670309109125,
        "YYXXIIII": -0.12008670309109125,
        "YXXYIIII": 0.12008670309109125,
        "XXYYIIII": -0.12008670309109125,
        "IIIIYXXY": 0.1163114732070152,
        "IIIIYYXX": -0.1163114732070152,
        "IIIIXXYY": -0.1163114732070152,
        "IIIIXYYX": 0.1163114732070152,
        "XZXIIXZX": 0.11427162764767604,
        "IXZXXZXI": 0.11427162764767604,
        "IYZYYZYI": 0.11427162764767604,
        "XZXIIYZY": 0.11427162764767604,
        "IYZYXZXI": 0.11427162764767604,
        "YZYIIXZX": 0.11427162764767604,
        "IXZXYZYI": 0.11427162764767604,
        "YZYIIYZY": 0.11427162764767604,
        "IIZIIIZI": 0.0984831309166421,
        "IIIZIIIZ": 0.0984831309166421,
        "IIZIZIII": 0.09848313091664208,
        "IIIZIZII": 0.09848313091664208,
        "IZIIIZII": 0.09848313091664207,
        "ZIIIZIII": 0.09848313091664207,
        "ZIIIIIZI": 0.09848313091664204,
        "IZIIIIIZ": 0.09848313091664204,
        "XZXIXZXI": 0.08152232287433439,
        "XZXIYZYI": 0.08152232287433439,
        "YZYIXZXI": 0.08152232287433439,
        "YZYIYZYI": 0.08152232287433439,
        "IXZXIXZX": 0.08152232287433439,
        "IXZXIYZY": 0.08152232287433439,
        "IYZYIYZY": 0.08152232287433439,
        "IYZYIXZX": 0.08152232287433439,
        "IIXZXXZX": 0.0429761409787982,
        "IIIYXXYI": 0.0429761409787982,
        "IIIYYXXI": -0.0429761409787982,
        "IIIXXYYI": -0.0429761409787982,
        "IIYZYYZY": 0.0429761409787982,
        "IIYZYXZX": 0.0429761409787982,
        "IIIXYYXI": 0.0429761409787982,
        "IIXZXYZY": 0.0429761409787982,
        "IIXZZIXI": -0.042976140978796845,
        "IIYZZIYI": -0.042976140978796845,
        "IIIYIZZY": -0.042976140978796845,
        "IIIXIZZX": -0.042976140978796845,
        "YZZZYZII": -0.04297614097879679,
        "IYZZIYII": -0.04297614097879679,
        "IXZZIXII": -0.04297614097879679,
        "XZZZXZII": -0.04297614097879679,
        "IIYZZZYZ": -0.04297614097879575,
        "IIXZZZXZ": -0.04297614097879575,
        "IIIXZZIX": -0.04297614097879574,
        "IIIYZZIY": -0.04297614097879574,
        "IXZZZXZI": -0.04297614097879569,
        "IYZZZYZI": -0.04297614097879569,
        "YZZZYIIZ": -0.04297614097879569,
        "XZZZXIIZ": -0.04297614097879569,
        "IXZZYIYX": -0.04297614097879432,
        "IXZZXIXX": -0.04297614097879432,
        "IYZZYIYY": -0.04297614097879432,
        "IYZZXIXY": -0.04297614097879432,
        "XZZZZYYX": 0.04297614097879432,
        "XZZZZXYY": -0.04297614097879432,
        "YZZZZYXX": -0.04297614097879432,
        "YZZZZXXY": 0.04297614097879432,
        "IXXYYIII": -0.03990453196788962,
        "IXYYXIII": 0.03990453196788962,
        "IYXXYIII": 0.03990453196788962,
        "YZYYZYII": 0.03990453196788962,
        "YZYXZXII": 0.03990453196788962,
        "XZXYZYII": 0.03990453196788962,
        "XZXXZXII": 0.03990453196788962,
        "IYYXXIII": -0.03990453196788962,
        "IXIZZXII": -0.03990453196788827,
        "IYIZZYII": -0.03990453196788827,
        "XZZIXIII": -0.03990453196788827,
        "YZZIYIII": -0.03990453196788827,
        "IIXIZZXI": -0.03990453196788819,
        "IIYIZZYI": -0.03990453196788819,
        "IIZXZZZX": -0.039904531967888186,
        "IIZYZZZY": -0.039904531967888186,
        "YIZZYIII": -0.03990453196788715,
        "ZXZZZXII": -0.03990453196788715,
        "ZYZZZYII": -0.03990453196788715,
        "XIZZXIII": -0.03990453196788715,
        "IZXZZZXI": -0.03990453196788707,
        "IZYZZZYI": -0.03990453196788707,
        "ZIIXZZZX": -0.03990453196788707,
        "ZIIYZZZY": -0.03990453196788707,
        "YXIXZZYI": -0.03990453196788569,
        "XXIXZZXI": -0.03990453196788569,
        "XYIYZZXI": -0.03990453196788569,
        "YXXZZZZY": 0.03990453196788569,
        "YYXZZZZX": -0.03990453196788569,
        "XXYZZZZY": -0.03990453196788569,
        "XYYZZZZX": 0.03990453196788569,
        "YYIYZZYI": -0.03990453196788569,
        "IIYXXYII": 0.032749304773343056,
        "IIYYXXII": -0.032749304773343056,
        "IIXXYYII": -0.032749304773343056,
        "IIXYYXII": 0.032749304773343056,
        "IIXYIIYX": 0.03274930477334171,
        "IIXXIIYY": -0.03274930477334171,
        "IIYXIIXY": 0.03274930477334171,
        "IIYYIIXX": -0.03274930477334171,
        "IXYIYZZX": -0.03274930477334165,
        "YZZYIYYI": -0.03274930477334165,
        "YZZXIXYI": -0.03274930477334165,
        "XZZXIXXI": -0.03274930477334165,
        "XZZYIYXI": -0.03274930477334165,
        "YZZXXZZY": 0.03274930477334165,
        "YZZYXZZX": -0.03274930477334165,
        "XZZXYZZY": -0.03274930477334165,
        "IYXIXZZY": -0.03274930477334165,
        "XZZYYZZX": 0.03274930477334165,
        "IXXIXZZX": -0.03274930477334165,
        "IYXIIXYI": 0.03274930477334165,
        "IYYIIXXI": -0.03274930477334165,
        "IXXIIYYI": -0.03274930477334165,
        "IXYIIYXI": 0.03274930477334165,
        "IYYIYZZY": -0.03274930477334165,
        "YYIIXXII": -0.03274930477334159,
        "XXIIYYII": -0.03274930477334159,
        "YXIIXYII": 0.03274930477334159,
        "XYIIYXII": 0.03274930477334159,
        "XYIIIIYX": 0.03274930477334025,
        "YXIIIIXY": 0.03274930477334025,
        "YYIIIIXX": -0.03274930477334025,
        "XXIIIIYY": -0.03274930477334025,
        "IZIZIIII": 0.016960808042307686,
        "ZIZIIIII": 0.016960808042307686,
        "IIIIIZIZ": 0.01696080804230759,
        "IIIIZIZI": 0.01696080804230759,
        "IIIXZZZX": 0.006143218021827088,
        "IIIYZZZY": 0.006143218021827088,
        "IIXZZZXI": 0.006143218021827046,
        "IIYZZZYI": 0.006143218021827046,
        "IYZZZYII": 0.006143218021807763,
        "IXZZZXII": 0.006143218021807763,
        "XZZZXIII": 0.006143218021807728,
        "YZZZYIII": 0.006143218021807728
    },
    "data": {
        "molecule_id": "He2_singlet_Dooh",
        "qubit_encoding": "JW",
        "unit": "Angstrom",
        "basis": "3-21g",
        "charge": 0,
        "multiplicity": 1,
        "spin": 0,
        "geometry": "He 3.9000000000 0.0000000000 0.0000000000\nHe -3.9000000000 0.0000000000 0.0000000000",
        "n_qubits": 8,
        "n_particles": {
            "total": 4,
            "alpha": 2,
            "beta": 2
        },
        "hf_array": [
            1,
            1,
            1,
            1,
            0,
            0,
            0,
            0
        ],
        "hf_method": "pyscf.scf.hf_symm.SymAdaptedRHF",
        "convergence_threshold": 1e-06,
        "point_group": {
            "groupname": "Dooh",
            "topgroup": "Dooh"
        },
        "alpha": 1.5,
        "calculated_properties": {
            "HF": {
                "energy": -5.6713597472811355,
                "converged": true
            },
            "MP2": {
                "energy": -5.694352974081561,
                "converged": null
            },