{
    "hamiltonian": {
        "IIIIIIIZ": -0.8649256026079607,
        "IIIIIIZI": -0.8649256026079606,
        "IIIIZIII": -0.864925515780285,
        "IIIIIZII": -0.8649255157802849,
        "IIIIIIII": -0.38941357422544653,
        "ZIIIIIII": 0.28341046370710776,
        "IZIIIIII": 0.2834104637071077,
        "IIZIIIII": 0.2834104388557612,
        "IIIZIIII": 0.28341043885576106,
        "IIZZIIII": 0.14128771594892187,
        "IZZIIIII": 0.14128771314490307,
        "ZIIZIIII": 0.14128771314490307,
        "ZZIIIIII": 0.14128771034088441,
        "IIIIZZII": 0.13751248480447528,
        "IIIIIZZI": 0.13751248325890103,
        "IIIIZIIZ": 0.13751248325890103,
        "IIIIIIZZ": 0.13751248171332686,
        "IIZIIZII": 0.1354726398334541,
        "IIIZZIII": 0.1354726398334541,
        "IIZIIIIZ": 0.1354726384847435,
        "IIIZIIZI": 0.1354726384847435,
        "IZIIZIII": 0.13547263691644912,
        "ZIIIIZII": 0.13547263691644912,
        "IZIIIIZI": 0.1354726355677386,
        "ZIIIIIIZ": 0.1354726355677386,
        "XYYXIIII": 0.11584650108144146,
        "XXYYIIII": -0.11584650108144146,
        "YYXXIIII": -0.11584650108144146,
        "YXXYIIII": 0.11584650108144146,
        "IIIIYXXY": 0.11207127119543944,
        "IIIIXYYX": 0.11207127119543944,
        "IIIIXXYY": -0.11207127119543944,
        "IIIIYYXX": -0.11207127119543944,
        "IYZYYZYI": 0.11003142563713464,
        "IYZYXZXI": 0.11003142563713464,
        "IXZXYZYI": 0.11003142563713464,
        "YZYIIXZX": 0.11003142563713464,
        "YZYIIYZY": 0.11003142563713464,
        "XZXIIXZX": 0.11003142563713464,
        "XZXIIYZY": 0.11003142563713464,
        "IXZXXZXI": 0.11003142563713464,
        "IIZIIIZI": 0.10272333367538918,
        "IIIZIIIZ": 0.10272333367538918,
        "ZIIIIIZI": 0.10272333325797024,
        "IZIIIIIZ": 0.10272333325797024,
        "IIZIZIII": 0.10272333259646757,
        "IIIZIZII": 0.10272333259646757,
        "IZIIIZII": 0.10272333217904882,
        "ZIIIZIII": 0.10272333217904882,
        "YZYIYZYI": 0.07728212086375741,
        "IYZYIYZY": 0.07728212086375741,
        "IXZXIXZX": 0.07728212086375741,
        "XZXIXZXI": 0.07728212086375741,
        "IYZYIXZX": 0.07728212086375734,
        "IXZXIYZY": 0.07728212086375734,
        "XZXIYZYI": 0.07728212086375734,
        "YZYIXZXI": 0.07728212086375734,
        "IIXZXXZX": 0.042976144442305964,
        "IIYZYYZY": 0.042976144442305964,
        "IIXZXYZY": 0.042976144442305964,
        "IIYZYXZX": 0.042976144442305964,
        "IIIXYYXI": 0.042976144442305964,
        "IIIXXYYI": -0.042976144442305964,
        "IIIYYXXI": -0.042976144442305964,
        "IIIYXXYI": 0.042976144442305964,
        "IXZZIXII": -0.04297614201795406,
        "IYZZIYII": -0.04297614201795406,
        "XZZZXZII": -0.04297614201795405,
        "YZZZYZII": -0.04297614201795405,
        "IIIXIZZX": -0.04297614159620103,
        "IIIYIZZY": -0.04297614159620103,
        "IIYZZIYI": -0.04297614159620103,
        "IIXZZIXI": -0.04297614159620103,
        "XZZZXIIZ": -0.0429761403606541,
        "YZZZYIIZ": -0.0429761403606541,
        "IXZZZXZI": -0.0429761403606541,
        "IYZZZYZI": -0.0429761403606541,
        "IIIYZZIY": -0.042976139938901085,
        "IIIXZZIX": -0.042976139938901085,
        "IIYZZZYZ": -0.042976139938901085,
        "IIXZZZXZ": -0.042976139938901085,
        "XZZZZYYX": 0.04297613751454916,
        "YZZZZYXX": -0.04297613751454916,
        "YZZZZXXY": 0.04297613751454916,
        "XZZZZXYY": -0.04297613751454916,
        "IYZZXIXY": -0.04297613751454915,
        "IYZZYIYY": -0.04297613751454915,
        "IXZZXIXX": -0.04297613751454915,
        "IXZZYIYX": -0.04297613751454915,
        "YZYYZYII": 0.03990453552865249,
        "YZYXZXII": 0.03990453552865249,
        "XZXYZYII": 0.03990453552865249,
        "XZXXZXII": 0.03990453552865249,
        "IYYXXIII": -0.03990453552865248,
        "IYXXYIII": 0.03990453552865248,
        "IXYYXIII": 0.03990453552865248,
        "IXXYYIII": -0.03990453552865248,
        "IXIZZXII": -0.03990453335363778,
        "XZZIXIII": -0.03990453335363778,
        "IYIZZYII": -0.03990453335363778,
        "YZZIYIII": -0.03990453335363778,
        "IIZXZZZX": -0.03990453260795495,
        "IIZYZZZY": -0.03990453260795495,
        "IIXIZZXI": -0.03990453260795495,
        "IIYIZZYI": -0.03990453260795495,
        "YIZZYIII": -0.039904531328513744,
        "XIZZXIII": -0.039904531328513744,
        "ZYZZZYII": -0.039904531328513744,
        "ZXZZZXII": -0.039904531328513744,
        "IZYZZZYI": -0.03990453058283091,
        "ZIIYZZZY": -0.03990453058283091,
        "ZIIXZZZX": -0.03990453058283091,
        "IZXZZZXI": -0.03990453058283091,
        "YXIXZZYI": -0.03990452840781617,
        "YYIYZZYI": -0.03990452840781617,
        "XXIXZZXI": -0.03990452840781617,
        "XYIYZZXI": -0.03990452840781617,
        "YXXZZZZY": 0.03990452840781617,
        "YYXZZZZX": -0.03990452840781617,
        "XXYZZZZY": -0.03990452840781617,
        "XYYZZZZX": 0.03990452840781617,
        "IIYXXYII": 0.03274930723698651,
        "IIYYXXII": -0.03274930723698651,
        "IIXXYYII": -0.03274930723698651,
        "IIXYYXII": 0.03274930723698651,
        "IIYXIIXY": 0.032749304809354306,
        "IIYYIIXX": -0.032749304809354306,
        "IIXXIIYY": -0.032749304809354306,
        "IIXYIIYX": 0.032749304809354306,
        "YZZXXZZY": 0.03274930477337729,
        "YZZYXZZX": -0.03274930477337729,
        "XZZYYZZX": 0.03274930477337729,
        "IYYIIXXI": -0.03274930477337729,
        "IXXIIYYI": -0.03274930477337729,
        "IXYIIYXI": 0.03274930477337729,
        "IYXIIXYI": 0.03274930477337729,
        "XZZXYZZY": -0.03274930477337729,
        "IXYIYZZX": -0.03274930477337721,
        "XZZXIXXI": -0.03274930477337721,
        "IXXIXZZX": -0.03274930477337721,
        "IYYIYZZY": -0.03274930477337721,
        "IYXIXZZY": -0.03274930477337721,
        "XZZYIYXI": -0.03274930477337721,
        "YZZYIYYI": -0.03274930477337721,
        "YZZXIXYI": -0.03274930477337721,
        "XYIIYXII": 0.03274930473740029,
        "YXIIXYII": 0.03274930473740029,
        "XXIIYYII": -0.03274930473740029,
        "YYIIXXII": -0.03274930473740029,
        "XXIIIIYY": -0.03274930230976835,
        "XYIIIIYX": 0.03274930230976835,
        "YYIIIIXX": -0.03274930230976835,
        "YXIIIIXY": 0.03274930230976835,
        "IIIIIZIZ": 0.025441212063461616,
        "IIIIZIZI": 0.025441212063461616,
        "IZIZIIII": 0.025441212063461602,
        "ZIZIIIII": 0.025441212063461602,
        "IXZZZXII": 0.006143222768103102,
        "IYZZZYII": 0.006143222768103102,
        "XZZZXIII": 0.006143222768103062,
        "YZZZYIII": 0.006143222768103062,
        "IIIXZZZX": 0.006143213288874563,
        "IIIYZZZY": 0.006143213288874563,
        "IIXZZZXI": 0.0061432132888745525,
        "IIYZZZYI": 0.0061432132888745525
    },
    "data": {
        "molecule_id": "He2_singlet_Dooh",
        "qubit_encoding": "JW",
        "unit": "Angstrom",
        "basis": "3-21g",
        "charge": 0,
        "multiplicity": 1,
        "spin": 0,
        "geometry": "He 2.6000000000 0.0000000000 0.0000000000\nHe -2.6000000000 0.0000000000 0.0000000000",
        "n_qubits": 8,
        "n_particles": {
            "total": 4,
            "alpha": 2,
            "beta": 2
        },
        "hf_array": [
            1,
            1,
            1,
            1,
            0,
            0,
            0,
            0
        ],
        "hf_method": "pyscf.scf.hf_symm.SymAdaptedRHF",
        "convergence_threshold": 1e-06,
        "point_group": {
            "groupname": "Dooh",
            "topgroup": "Dooh"
        },
        "alpha": 1.0,
        "calculated_properties": {
            "HF": {
                "energy": -5.671359747281135,
                "converged": true
            },
            "MP2": {
                "energy": -5.694352974081577,
                "converged": null
            },