{
    "hamiltonian": {
        "IIIIZIII": -0.864925559194193,
        "IIIIIZII": -0.864925559194193,
        "IIIIIIIZ": -0.8649255591941929,
        "IIIIIIZI": -0.8649255591941929,
        "IIIIIIII": -0.38941357422545236,
        "IZIIIIII": 0.2834104512815059,
        "ZIIIIIII": 0.28341045128150577,
        "IIZIIIII": 0.28341045128150577,
        "IIIZIIII": 0.28341045128150577,
        "IIZZIIII": 0.1349274101281104,
        "IZZIIIII": 0.1349274101281104,
        "ZIIZIIII": 0.1349274101281104,
        "ZZIIIIII": 0.1349274101281104,
        "IIIIIZZI": 0.1311521802440343,
        "IIIIZIIZ": 0.1311521802440343,
        "IIIIZZII": 0.1311521802440343,
        "IIIIIIZZ": 0.1311521802440343,
        "IIIZIIZI": 0.1291123346846952,
        "IIIZZIII": 0.1291123346846952,
        "IZIIIIZI": 0.1291123346846952,
        "IIZIIIIZ": 0.1291123346846952,
        "ZIIIIIIZ": 0.1291123346846952,
        "IZIIZIII": 0.1291123346846952,
        "IIZIIZII": 0.1291123346846952,
        "ZIIIIZII": 0.1291123346846952,
        "XXYYIIII": -0.12220680409637964,
        "XYYXIIII": 0.12220680409637964,
        "YXXYIIII": 0.12220680409637964,
        "YYXXIIII": -0.12220680409637964,
        "IIIIYXXY": 0.11843157421230353,
        "IIIIXYYX": 0.11843157421230353,
        "IIIIXXYY": -0.11843157421230353,
        "IIIIYYXX": -0.11843157421230353,
        "IXZXYZYI": 0.11639172865296445,
        "IYZYXZXI": 0.11639172865296445,
        "XZXIIYZY": 0.11639172865296445,
        "IXZXXZXI": 0.11639172865296445,
        "XZXIIXZX": 0.11639172865296445,
        "YZYIIYZY": 0.11639172865296445,
        "YZYIIXZX": 0.11639172865296445,
        "IYZYYZYI": 0.11639172865296445,
        "ZIIIIIZI": 0.09636302991135356,
        "IIIZIZII": 0.09636302991135356,
        "IIZIZIII": 0.09636302991135356,
        "IIZIIIZI": 0.09636302991135356,
        "IIIZIIIZ": 0.09636302991135356,
        "IZIIIIIZ": 0.09636302991135356,
        "IZIIIZII": 0.09636302991135356,
        "ZIIIZIII": 0.09636302991135356,
        "XZXIYZYI": 0.08364242387962281,
        "YZYIXZXI": 0.08364242387962281,
        "YZYIYZYI": 0.08364242387962281,
        "IXZXIYZY": 0.08364242387962281,
        "IYZYIYZY": 0.08364242387962281,
        "IXZXIXZX": 0.08364242387962281,
        "IYZYIXZX": 0.08364242387962281,
        "XZXIXZXI": 0.08364242387962281,
        "IYZZZYZI": -0.042976140978796214,
        "IXZZZXZI": -0.042976140978796214,
        "XZZZXZII": -0.042976140978796214,
        "YZZZYIIZ": -0.042976140978796214,
        "XZZZXIIZ": -0.042976140978796214,
        "IIYZZIYI": -0.042976140978796214,
        "IIXZZIXI": -0.042976140978796214,
        "IYZZIYII": -0.042976140978796214,
        "IIIXZZIX": -0.042976140978796214,
        "YZZZYZII": -0.042976140978796214,
        "IIYZZZYZ": -0.042976140978796214,
        "IIXZZZXZ": -0.042976140978796214,
        "IIIYIZZY": -0.042976140978796214,
        "IXZZIXII": -0.042976140978796214,
        "IXZZXIXX": -0.042976140978796214,
        "IIIXIZZX": -0.042976140978796214,
        "IYZZYIYY": -0.042976140978796214,
        "IYZZXIXY": -0.042976140978796214,
        "IIIYZZIY": -0.042976140978796214,
        "IXZZYIYX": -0.042976140978796214,
        "IIYZYXZX": 0.04297614097879621,
        "IIXZXYZY": 0.04297614097879621,
        "IIXZXXZX": 0.04297614097879621,
        "IIIXYYXI": 0.04297614097879621,
        "IIIXXYYI": -0.04297614097879621,
        "IIIYYXXI": -0.04297614097879621,
        "IIIYXXYI": 0.04297614097879621,
        "XZZZZYYX": 0.04297614097879621,
        "XZZZZXYY": -0.04297614097879621,
        "YZZZZYXX": -0.04297614097879621,
        "YZZZZXXY": 0.04297614097879621,
        "IIYZYYZY": 0.04297614097879621,
        "IIXIZZXI": -0.03990453196788763,
        "IIYIZZYI": -0.03990453196788763,
        "IZXZZZXI": -0.03990453196788763,
        "IXIZZXII": -0.03990453196788763,
        "IXYYXIII": 0.03990453196788763,
        "YIZZYIII": -0.03990453196788763,
        "XIZZXIII": -0.03990453196788763,
        "YXIXZZYI": -0.03990453196788763,
        "YYIYZZYI": -0.03990453196788763,
        "XXIXZZXI": -0.03990453196788763,
        "XYIYZZXI": -0.03990453196788763,
        "ZYZZZYII": -0.03990453196788763,
        "ZXZZZXII": -0.03990453196788763,
        "YXXZZZZY": 0.03990453196788763,
        "YYXZZZZX": -0.03990453196788763,
        "XXYZZZZY": -0.03990453196788763,
        "IZYZZZYI": -0.03990453196788763,
        "YZZIYIII": -0.03990453196788763,
        "XYYZZZZX": 0.03990453196788763,
        "YZYYZYII": 0.03990453196788763,
        "IXXYYIII": -0.03990453196788763,
        "IYYXXIII": -0.03990453196788763,
        "IYXXYIII": 0.03990453196788763,
        "XZZIXIII": -0.03990453196788763,
        "IYIZZYII": -0.03990453196788763,
        "IIZYZZZY": -0.03990453196788763,
        "ZIIXZZZX": -0.03990453196788763,
        "ZIIYZZZY": -0.03990453196788763,
        "XZXXZXII": 0.03990453196788763,
        "XZXYZYII": 0.03990453196788763,
        "YZYXZXII": 0.03990453196788763,
        "IIZXZZZX": -0.03990453196788763,
        "IIXXIIYY": -0.03274930477334164,
        "IIYYIIXX": -0.03274930477334164,
        "IIYXIIXY": 0.03274930477334164,
        "IIXYIIYX": 0.03274930477334164,
        "IXYIYZZX": -0.03274930477334164,
        "IIXXYYII": -0.03274930477334164,
        "YXIIXYII": 0.03274930477334164,
        "YYIIXXII": -0.03274930477334164,
        "XXIIYYII": -0.03274930477334164,
        "XYIIYXII": 0.03274930477334164,
        "YXIIIIXY": 0.03274930477334164,
        "YYIIIIXX": -0.03274930477334164,
        "XXIIIIYY": -0.03274930477334164,
        "XYIIIIYX": 0.03274930477334164,
        "YZZXIXYI": -0.03274930477334164,
        "YZZYIYYI": -0.03274930477334164,
        "XZZXIXXI": -0.03274930477334164,
        "IIXYYXII": 0.03274930477334164,
        "YZZXXZZY": 0.03274930477334164,
        "YZZYXZZX": -0.03274930477334164,
        "XZZXYZZY": -0.03274930477334164,
        "XZZYIYXI": -0.03274930477334164,
        "IXXIIYYI": -0.03274930477334164,
        "IYXIXZZY": -0.03274930477334164,
        "IYYIYZZY": -0.03274930477334164,
        "IXXIXZZX": -0.03274930477334164,
        "IIYYXXII": -0.03274930477334164,
        "IYXIIXYI": 0.03274930477334164,
        "IYYIIXXI": -0.03274930477334164,
        "XZZYYZZX": 0.03274930477334164,
        "IXYIIYXI": 0.03274930477334164,
        "IIYXXYII": 0.03274930477334164,
        "IIIIIZIZ": 0.01272060603173076,
        "IIIIZIZI": 0.01272060603173076,
        "ZIZIIIII": 0.012720606031730752,
        "IZIZIIII": 0.012720606031730752,
        "IIIYZZZY": 0.006143218021817281,
        "IIIXZZZX": 0.006143218021817281,
        "IYZZZYII": 0.006143218021817278,
        "IXZZZXII": 0.006143218021817278,
        "IIXZZZXI": 0.006143218021817271,
        "XZZZXIII": 0.006143218021817271,
        "YZZZYIII": 0.006143218021817271,
        "IIYZZZYI": 0.006143218021817271
    },
    "data": {
        "molecule_id": "He2_singlet_Dooh",
        "qubit_encoding": "JW",
        "unit": "Angstrom",
        "basis": "3-21g",
        "charge": 0,
        "multiplicity": 1,
        "spin": 0,
        "geometry": "He 5.2000000000 0.0000000000 0.0000000000\nHe -5.2000000000 0.0000000000 0.0000000000",
        "n_qubits": 8,
        "n_particles": {
            "total": 4,
            "alpha": 2,
            "beta": 2
        },
        "hf_array": [
            1,
            1,
            1,
            1,
            0,
            0,
            0,
            0
        ],
        "hf_method": "pyscf.scf.hf_symm.SymAdaptedRHF",
        "convergence_threshold": 1e-06,
        "point_group": {
            "groupname": "Dooh",
            "topgroup": "Dooh"
        },
        "alpha": 2.0,
        "calculated_properties": {
            "HF": {
                "energy": -5.671359747281134,
                "converged": true
            },
            "MP2": {
                "energy": -5.694352974081559,
                "converged": null
            },