{
    "hamiltonian": {
        "IIIIIIIZ": -0.8649492033181407,
        "IIIIIIZI": -0.8649492033181407,
        "IIIIZIII": -0.8649019158234583,
        "IIIIIZII": -0.8649019158234583,
        "IIIIIIII": -0.3894135729461183,
        "ZIIIIIII": 0.28341613827663387,
        "IZIIIIII": 0.28341613827663387,
        "IIZIIIII": 0.2834047643577221,
        "IIIZIIII": 0.2834047643577221,
        "IIZZIIII": 0.14446930032905753,
        "IZZIIIII": 0.14446786463542644,
        "ZIIZIIII": 0.14446786463542644,
        "ZZIIIIII": 0.14446642897870543,
        "IIIIZZII": 0.1406932521147248,
        "IIIIIZZI": 0.14069263477067895,
        "IIIIZIIZ": 0.14069263477067895,
        "IIIIIIZZ": 0.14069201747733895,
        "IIZIIZII": 0.13865378331339628,
        "IIIZZIII": 0.13865378331339628,
        "IIZIIIIZ": 0.13865326600451394,
        "IIIZIIZI": 0.13865326600451394,
        "IZIIZIII": 0.13865231241942597,
        "ZIIIIZII": 0.13865231241942597,
        "ZIIIIIIZ": 0.13865179511943093,
        "IZIIIIZI": 0.13865179511943093,
        "YYXXIIII": -0.11266634954377285,
        "YXXYIIII": 0.11266634954377285,
        "XXYYIIII": -0.11266634954377285,
        "XYYXIIII": 0.11266634954377285,
        "IIIIXXYY": -0.1088911196729795,
        "IIIIYYXX": -0.1088911196729795,
        "IIIIYXXY": 0.1088911196729795,
        "IIIIXYYX": 0.1088911196729795,
        "IYZYYZYI": 0.1068512741064587,
        "YZYIIYZY": 0.1068512741064587,
        "YZYIIXZX": 0.1068512741064587,
        "XZXIIYZY": 0.1068512741064587,
        "IXZXYZYI": 0.1068512741064587,
        "IYZYXZXI": 0.1068512741064587,
        "XZXIIXZX": 0.1068512741064587,
        "IXZXXZXI": 0.1068512741064587,
        "IIIZIIIZ": 0.10590395947003972,
        "IIZIIIZI": 0.10590395947003972,
        "ZIIIIIZI": 0.1059036943890279,
        "IZIIIIIZ": 0.1059036943890279,
        "IIIZIZII": 0.1059032744427809,
        "IIZIZIII": 0.1059032744427809,
        "ZIIIZIII": 0.10590300941092981,
        "IZIIIZII": 0.10590300941092981,
        "IXZXIXZX": 0.07410196935841712,
        "XZXIXZXI": 0.07410196935841712,
        "IYZYIYZY": 0.07410196935841712,
        "YZYIYZYI": 0.07410196935841712,
        "XZXIYZYI": 0.07410196934595142,
        "IYZYIXZX": 0.07410196934595142,
        "YZYIXZXI": 0.07410196934595142,
        "IXZXIYZY": 0.07410196934595142,
        "IIXZXYZY": 0.042977827872260226,
        "IIIXYYXI": 0.042977827872260226,
        "IIIXXYYI": -0.042977827872260226,
        "IIYZYXZX": 0.042977827872260226,
        "IIYZYYZY": 0.042977827872260226,
        "IIIYYXXI": -0.042977827872260226,
        "IIXZXXZX": 0.042977827872260226,
        "IIIYXXYI": 0.042977827872260226,
        "XZZZXZII": -0.042976629360696905,
        "IYZZIYII": -0.042976629360696905,
        "IXZZIXII": -0.042976629360696905,
        "YZZZYZII": -0.042976629360696905,
        "IIIXIZZX": -0.042976379292523466,
        "IIYZZIYI": -0.042976379292523466,
        "IIXZZIXI": -0.042976379292523466,
        "IIIYIZZY": -0.042976379292523466,
        "IYZZZYZI": -0.042975902673372465,
        "XZZZXIIZ": -0.042975902673372465,
        "YZZZYIIZ": -0.042975902673372465,
        "IXZZZXZI": -0.042975902673372465,
        "IIXZZZXZ": -0.04297565258296282,
        "IIIXZZIX": -0.04297565258296282,
        "IIIYZZIY": -0.04297565258296282,
        "IIYZZZYZ": -0.04297565258296282,
        "XZZZZXYY": -0.04297445407793157,
        "YZZZZYXX": -0.04297445407793157,
        "YZZZZXXY": 0.04297445407793157,
        "IXZZXIXX": -0.04297445407793157,
        "IXZZYIYX": -0.04297445407793157,
        "IYZZYIYY": -0.04297445407793157,
        "XZZZZYYX": 0.04297445407793157,
        "IYZZXIXY": -0.04297445407793157,
        "IXXYYIII": -0.03990627771968001,
        "IXYYXIII": 0.03990627771968001,
        "IYYXXIII": -0.03990627771968001,
        "YZYYZYII": 0.03990627771968001,
        "IYXXYIII": 0.03990627771968001,
        "YZYXZXII": 0.03990627771968001,
        "XZXXZXII": 0.03990627771968001,
        "XZXYZYII": 0.03990627771968001,
        "YZZIYIII": -0.039905255239723256,
        "XZZIXIII": -0.039905255239723256,
        "IXIZZXII": -0.039905255239723256,
        "IYIZZYII": -0.039905255239723256,
        "IIZYZZZY": -0.03990482091085721,
        "IIYIZZYI": -0.03990482091085721,
        "IIZXZZZX": -0.03990482091085721,
        "IIXIZZXI": -0.03990482091085721,
        "XIZZXIII": -0.03990424300830277,
        "YIZZYIII": -0.03990424300830277,
        "ZXZZZXII": -0.03990424300830276,
        "ZYZZZYII": -0.03990424300830276,
        "IZXZZZXI": -0.039903808689120204,
        "ZIIYZZZY": -0.039903808689120204,
        "ZIIXZZZX": -0.039903808689120204,
        "IZYZZZYI": -0.039903808689120204,
        "YXIXZZYI": -0.03990278620130707,
        "XXIXZZXI": -0.03990278620130707,
        "XYIYZZXI": -0.03990278620130707,
        "YYIYZZYI": -0.03990278620130707,
        "YYXZZZZX": -0.039902786201307064,
        "XXYZZZZY": -0.039902786201307064,
        "XYYZZZZX": 0.039902786201307064,
        "YXXZZZZY": 0.039902786201307064,
        "IIXYYXII": 0.03275050887061536,
        "IIXXYYII": -0.03275050887061536,
        "IIYYXXII": -0.03275050887061536,
        "IIYXXYII": 0.03275050887061536,
        "IIYXIIXY": 0.032749306534474214,
        "IIXYIIYX": 0.032749306534474214,
        "IIXXIIYY": -0.032749306534474214,
        "IIYYIIXX": -0.032749306534474214,
        "YZZXXZZY": 0.03274930476258492,
        "YZZYXZZX": -0.03274930476258492,
        "XZZXYZZY": -0.03274930476258492,
        "IYXIIXYI": 0.03274930476258492,
        "IXYIIYXI": 0.03274930476258492,
        "IXXIIYYI": -0.03274930476258492,
        "IYYIIXXI": -0.03274930476258492,
        "XZZYYZZX": 0.03274930476258492,
        "YZZYIYYI": -0.032749304745963985,
        "YZZXIXYI": -0.032749304745963985,
        "IYXIXZZY": -0.032749304745963985,
        "IYYIYZZY": -0.032749304745963985,
        "XZZXIXXI": -0.032749304745963985,
        "IXXIXZZX": -0.032749304745963985,
        "IXYIYZZX": -0.032749304745963985,
        "XZZYIYXI": -0.032749304745963985,
        "YXIIXYII": 0.03274930300849616,
        "YYIIXXII": -0.03274930300849616,
        "XXIIYYII": -0.03274930300849616,
        "XYIIYXII": 0.03274930300849616,
        "YXIIIIXY": 0.032748100730403025,
        "YYIIIIXX": -0.032748100730403025,
        "XYIIIIYX": 0.032748100730403025,
        "XXIIIIYY": -0.032748100730403025,
        "IIIIZIZI": 0.031801515097699434,
        "IIIIIZIZ": 0.031801515097699434,
        "ZIZIIIII": 0.03180151509165362,
        "IZIZIIII": 0.03180151509165362,
        "IYZZZYII": 0.0061455191083005165,
        "IXZZZXII": 0.0061455191083005165,
        "XZZZXIII": 0.00614551910830049,
        "YZZZYIII": 0.00614551910830049,
        "IIXZZZXI": 0.006140916960979339,
        "IIYZZZYI": 0.006140916960979339,
        "IIIXZZZX": 0.00614091696097932,
        "IIIYZZZY": 0.00614091696097932,
        "YZZZYIZI": -1.448595440892153e-06,
        "XZZZXIZI": -1.448595440892153e-06,
        "IXZZZXIZ": -1.448595440892153e-06,
        "IYZZZYIZ": -1.448595440892153e-06,
        "IIXZIZXI": 1.4485797367597142e-06,
        "IIIYZIZY": 1.4485797367597142e-06,
        "IIYZIZYI": 1.4485797367597142e-06,
        "IIIXZIZX": 1.4485797367597142e-06,
        "ZIYZZZYI": -1.0224878131369353e-06,
        "ZIXZZZXI": -1.0224878131369353e-06,
        "IZIYZZZY": -1.0224878131369353e-06,
        "IZIXZZZX": -1.0224878131369353e-06,
        "YZIZYIII": 1.022479956747785e-06,
        "XZIZXIII": 1.022479956747785e-06,
        "IXZIZXII": 1.022479956747785e-06,
        "IYZIZYII": 1.022479956747785e-06
    },
    "data": {
        "molecule_id": "He2_singlet_Dooh",
        "qubit_encoding": "JW",
        "unit": "Angstrom",
        "basis": "3-21g",
        "charge": 0,
        "multiplicity": 1,
        "spin": 0,
        "geometry": "He 2.0800000000 0.0000000000 0.0000000000\nHe -2.0800000000 0.0000000000 0.0000000000",
        "n_qubits": 8,
        "n_particles": {
            "total": 4,