{
    "hamiltonian": {
        "IIIIIIZI": -0.8652360729328109,
        "IIIIIIIZ": -0.8652360729328108,
        "IIIIZIII": -0.8646151892057387,
        "IIIIIZII": -0.8646151892057385,
        "IIIIIIII": -0.3894133139605009,
        "ZIIIIIII": 0.2834755577635988,
        "IZIIIIII": 0.28347555776359873,
        "IIIZIIII": 0.28334535013678885,
        "IIZIIIII": 0.28334535013678863,
        "IIZZIIII": 0.14675716202854,
        "IZZIIIII": 0.14673939918067377,
        "ZIIZIIII": 0.14673939918067377,
        "ZZIIIIII": 0.14672164236276308,
        "IIIIZZII": 0.14297088798974653,
        "IIIIIZZI": 0.14296417166359413,
        "IIIIZIIZ": 0.14296417166359413,
        "IIIIIIZZ": 0.14295746508739712,
        "IIZIIZII": 0.14093605704101886,
        "IIIZZIII": 0.14093605704101886,
        "IIZIIIIZ": 0.14093057886654636,
        "IIIZIIZI": 0.14093057886654636,
        "IZIIZIII": 0.14091807553162583,
        "ZIIIIZII": 0.14091807553162583,
        "ZIIIIIIZ": 0.14091259729509548,
        "IZIIIIZI": 0.14091259729509548,
        "YXXYIIII": 0.11039480892532592,
        "XYYXIIII": 0.11039480892532592,
        "YYXXIIII": -0.11039480892532592,
        "XXYYIIII": -0.11039480892532592,
        "IIIZIIIZ": 0.10818141068121,
        "IIZIIIZI": 0.10818141068121,
        "IZIIIIIZ": 0.10817784059222163,
        "ZIIIIIZI": 0.10817784059222163,
        "IIZIZIII": 0.10817219598666326,
        "IIIZIZII": 0.10817219598666326,
        "IZIIIZII": 0.10816863406661786,
        "ZIIIZIII": 0.10816863406661786,
        "IIIIXYYX": 0.10661958104331704,
        "IIIIXXYY": -0.10661958104331704,
        "IIIIYYXX": -0.10661958104331704,
        "IIIIYXXY": 0.10661958104331704,
        "IYZYXZXI": 0.10457973439008915,
        "IXZXYZYI": 0.10457973439008915,
        "IYZYYZYI": 0.10457973439008915,
        "YZYIIXZX": 0.10457973439008915,
        "XZXIIYZY": 0.10457973439008915,
        "XZXIIXZX": 0.10457973439008915,
        "IXZXXZXI": 0.10457973439008915,
        "YZYIIYZY": 0.10457973439008915,
        "XZXIXZXI": 0.07183043344365453,
        "YZYIYZYI": 0.07183043344365453,
        "IYZYIYZY": 0.07183043344365453,
        "IXZXIXZX": 0.07183043344365453,
        "YZYIXZXI": 0.07183043176742247,
        "XZXIYZYI": 0.07183043176742247,
        "IXZXIYZY": 0.07183043176742247,
        "IYZYIXZX": 0.07183043176742247,
        "IIIYXXYI": 0.04299650966569327,
        "IIXZXXZX": 0.04299650966569327,
        "IIYZYYZY": 0.04299650966569327,
        "IIYZYXZX": 0.04299650966569327,
        "IIIXXYYI": -0.04299650966569327,
        "IIIXYYXI": 0.04299650966569327,
        "IIXZXYZY": 0.04299650966569327,
        "IIIYYXXI": -0.04299650966569327,
        "YZZZYZII": -0.04298163416111389,
        "XZZZXZII": -0.04298163416111389,
        "IYZZIYII": -0.04298163416111389,
        "IXZZIXII": -0.04298163416111389,
        "IIIXIZZX": -0.04297858058564624,
        "IIYZZIYI": -0.04297858058564624,
        "IIXZZIXI": -0.04297858058564624,
        "IIIYIZZY": -0.04297858058564624,
        "IYZZZYZI": -0.04297370354586268,
        "XZZZXIIZ": -0.04297370354586268,
        "YZZZYIIZ": -0.04297370354586268,
        "IXZZZXZI": -0.04297370354586268,
        "IIXZZZXZ": -0.042970644989818396,
        "IIYZZZYZ": -0.042970644989818396,
        "IIIXZZIX": -0.042970644989818396,
        "IIIYZZIY": -0.042970644989818396,
        "XZZZZXYY": -0.04295577089212939,
        "YZZZZYXX": -0.04295577089212939,
        "YZZZZXXY": 0.04295577089212939,
        "XZZZZYYX": 0.04295577089212939,
        "IYZZYIYY": -0.04295577089212938,
        "IXZZXIXX": -0.04295577089212938,
        "IXZZYIYX": -0.04295577089212938,
        "IYZZXIXY": -0.04295577089212938,
        "IXXYYIII": -0.03992573325468077,
        "IXYYXIII": 0.03992573325468077,
        "IYYXXIII": -0.03992573325468077,
        "YZYYZYII": 0.03992573325468077,
        "IYXXYIII": 0.03992573325468077,
        "YZYXZXII": 0.03992573325468077,
        "XZXXZXII": 0.03992573325468077,
        "XZXYZYII": 0.03992573325468077,
        "YZZIYIII": -0.03991353432701282,
        "XZZIXIII": -0.03991353432701282,
        "IXIZZXII": -0.03991353432701282,
        "IYIZZYII": -0.03991353432701282,
        "IIZYZZZY": -0.03990798968998743,
        "IIYIZZYI": -0.03990798968998743,
        "IIZXZZZX": -0.03990798968998743,
        "IIXIZZXI": -0.03990798968998743,
        "ZXZZZXII": -0.039901071415783605,
        "ZYZZZYII": -0.039901071415783605,
        "XIZZXIII": -0.039901071415783605,
        "YIZZYIII": -0.039901071415783605,
        "IZXZZZXI": -0.03989552902284148,
        "IZYZZZYI": -0.03989552902284148,
        "ZIIYZZZY": -0.03989552902284148,
        "ZIIXZZZX": -0.03989552902284148,
        "XYYZZZZX": 0.03988332834211328,
        "XXYZZZZY": -0.03988332834211328,
        "YYXZZZZX": -0.03988332834211328,
        "YXXZZZZY": 0.03988332834211328,
        "XYIYZZXI": -0.03988332834211328,
        "YYIYZZYI": -0.03988332834211328,
        "YXIXZZYI": -0.03988332834211328,
        "XXIXZZXI": -0.03988332834211328,
        "IIIIIZIZ": 0.03634459062027709,
        "IIIIZIZI": 0.03634459062027709,
        "ZIZIIIII": 0.036344590255347864,
        "IZIZIIII": 0.036344590255347864,
        "IIXYYXII": 0.03276386105435559,
        "IIXXYYII": -0.03276386105435559,
        "IIYYXXII": -0.03276386105435559,
        "IIYXXYII": 0.03276386105435559,
        "XYIIYXII": 0.032749441465007974,
        "XXIIYYII": -0.032749441465007974,
        "YYIIXXII": -0.032749441465007974,
        "YXIIXYII": 0.032749441465007974,
        "XZZYYZZX": 0.032749302902038674,
        "IXYIIYXI": 0.032749302902038674,
        "IXXIIYYI": -0.032749302902038674,
        "IYYIIXXI": -0.032749302902038674,
        "YZZXXZZY": 0.032749302902038674,
        "IYXIIXYI": 0.032749302902038674,
        "XZZXYZZY": -0.032749302902038674,
        "YZZYXZZX": -0.032749302902038674,
        "XZZYIYXI": -0.032749300667062615,
        "IXYIYZZX": -0.032749300667062615,
        "YZZXIXYI": -0.032749300667062615,
        "YZZYIYYI": -0.032749300667062615,
        "IXXIXZZX": -0.032749300667062615,
        "IYYIYZZY": -0.032749300667062615,
        "IYXIXZZY": -0.032749300667062615,
        "XZZXIXXI": -0.032749300667062615,
        "IIYXIIXY": 0.03274916818533639,
        "IIXXIIYY": -0.03274916818533639,
        "IIYYIIXX": -0.03274916818533639,
        "IIXYIIYX": 0.03274916818533639,
        "YXIIIIXY": 0.03273475670287385,
        "XXIIIIYY": -0.03273475670287385,
        "XYIIIIYX": 0.03273475670287385,
        "YYIIIIXX": -0.03273475670287385,
        "XZZZXIII": 0.00617106202622883,
        "YZZZYIII": 0.00617106202622883,
        "IYZZZYII": 0.0061710620262288175,
        "IXZZZXII": 0.0061710620262288175,
        "IIIXZZZX": 0.006115378590834775,
        "IIIYZZZY": 0.006115378590834775,
        "IIXZZZXI": 0.0061153785908347556,
        "IIYZZZYI": 0.0061153785908347556,
        "IXZZZXIZ": -1.7932653733298415e-05,
        "YZZZYIZI": -1.7932653733298415e-05,
        "XZZZXIZI": -1.7932653733298415e-05,
        "IYZZZYIZ": -1.7932653733298415e-05,
        "IIXZIZXI": 1.7929080047038304e-05,
        "IIIYZIZY": 1.7929080047038304e-05,
        "IIYZIZYI": 1.7929080047038304e-05,
        "IIIXZIZX": 1.7929080047038304e-05,
        "ZIYZZZYI": -1.2200680728203378e-05,
        "ZIXZZZXI": -1.2200680728203378e-05,
        "IZIYZZZY": -1.2200680728203378e-05,
        "IZIXZZZX": -1.2200680728203378e-05,
        "YZIZYIII": 1.219892766795086e-05,
        "XZIZXIII": 1.219892766795086e-05,
        "IXZIZXII": 1.219892766795086e-05,
        "IYZIZYII": 1.219892766795086e-05
    },
    "data": {
        "molecule_id": "He2_singlet_Dooh",
        "qubit_encoding": "JW",
        "unit": "Angstrom",
        "basis": "3-21g",
        "charge": 0,
        "multiplicity": 1,
        "spin": 0,
        "geometry": "He 1.8200000000 0.0000000000 0.0000000000\nHe -1.8200000000 0.0000000000 0.0000000000",
        "n_qubits": 8,
        "n_particles": {
            "total": 4,