{
    "hamiltonian": {
        "IIIIIIZI": -0.8649267852398912,
        "IIIIIIIZ": -0.8649267852398911,
        "IIIIIZII": -0.8649243331503493,
        "IIIIZIII": -0.8649243331503491,
        "IIIIIIII": -0.38941357422251527,
        "ZIIIIIII": 0.2834107773577023,
        "IZIIIIII": 0.2834107773577023,
        "IIZIIIII": 0.28341012520560366,
        "IIIZIIII": 0.28341012520560366,
        "IIZZIIII": 0.1427011911581634,
        "IZZIIIII": 0.14270111381412048,
        "ZIIZIIII": 0.14270111381412048,
        "ZZIIIIII": 0.14270103647018176,
        "IIIIZZII": 0.13892592194257325,
        "IIIIIZZI": 0.13892588393009855,
        "IIIIZIIZ": 0.13892588393009855,
        "IIIIIIZZ": 0.13892584591775017,
        "IIZIIZII": 0.13688609464310603,
        "IIIZZIII": 0.13688609464310603,
        "IIZIIIIZ": 0.1368860620333058,
        "IIIZIIZI": 0.1368860620333058,
        "IZIIZIII": 0.13688601470820266,
        "ZIIIIZII": 0.13688601470820266,
        "ZIIIIIIZ": 0.136885982098447,
        "IZIIIIZI": 0.136885982098447,
        "YYXXIIII": -0.11443310041023393,
        "YXXYIIII": 0.11443310041023393,
        "XXYYIIII": -0.11443310041023393,
        "XYYXIIII": 0.11443310041023393,
        "IIIIXXYY": -0.1106578705261905,
        "IIIIYYXX": -0.1106578705261905,
        "IIIIYXXY": 0.1106578705261905,
        "IIIIXYYX": 0.1106578705261905,
        "IYZYYZYI": 0.1086180249668338,
        "YZYIIYZY": 0.1086180249668338,
        "YZYIIXZX": 0.1086180249668338,
        "XZXIIYZY": 0.1086180249668338,
        "IXZXYZYI": 0.1086180249668338,
        "IYZYXZXI": 0.1086180249668338,
        "XZXIIXZX": 0.1086180249668338,
        "IXZXXZXI": 0.1086180249668338,
        "IIIZIIIZ": 0.10413675665218869,
        "IIZIIIZI": 0.10413675665218869,
        "ZIIIIIZI": 0.1041367437892302,
        "IZIIIIIZ": 0.1041367437892302,
        "IIIZIZII": 0.1041367234054773,
        "IIZIZIII": 0.1041367234054773,
        "ZIIIZIII": 0.10413671054265614,
        "IZIIIZII": 0.10413671054265614,
        "IXZXIXZX": 0.07586872019356738,
        "XZXIXZXI": 0.07586872019356738,
        "IYZYIYZY": 0.07586872019356738,
        "YZYIYZYI": 0.07586872019356738,
        "XZXIYZYI": 0.0758687201935278,
        "IYZYIXZX": 0.0758687201935278,
        "YZYIXZXI": 0.0758687201935278,
        "IXZXIYZY": 0.0758687201935278,
        "IIXZXYZY": 0.042976234235631995,
        "IIIXYYXI": 0.042976234235631995,
        "IIIXXYYI": -0.042976234235631995,
        "IIYZYXZX": 0.042976234235631995,
        "IIYZYYZY": 0.042976234235631995,
        "IIIYYXXI": -0.042976234235631995,
        "IIXZXXZX": 0.042976234235631995,
        "IIIYXXYI": 0.042976234235631995,
        "XZZZXZII": -0.04297616873977085,
        "IYZZIYII": -0.04297616873977085,
        "IXZZIXII": -0.04297616873977085,
        "YZZZYZII": -0.04297616873977085,
        "IIIXIZZX": -0.0429761560260174,
        "IIYZZIYI": -0.0429761560260174,
        "IIXZZIXI": -0.0429761560260174,
        "IIIYIZZY": -0.0429761560260174,
        "IYZZZYZI": -0.04297612593158608,
        "XZZZXIIZ": -0.04297612593158608,
        "YZZZYIIZ": -0.04297612593158608,
        "IXZZZXZI": -0.04297612593158608,
        "IIXZZZXZ": -0.04297611321778658,
        "IIIXZZIX": -0.04297611321778658,
        "IIIYZZIY": -0.04297611321778658,
        "IIYZZZYZ": -0.04297611321778658,
        "XZZZZXYY": -0.04297604772193885,
        "YZZZZYXX": -0.04297604772193885,
        "YZZZZXXY": 0.04297604772193885,
        "IXZZXIXX": -0.04297604772193885,
        "IXZZYIYX": -0.04297604772193885,
        "IYZZYIYY": -0.04297604772193885,
        "XZZZZYYX": 0.04297604772193885,
        "IYZZXIXY": -0.04297604772193885,
        "IXXYYIII": -0.03990462809521053,
        "IXYYXIII": 0.03990462809521053,
        "IYYXXIII": -0.03990462809521053,
        "YZYYZYII": 0.03990462809521053,
        "IYXXYIII": 0.03990462809521053,
        "YZYXZXII": 0.03990462809521053,
        "XZXXZXII": 0.03990462809521053,
        "XZXYZYII": 0.03990462809521053,
        "YZZIYIII": -0.03990457056523758,
        "XZZIXIII": -0.03990457056523758,
        "IXIZZXII": -0.03990457056523758,
        "IYIZZYII": -0.03990457056523758,
        "IIZYZZZY": -0.039904548518676815,
        "IIYIZZYI": -0.039904548518676815,
        "IIZXZZZX": -0.039904548518676815,
        "IIXIZZXI": -0.039904548518676815,
        "ZXZZZXII": -0.0399045154170559,
        "ZYZZZYII": -0.0399045154170559,
        "XIZZXIII": -0.0399045154170559,
        "YIZZYIII": -0.0399045154170559,
        "IZXZZZXI": -0.03990449337051413,
        "ZIIYZZZY": -0.03990449337051413,
        "ZIIXZZZX": -0.03990449337051413,
        "IZYZZZYI": -0.03990449337051413,
        "YXIXZZYI": -0.03990443584052417,
        "XXIXZZXI": -0.03990443584052417,
        "XYIYZZXI": -0.03990443584052417,
        "XYYZZZZX": 0.03990443584052417,
        "XXYZZZZY": -0.03990443584052417,
        "YYIYZZYI": -0.03990443584052417,
        "YXXZZZZY": 0.03990443584052417,
        "YYXZZZZX": -0.03990443584052417,
        "IIXYYXII": 0.03274937123762873,
        "IIXXYYII": -0.03274937123762873,
        "IIYYXXII": -0.03274937123762873,
        "IIYXXYII": 0.03274937123762873,
        "IIYXIIXY": 0.03274930538111711,
        "IIXYIIYX": 0.03274930538111711,
        "IIXXIIYY": -0.03274930538111711,
        "IIYYIIXX": -0.03274930538111711,
        "YZZXXZZY": 0.03274930477331259,
        "YZZYXZZX": -0.03274930477331259,
        "IYXIIXYI": 0.03274930477331259,
        "IXYIIYXI": 0.03274930477331259,
        "IXXIIYYI": -0.03274930477331259,
        "IYYIIXXI": -0.03274930477331259,
        "XZZYYZZX": 0.03274930477331259,
        "XZZXYZZY": -0.03274930477331259,
        "YZZYIYYI": -0.032749304773259824,
        "YZZXIXYI": -0.032749304773259824,
        "IYXIXZZY": -0.032749304773259824,
        "XZZXIXXI": -0.032749304773259824,
        "IYYIYZZY": -0.032749304773259824,
        "IXXIXZZX": -0.032749304773259824,
        "IXYIYZZX": -0.032749304773259824,
        "XZZYIYXI": -0.032749304773259824,
        "YXIIXYII": 0.032749304165546535,
        "YYIIXXII": -0.032749304165546535,
        "XXIIYYII": -0.032749304165546535,
        "XYIIYXII": 0.032749304165546535,
        "YXIIIIXY": 0.03274923830921677,
        "YYIIIIXX": -0.03274923830921677,
        "XYIIIIYX": 0.03274923830921677,
        "XXIIIIYY": -0.03274923830921677,
        "IIIIZIZI": 0.028268013403908034,
        "IIIIIZIZ": 0.028268013403908034,
        "ZIZIIIII": 0.028268013403886537,
        "IZIZIIII": 0.028268013403886537,
        "IYZZZYII": 0.006143345100660752,
        "IXZZZXII": 0.006143345100660752,
        "XZZZXIII": 0.006143345100660738,
        "YZZZYIII": 0.006143345100660738,
        "IIXZZZXI": 0.006143090943101552,
        "IIYZZZYI": 0.006143090943101552,
        "IIIXZZZX": 0.006143090943101531,
        "IIIYZZZY": 0.006143090943101531,
        "YZZZYIZI": -7.820964723764812e-08,
        "XZZZXIZI": -7.820964723764812e-08,
        "IXZZZXIZ": -7.820964723764812e-08,
        "IYZZZYIZ": -7.820964723764812e-08,
        "IIXZIZXI": 7.820961458668285e-08,
        "IIIYZIZY": 7.820961458668285e-08,
        "IIYZIZYI": 7.820961458668285e-08,
        "IIIXZIZX": 7.820961458668285e-08,
        "ZIYZZZYI": -5.752998995245395e-08,
        "ZIXZZZXI": -5.752998995245395e-08,
        "IZIYZZZY": -5.752998995245395e-08,
        "IZIXZZZX": -5.752998995245395e-08,
        "YZIZYIII": 5.752997294175555e-08,
        "XZIZXIII": 5.752997294175555e-08,
        "IXZIZXII": 5.752997294175555e-08,
        "IYZIZYII": 5.752997294175555e-08
    },
    "data": {
        "molecule_id": "He2_singlet_Dooh",
        "qubit_encoding": "JW",
        "unit": "Angstrom",
        "basis": "3-21g",
        "charge": 0,
        "multiplicity": 1,
        "spin": 0,
        "geometry": "He 2.3400000000 0.0000000000 0.0000000000\nHe -2.3400000000 0.0000000000 0.0000000000",
        "n_qubits": 8,
        "n_particles": {
            "total": 4,
            "alpha": 2,