{
    "hamiltonian": {
        "IIIIIIZI": -0.880837973415823,
        "IIIIIIIZ": -0.8808379734158229,
        "IIIIZIII": -0.8495104532753085,
        "IIIIIZII": -0.8495104532753084,
        "IIIIIIII": -0.3884081040601437,
        "ZIIIIIII": 0.28580016303527744,
        "IZIIIIII": 0.28580016303527744,
        "IIZIIIII": 0.28100910813270985,
        "IIIZIIII": 0.28100910813270985,
        "IIZZIIII": 0.15474231361771998,
        "IZZIIIII": 0.1540061389036674,
        "ZIIZIIII": 0.1540061389036674,
        "ZZIIIIII": 0.15328532847800475,
        "IIIIZZII": 0.15057962529633467,
        "IIIIIZZI": 0.15022702332110974,
        "IIIIZIIZ": 0.15022702332110974,
        "IIIIIIZZ": 0.14991084156470028,
        "IIZIIZII": 0.14869545541760348,
        "IIIZZIII": 0.14869545541760348,
        "IIZIIIIZ": 0.14840909056712653,
        "IIIZIIZI": 0.14840909056712653,
        "ZIIIIZII": 0.14798891978802303,
        "IZIIZIII": 0.14798891978802303,
        "ZIIIIIIZ": 0.14769209419992424,
        "IZIIIIZI": 0.14769209419992424,
        "IIZIIIZI": 0.115681176639661,
        "IIIZIIIZ": 0.115681176639661,
        "ZIIIIIZI": 0.11554012691012118,
        "IZIIIIIZ": 0.11554012691012118,
        "IIZIZIII": 0.11533300736051426,
        "IIIZIZII": 0.11533300736051426,
        "ZIIIZIII": 0.11521358995118847,
        "IZIIIZII": 0.11521358995118847,
        "YXXYIIII": 0.10312338877988157,
        "XYYXIIII": 0.10312338877988157,
        "XXYYIIII": -0.10312338877988157,
        "YYXXIIII": -0.10312338877988157,
        "IIIIYYXX": -0.09935285041361419,
        "IIIIXXYY": -0.09935285041361419,
        "IIIIXYYX": 0.09935285041361419,
        "IIIIYXXY": 0.09935285041361419,
        "IYZYXZXI": 0.0973102726810222,
        "YZYIIYZY": 0.0973102726810222,
        "YZYIIXZX": 0.0973102726810222,
        "XZXIIYZY": 0.0973102726810222,
        "IYZYYZYI": 0.0973102726810222,
        "IXZXXZXI": 0.0973102726810222,
        "IXZXYZYI": 0.0973102726810222,
        "XZXIIXZX": 0.0973102726810222,
        "IXZXIXZX": 0.06456857173864027,
        "YZYIYZYI": 0.06456857173864027,
        "XZXIXZXI": 0.06456857173864027,
        "IYZYIYZY": 0.06456857173864027,
        "IXZXIYZY": 0.06456687421373683,
        "IYZYIXZX": 0.06456687421373683,
        "YZYIXZXI": 0.06456687421373683,
        "XZXIYZYI": 0.06456687421373683,
        "ZIZIIIII": 0.050882750123785826,
        "IZIZIIII": 0.050882750123785826,
        "IIIIZIZI": 0.050874172907495546,
        "IIIIIZIZ": 0.050874172907495546,
        "IIIYXXYI": 0.04380849657433233,
        "IIIYYXXI": -0.04380849657433233,
        "IIIXXYYI": -0.04380849657433233,
        "IIXZXXZX": 0.04380849657433233,
        "IIIXYYXI": 0.04380849657433233,
        "IIYZYYZY": 0.04380849657433233,
        "IIYZYXZX": 0.04380849657433233,
        "IIXZXYZY": 0.04380849657433233,
        "YZZZYZII": -0.04309918658441378,
        "XZZZXZII": -0.04309918658441378,
        "IXZZIXII": -0.04309918658441378,
        "IYZZIYII": -0.04309918658441378,
        "IIYZZIYI": -0.04307741635597036,
        "IIXZZIXI": -0.04307741635597036,
        "IIIYIZZY": -0.04307741635597036,
        "IIIXIZZX": -0.04307741635597036,
        "IXZZZXZI": -0.04288786677274521,
        "IYZZZYZI": -0.04288786677274521,
        "XZZZXIIZ": -0.04288786677274521,
        "YZZZYIIZ": -0.04288786677274521,
        "IIYZZZYZ": -0.042843790532464385,
        "IIXZZZXZ": -0.042843790532464385,
        "IIIYZZIY": -0.042843790532464385,
        "IIIXZZIX": -0.042843790532464385,
        "XZZZZXYY": -0.04213809582049738,
        "IXZZXIXX": -0.04213809582049738,
        "YZZZZYXX": -0.04213809582049738,
        "YZZZZXXY": 0.04213809582049738,
        "IYZZYIYY": -0.04213809582049738,
        "IYZZXIXY": -0.04213809582049738,
        "IXZZYIYX": -0.04213809582049738,
        "XZZZZYYX": 0.04213809582049738,
        "IXYYXIII": 0.04078871987305376,
        "IYYXXIII": -0.04078871987305376,
        "IYXXYIII": 0.04078871987305376,
        "YZYYZYII": 0.04078871987305376,
        "YZYXZXII": 0.04078871987305376,
        "XZXYZYII": 0.04078871987305376,
        "XZXXZXII": 0.04078871987305376,
        "IXXYYIII": -0.04078871987305376,
        "XZZIXIII": -0.04026290663067343,
        "YZZIYIII": -0.04026290663067343,
        "IYIZZYII": -0.04026290663067343,
        "IXIZZXII": -0.04026290663067343,
        "IIZXZZZX": -0.04009130732936736,
        "IIXIZZXI": -0.04009130732936736,
        "IIYIZZYI": -0.04009130732936736,
        "IIZYZZZY": -0.04009130732936736,
        "ZYZZZYII": -0.039711013905501524,
        "XIZZXIII": -0.039711013905501524,
        "YIZZYIII": -0.039711013905501524,
        "ZXZZZXII": -0.039711013905501524,
        "IZXZZZXI": -0.0395499013945852,
        "ZIIYZZZY": -0.0395499013945852,
        "IZYZZZYI": -0.0395499013945852,
        "ZIIXZZZX": -0.0395499013945852,
        "XXIXZZXI": -0.03901404612086929,
        "XYYZZZZX": 0.03901404612086929,
        "YXIXZZYI": -0.03901404612086929,
        "YYIYZZYI": -0.03901404612086929,
        "YXXZZZZY": 0.03901404612086929,
        "XYIYZZXI": -0.03901404612086929,
        "XXYZZZZY": -0.03901404612086929,
        "YYXZZZZX": -0.03901404612086929,
        "IIXXYYII": -0.03336244805708924,
        "IIXYYXII": 0.03336244805708924,
        "IIYXXYII": 0.03336244805708924,
        "IIYYXXII": -0.03336244805708924,
        "YXIIXYII": 0.03277532983683457,
        "YYIIXXII": -0.03277532983683457,
        "XXIIYYII": -0.03277532983683457,
        "XYIIYXII": 0.03277532983683457,
        "YZZYXZZX": -0.03274339846728538,
        "IXYIIYXI": 0.03274339846728538,
        "XZZYYZZX": 0.03274339846728538,
        "XZZXYZZY": -0.03274339846728538,
        "YZZXXZZY": 0.03274339846728538,
        "IXXIIYYI": -0.03274339846728538,
        "IYYIIXXI": -0.03274339846728538,
        "IYXIIXYI": 0.03274339846728538,
        "YZZXIXYI": -0.03274170094238194,
        "YZZYIYYI": -0.03274170094238194,
        "IYXIXZZY": -0.03274170094238194,
        "IYYIYZZY": -0.03274170094238194,
        "IXXIXZZX": -0.03274170094238194,
        "XZZXIXXI": -0.03274170094238194,
        "XZZYIYXI": -0.03274170094238194,
        "IXYIYZZX": -0.03274170094238194,
        "IIXYIIYX": 0.032727913927465525,
        "IIXXIIYY": -0.032727913927465525,
        "IIYYIIXX": -0.032727913927465525,
        "IIYXIIXY": 0.032727913927465525,
        "YXIIIIXY": 0.03215196728980304,
        "YYIIIIXX": -0.03215196728980304,
        "XXIIIIYY": -0.03215196728980304,
        "XYIIIIYX": 0.03215196728980304,
        "XZZZXIII": 0.007289428982508688,
        "YZZZYIII": 0.007289428982508688,
        "IXZZZXII": 0.007289428982508667,
        "IYZZZYII": 0.007289428982508667,
        "IIIYZZZY": 0.005012356221031855,
        "IIYZZZYI": 0.005012356221031855,
        "IIIXZZZX": 0.005012356221031855,
        "IIXZZZXI": 0.005012356221031855,
        "IXZZZXIZ": -0.000749770952247833,
        "IYZZZYIZ": -0.000749770952247833,
        "YZZZYIZI": -0.000749770952247833,
        "XZZZXIZI": -0.000749770952247833,
        "IIIXZIZX": 0.0007310802183619694,
        "IIXZIZXI": 0.0007310802183619694,
        "IIYZIZYI": 0.0007310802183619694,
        "IIIYZIZY": 0.0007310802183619694,
        "ZIYZZZYI": -0.0005358552737159128,
        "ZIXZZZXI": -0.0005358552737159128,
        "IZIYZZZY": -0.0005358552737159128,
        "IZIXZZZX": -0.0005358552737159128,
        "YZIZYIII": 0.0005258132423803241,
        "XZIZXIII": 0.0005258132423803241,
        "IYZIZYII": 0.0005258132423803241,
        "IXZIZXII": 0.0005258132423803241,
        "YZXIXZYI": 1.6975249034307735e-06,
        "XZYIYZXI": 1.6975249034307735e-06,
        "IYZXIXZY": 1.6975249034307735e-06,
        "IXZYIYZX": 1.6975249034307735e-06
    },
    "data": {
        "molecule_id": "He2_singlet_Dooh",
        "qubit_encoding": "JW",
        "unit": "Angstrom",
        "basis": "3-21g",
        "charge": 0,
        "multiplicity": 1,
        "spin": 0,