{
    "hamiltonian": {
        "IIIIIIIIII": -9.009401659441375,
        "ZIIIIIIIII": 2.2432292442644055,
        "IZIIIIIIII": 2.2432292442644055,
        "ZZIIIIIIII": 0.5688334595598638,
        "IIIIIIIIIZ": -0.14843247624355171,
        "IIIIIIIIZI": -0.1484324762435517,
        "IIIIZIIIII": -0.14843247624355166,
        "IIIIIIZIII": -0.14843247624355166,
        "IIIIIIIZII": -0.14843247624355166,
        "IIIIIZIIII": -0.1484324762435516,
        "ZIIZIIIIII": 0.1428090770625457,
        "IZZIIIIIII": 0.1428090770625457,
        "IZIIIIIIZI": 0.1423072091140695,
        "IZIIIIZIII": 0.1423072091140695,
        "ZIIIIZIIII": 0.1423072091140695,
        "ZIIIIIIZII": 0.1423072091140695,
        "IZIIZIIIII": 0.1423072091140695,
        "ZIIIIIIIIZ": 0.1423072091140695,
        "ZIIIZIIIII": 0.13840743947031442,
        "ZIIIIIZIII": 0.13840743947031442,
        "ZIIIIIIIZI": 0.13840743947031442,
        "IZIIIZIIII": 0.13840743947031442,
        "IZIIIIIIIZ": 0.13840743947031442,
        "IZIIIIIZII": 0.13840743947031442,
        "IZIZIIIIII": 0.13173460012846266,
        "ZIZIIIIIII": 0.13173460012846266,
        "IIIIIIZZII": 0.1124647602716677,
        "IIIIZZIIII": 0.11246476027166769,
        "IIIIIIIIZZ": 0.11246476027166769,
        "IIZIIZIIII": 0.10239922598622095,
        "IIIZIIIIZI": 0.10239922598622095,
        "IIIZIIZIII": 0.10239922598622095,
        "IIIZZIIIII": 0.10239922598622095,
        "IIZIIIIIIZ": 0.10239922598622095,
        "IIZIIIIZII": 0.10239922598622095,
        "IIZZIIIIII": 0.10103440494356303,
        "IIIIIIIZZI": 0.10034007066108214,
        "IIIIIIZIIZ": 0.10034007066108214,
        "IIIIZIIZII": 0.10034007066108214,
        "IIIIIZIIZI": 0.10034007066108214,
        "IIIIZIIIIZ": 0.10034007066108214,
        "IIIIIZZIII": 0.10034007066108214,
        "IIIIZIZIII": 0.09427772585578935,
        "IIIIZIIIZI": 0.09427772585578935,
        "IIIIIZIZII": 0.09427772585578935,
        "IIIIIIIZIZ": 0.09427772585578935,
        "IIIIIIZIZI": 0.09427772585578935,
        "IIIIIZIIIZ": 0.09427772585578935,
        "IIZIIIIIZI": 0.0806969811208405,
        "IIIZIIIIIZ": 0.0806969811208405,
        "IIZIZIIIII": 0.0806969811208405,
        "IIIZIIIZII": 0.0806969811208405,
        "IIIZIZIIII": 0.0806969811208405,
        "IIZIIIZIII": 0.0806969811208405,
        "ZXZXIIIIII": 0.06333252735335525,
        "ZYZYIIIIII": 0.06333252735335525,
        "XIXIIIIIII": 0.06333252735335525,
        "YIYIIIIIII": 0.06333252735335525,
        "IIIZIIIIII": -0.04669169228823567,
        "IIZIIIIIII": -0.04669169228823567,
        "YZYIIIIIII": 0.038061624067968834,
        "XZXIIIIIII": 0.038061624067968834,
        "IXZXIIIIII": 0.038061624067968834,
        "IYZYIIIIII": 0.038061624067968834,
        "IIYXXYIIII": 0.021702244865380443,
        "IIXYYXIIII": 0.021702244865380443,
        "IIYYIIXXII": -0.021702244865380443,
        "IIXXIIYYII": -0.021702244865380443,
        "IIXXYYIIII": -0.021702244865380443,
        "IIXYIIYXII": 0.021702244865380443,
        "IIYYXXIIII": -0.021702244865380443,
        "IIYXIIIIXY": 0.021702244865380443,
        "IIXYIIIIYX": 0.021702244865380443,
        "IIYXIIXYII": 0.021702244865380443,
        "IIXXIIIIYY": -0.021702244865380443,
        "IIYYIIIIXX": -0.021702244865380443,
        "YYXXIIIIII": -0.011074476934083009,
        "XYYXIIIIII": 0.011074476934083009,
        "XXYYIIIIII": -0.011074476934083009,
        "YXXYIIIIII": 0.011074476934083009,
        "YZYIIIZIII": 0.007375628245156789,
        "XZXIIIZIII": 0.007375628245156789,
        "IXZXIIIZII": 0.007375628245156789,
        "IYZYIIIZII": 0.007375628245156789,
        "YZYIIIIIZI": 0.007375628245156786,
        "IXZXIIIIIZ": 0.007375628245156786,
        "IYZYIZIIII": 0.007375628245156786,
        "IXZXIZIIII": 0.007375628245156786,
        "XZXIZIIIII": 0.007375628245156786,
        "YZYIZIIIII": 0.007375628245156786,
        "IYZYIIIIIZ": 0.007375628245156786,
        "XZXIIIIIZI": 0.007375628245156786,
        "IIIIIIYXXY": 0.0060623448052927915,
        "IIIIIIYYXX": -0.0060623448052927915,
        "IIIIIIXXYY": -0.0060623448052927915,
        "IIIIIIXYYX": 0.0060623448052927915,
        "IIIIYYXXII": -0.0060623448052927915,
        "IIIIYXIIXY": 0.0060623448052927915,
        "IIIIYXXYII": 0.0060623448052927915,
        "IIIIXYYXII": 0.0060623448052927915,
        "IIIIYYIIXX": -0.0060623448052927915,
        "IIIIXXIIYY": -0.0060623448052927915,
        "IIIIXYIIYX": 0.0060623448052927915,
        "IIIIXXYYII": -0.0060623448052927915,
        "YZZYIIIIXX": -0.005140642807413058,
        "YZZXXYIIII": 0.005140642807413058,
        "YZZYXXIIII": -0.005140642807413058,
        "XZZYYXIIII": 0.005140642807413058,
        "YZZXIIXYII": 0.005140642807413058,
        "YZZYIIXXII": -0.005140642807413058,
        "XZZYIIIIYX": 0.005140642807413058,
        "XZZXIIYYII": -0.005140642807413058,
        "XZZYIIYXII": 0.005140642807413058,
        "YZZXIIIIXY": 0.005140642807413058,
        "XZZXYYIIII": -0.005140642807413058,
        "XZZXIIIIYY": -0.005140642807413058,
        "IYXIIIXYII": -0.0051406428074130565,
        "IYYIYYIIII": -0.0051406428074130565,
        "IXXIXXIIII": -0.0051406428074130565,
        "IXYIYXIIII": -0.0051406428074130565,
        "IYYIIIYYII": -0.0051406428074130565,
        "IXXIIIXXII": -0.0051406428074130565,
        "IXYIIIYXII": -0.0051406428074130565,
        "IYXIIIIIXY": -0.0051406428074130565,
        "IYYIIIIIYY": -0.0051406428074130565,
        "IXYIIIIIYX": -0.0051406428074130565,
        "IXXIIIIIXX": -0.0051406428074130565,
        "IYXIXYIIII": -0.0051406428074130565,
        "YXIIIIIIXY": 0.003899769643755061,
        "YYIIIIIIXX": -0.003899769643755061,
        "XXIIIIIIYY": -0.003899769643755061,
        "XYIIIIIIYX": 0.003899769643755061,
        "YXIIXYIIII": 0.003899769643755061,
        "YYIIXXIIII": -0.003899769643755061,
        "YYIIIIXXII": -0.003899769643755061,
        "XXIIYYIIII": -0.003899769643755061,
        "XYIIIIYXII": 0.003899769643755061,
        "XXIIIIYYII": -0.003899769643755061,
        "YXIIIIXYII": 0.003899769643755061,
        "XYIIYXIIII": 0.003899769643755061,
        "IYIYIIIIII": 0.0035609377633151183,
        "XZXZIIIIII": 0.0035609377633151183,
        "YZYZIIIIII": 0.0035609377633151183,
        "IXIXIIIIII": 0.0035609377633151183,
        "XZXIIIIZII": 0.002234985437743731,
        "YZYIIIIZII": 0.002234985437743731,
        "IYZYIIZIII": 0.002234985437743731,
        "IXZXIIZIII": 0.002234985437743731,
        "IYZYIIIIZI": 0.0022349854377437276,
        "XZXIIZIIII": 0.0022349854377437276,
        "YZYIIIIIIZ": 0.0022349854377437276,
        "IXZXIIIIZI": 0.0022349854377437276,
        "IYZYZIIIII": 0.0022349854377437276,
        "IXZXZIIIII": 0.0022349854377437276,
        "YZYIIZIIII": 0.0022349854377437276,
        "XZXIIIIIIZ": 0.0022349854377437276
    },
    "data": {
        "molecule_id": "Be_singlet_Kh",
        "qubit_encoding": "JW",
        "unit": "Angstrom",
        "basis": "sto-3g",
        "charge": 0,
        "multiplicity": 1,
        "spin": 0,
        "geometry": "Be 0.0000000000 0.0000000000 0.0000000000",
        "n_qubits": 10,
        "n_particles": {
            "total": 4,
            "alpha": 2,
            "beta": 2
        },
        "hf_array": [
            1,
            1,
            1,
            1,
            0,
            0,
            0,
            0,
            0,
            0
        ],
        "hf_method": "pyscf.scf.hf_symm.SymAdaptedRHF",
        "convergence_threshold": 1e-06,
        "point_group": {
            "groupname": "SO3",
            "topgroup": "SO3"
        },
        "alpha": 1.0,
        "calculated_properties": {
            "HF": {
                "energy": -14.351880476202023,
                "converged": true
            },
            "MP2": {
                "energy": -14.376238850841515,
                "converged": null
            },