{
    "hamiltonian": {
        "IIIIIIII": 2.4640866846258853,
        "IIIIIIIZ": -1.0411904138688313,
        "IIIIIIZI": -1.0411904138688313,
        "IIIIIZII": -0.8293154274669664,
        "IIIIZIII": -0.8293154274669664,
        "IIZIIIII": -0.427653985450047,
        "IIIZIIII": -0.427653985450047,
        "IZIIIIII": -0.2996058850088569,
        "ZIIIIIII": -0.29960588500885676,
        "IIIIIIZZ": 0.17218585932064803,
        "ZIIIIIIZ": 0.15367497957095527,
        "IZIIIIZI": 0.15367497957095527,
        "ZZIIIIII": 0.15110887974431536,
        "IIIIIZZI": 0.1431355597533007,
        "IIIIZIIZ": 0.1431355597533007,
        "IZIIZIII": 0.135224898847249,
        "ZIIIIZII": 0.135224898847249,
        "IIIIZZII": 0.12691572832168332,
        "IZIIIIIZ": 0.12458074619700062,
        "ZIIIIIZI": 0.12458074619700062,
        "IIZIIIIZ": 0.11753747245584875,
        "IIIZIIZI": 0.11753747245584875,
        "IZZIIIII": 0.11448333325910601,
        "ZIIZIIII": 0.11448333325910601,
        "IZIIIZII": 0.10943372166850632,
        "ZIIIZIII": 0.10943372166850632,
        "IIIZZIII": 0.10495551758002071,
        "IIZIIZII": 0.10495551758002071,
        "IIZZIIII": 0.10432579828454083,
        "IIIIZIZI": 0.10076216911687133,
        "IIIIIZIZ": 0.10076216911687133,
        "IIIZIIIZ": 0.09763035963285477,
        "IIZIIIZI": 0.09763035963285477,
        "IIIZIZII": 0.09605449044107933,
        "IIZIZIII": 0.09605449044107933,
        "IXZZZXII": 0.08904778594821304,
        "XZZZXIII": 0.08904778594821304,
        "YZZZYIII": 0.08904778594821304,
        "IYZZZYII": 0.08904778594821304,
        "IZIZIIII": 0.08837848549321312,
        "ZIZIIIII": 0.08837848549321312,
        "IIIXZZZX": -0.06206478321208524,
        "IIIYZZZY": -0.06206478321208524,
        "IIXZZZXI": -0.06206478321208522,
        "IIYZZZYI": -0.06206478321208522,
        "IXZZZXZI": -0.046309594415180566,
        "IYZZZYZI": -0.046309594415180566,
        "XZZZXIIZ": -0.046309594415180566,
        "YZZZYIIZ": -0.046309594415180566,
        "IIIIYXXY": 0.04237339063642936,
        "IIIIXYYX": 0.04237339063642936,
        "IIIIXXYY": -0.04237339063642936,
        "IIIIYYXX": -0.04237339063642936,
        "IIIYZZIY": 0.04205175346962109,
        "IIXZZZXZ": 0.04205175346962109,
        "IIYZZZYZ": 0.04205175346962109,
        "IIIXZZIX": 0.04205175346962109,
        "ZXZZZXII": -0.03644285637837465,
        "ZYZZZYII": -0.03644285637837465,
        "YIZZYIII": -0.03644285637837465,
        "XIZZXIII": -0.03644285637837465,
        "ZIIYZZZY": 0.03489354209353476,
        "ZIIXZZZX": 0.03489354209353476,
        "IZXZZZXI": 0.03489354209353476,
        "IZYZZZYI": 0.03489354209353476,
        "IXZZIXII": -0.03214683731265615,
        "IYZZIYII": -0.03214683731265615,
        "YZZZYZII": -0.03214683731265615,
        "XZZZXZII": -0.03214683731265615,
        "IXZZXIXX": -0.03198696748570469,
        "IYZZYIYY": -0.03198696748570469,
        "IYZZXIXY": -0.03198696748570469,
        "XZZZZYYX": 0.03198696748570469,
        "XZZZZXYY": -0.03198696748570469,
        "IXZZYIYX": -0.03198696748570469,
        "YZZZZXXY": 0.03198696748570469,
        "YZZZZYXX": -0.03198696748570469,
        "IIYZZIYI": 0.02975262145849516,
        "IIXZZIXI": 0.02975262145849516,
        "IIIYIZZY": 0.02975262145849516,
        "IIIXIZZX": 0.02975262145849516,
        "YXIIIIXY": 0.029094233373954646,
        "YYIIIIXX": -0.029094233373954646,
        "XXIIIIYY": -0.029094233373954646,
        "XYIIIIYX": 0.029094233373954646,
        "IXZXXZXI": -0.02866974709212129,
        "IXZXYZYI": -0.02866974709212129,
        "IYZYXZXI": -0.02866974709212129,
        "IYZYYZYI": -0.02866974709212129,
        "XZXIIYZY": -0.02866974709212129,
        "XZXIIXZX": -0.02866974709212129,
        "YZYIIXZX": -0.02866974709212129,
        "YZYIIYZY": -0.02866974709212129,
        "YXXYIIII": 0.026104847765892888,
        "YYXXIIII": -0.026104847765892888,
        "XXYYIIII": -0.026104847765892888,
        "XYYXIIII": 0.026104847765892888,
        "YXIIXYII": 0.025791177178742686,
        "YYIIXXII": -0.025791177178742686,
        "XXIIYYII": -0.025791177178742686,
        "XYIIYXII": 0.025791177178742686,
        "IIIXZIZX": 0.02287250301605879,
        "IIXZIZXI": 0.02287250301605879,
        "IIYZIZYI": 0.02287250301605879,
        "IIIYZIZY": 0.02287250301605879,
        "IXYIIYXI": -0.020380838592776222,
        "IXXIIYYI": 0.020380838592776222,
        "YZZXXZZY": -0.020380838592776222,
        "IYXIIXYI": -0.020380838592776222,
        "XZZYYZZX": -0.020380838592776222,
        "XZZXYZZY": 0.020380838592776222,
        "YZZYXZZX": 0.020380838592776222,
        "IYYIIXXI": 0.020380838592776222,
        "YXIXZZYI": 0.02014209911245838,
        "YYIYZZYI": 0.02014209911245838,
        "XXIXZZXI": 0.02014209911245838,
        "YXXZZZZY": -0.02014209911245838,
        "XYIYZZXI": 0.02014209911245838,
        "XXYZZZZY": 0.02014209911245838,
        "YYXZZZZX": 0.02014209911245838,
        "XYYZZZZX": -0.02014209911245838,
        "IIXXIIYY": -0.019907112822993997,
        "IIYXIIXY": 0.019907112822993997,
        "IIYYIIXX": -0.019907112822993997,
        "IIXYIIYX": 0.019907112822993997,
        "XZXIXZXI": -0.018002887805798267,
        "YZYIYZYI": -0.018002887805798267,
        "IXZXIXZX": -0.018002887805798267,
        "IYZYIYZY": -0.018002887805798267,
        "IIZXZZZX": 0.01703288195579629,
        "IIZYZZZY": 0.01703288195579629,
        "IIXIZZXI": 0.01703288195579629,
        "IIYIZZYI": 0.01703288195579629,
        "XZZIXIII": -0.01638790235943354,
        "IYIZZYII": -0.01638790235943354,
        "YZZIYIII": -0.01638790235943354,
        "IXIZZXII": -0.01638790235943354,
        "XZIZXIII": -0.016323692810692784,
        "IYZIZYII": -0.016323692810692784,
        "IXZIZXII": -0.016323692810692784,
        "YZIZYIII": -0.016323692810692784,
        "ZIXZZZXI": 0.014751442981076387,
        "IZIYZZZY": 0.014751442981076387,
        "IZIXZZZX": 0.014751442981076387,
        "ZIYZZZYI": 0.014751442981076387,
        "IXZZZXIZ": -0.014322626929475876,
        "XZZZXIZI": -0.014322626929475876,
        "IYZZZYIZ": -0.014322626929475876,
        "YZZZYIZI": -0.014322626929475876,
        "IXXIXZZX": 0.010666859286323015,
        "XZZYIYXI": 0.010666859286323015,
        "XZZXIXXI": 0.010666859286323015,
        "YZZYIYYI": 0.010666859286323015,
        "YZZXIXYI": 0.010666859286323015,
        "IYXIXZZY": 0.010666859286323015,
        "IYYIYZZY": 0.010666859286323015,
        "IXYIYZZX": 0.010666859286323015,
        "YZXIXZYI": -0.009713979306453206,
        "XZYIYZXI": -0.009713979306453206,
        "IXZYIYZX": -0.009713979306453206,
        "IYZXIXZY": -0.009713979306453206,
        "IIXXYYII": -0.008901027138941376,
        "IIYXXYII": 0.008901027138941376,
        "IIYYXXII": -0.008901027138941376,
        "IIXYYXII": 0.008901027138941376,
        "IXZXIYZY": -0.008288908499345065,
        "XZXIYZYI": -0.008288908499345065,
        "YZYIXZXI": -0.008288908499345065,
        "IYZYIXZX": -0.008288908499345065,
        "IIIXYYXI": -0.006880118442436366,
        "IIIXXYYI": 0.006880118442436366,
        "IIIYYXXI": 0.006880118442436366,
        "IIIYXXYI": -0.006880118442436366,
        "IIXZXXZX": -0.006880118442436366,
        "IIXZXYZY": -0.006880118442436366,
        "IIYZYXZX": -0.006880118442436366,
        "IIYZYYZY": -0.006880118442436366,
        "IYXXYIII": 6.42095487407584e-05,
        "IXYYXIII": 6.42095487407584e-05,
        "XZXXZXII": 6.42095487407584e-05,
        "XZXYZYII": 6.42095487407584e-05,
        "YZYXZXII": 6.42095487407584e-05,
        "YZYYZYII": 6.42095487407584e-05,
        "IXXYYIII": -6.42095487407584e-05,
        "IYYXXIII": -6.42095487407584e-05
    },
    "data": {
        "molecule_id": "H2_singlet_Dooh",
        "qubit_encoding": "JW",
        "unit": "Angstrom",
        "basis": "3-21g",
        "charge": 0,
        "multiplicity": 1,
        "spin": 0,