{
    "hamiltonian": {
        "IIIIIIII": 3.6205989996462824,
        "IIIIIIIZ": -1.516433579078622,
        "IIIIIIZI": -1.516433579078622,
        "IIIIIZII": -0.6927519491038714,
        "IIIIZIII": -0.6927519491038714,
        "IIIZIIII": -0.46710619824311217,
        "IIZIIIII": -0.4671061982431121,
        "ZIIIIIII": -0.27880839639929544,
        "IZIIIIII": -0.27880839639929533,
        "IIIIIIZZ": 0.22691350027012944,
        "ZIIIIIIZ": 0.20743551496029777,
        "IZIIIIZI": 0.20743551496029777,
        "ZZIIIIII": 0.20475836041826756,
        "ZIIIIIZI": 0.16603931631648394,
        "IZIIIIIZ": 0.16603931631648394,
        "IIIIZIIZ": 0.15096733849035093,
        "IIIIIZZI": 0.15096733849035093,
        "IZIIZIII": 0.14971116566907589,
        "ZIIIIZII": 0.14971116566907589,
        "IIIIZIZI": 0.13225483741138677,
        "IIIIIZIZ": 0.13225483741138677,
        "IIIIZZII": 0.12183965614628375,
        "ZIIIZIII": 0.11752974536076607,
        "IZIIIZII": 0.11752974536076607,
        "IIIZIIZI": 0.11385026211803234,
        "IIZIIIIZ": 0.11385026211803234,
        "IZZIIIII": 0.1114836105885827,
        "ZIIZIIII": 0.1114836105885827,
        "IIZIIIZI": 0.10193286051650585,
        "IIIZIIIZ": 0.10193286051650585,
        "IIZZIIII": 0.09930690349241493,
        "ZIZIIIII": 0.0987237073080155,
        "IZIZIIII": 0.0987237073080155,
        "IIZIIZII": 0.09768769686596254,
        "IIIZZIII": 0.09768769686596254,
        "YZZZYIII": -0.09481747189824552,
        "XZZZXIII": -0.09481747189824552,
        "IXZZZXII": -0.09481747189824546,
        "IYZZZYII": -0.09481747189824546,
        "IIIZIZII": 0.08452935092036933,
        "IIZIZIII": 0.08452935092036933,
        "YZZZYIIZ": 0.05923589136867661,
        "IYZZZYZI": 0.05923589136867661,
        "IXZZZXZI": 0.05923589136867661,
        "XZZZXIIZ": 0.05923589136867661,
        "YIZZYIII": 0.05423139396190328,
        "XIZZXIII": 0.05423139396190328,
        "ZXZZZXII": 0.054231393961903275,
        "ZYZZZYII": 0.054231393961903275,
        "YYIIIIXX": -0.04139619864381384,
        "XYIIIIYX": 0.04139619864381384,
        "XXIIIIYY": -0.04139619864381384,
        "YXIIIIXY": 0.04139619864381384,
        "IIIYZZIY": 0.039356048916439346,
        "IIXZZZXZ": 0.039356048916439346,
        "IIIXZZIX": 0.039356048916439346,
        "IIYZZZYZ": 0.039356048916439346,
        "IIXZZZXI": -0.03806016568513506,
        "IIYZZZYI": -0.03806016568513506,
        "IIIYZZZY": -0.03806016568513505,
        "IIIXZZZX": -0.03806016568513505,
        "IZXZZZXI": 0.03516195055370084,
        "ZIIYZZZY": 0.03516195055370084,
        "ZIIXZZZX": 0.03516195055370084,
        "IZYZZZYI": 0.03516195055370084,
        "XZZZXIZI": 0.0338061736461466,
        "YZZZYIZI": 0.0338061736461466,
        "IXZZZXIZ": 0.0338061736461466,
        "IYZZZYIZ": 0.0338061736461466,
        "YXIIXYII": 0.03218142030830978,
        "XXIIYYII": -0.03218142030830978,
        "XYIIYXII": 0.03218142030830978,
        "YYIIXXII": -0.03218142030830978,
        "YZZZYZII": 0.030707577614319387,
        "XZZZXZII": 0.030707577614319387,
        "IYZZIYII": 0.030707577614319387,
        "IXZZIXII": 0.030707577614319387,
        "IXZZYIYX": 0.025429717722530002,
        "IXZZXIXX": 0.025429717722530002,
        "IYZZYIYY": 0.025429717722530002,
        "IYZZXIXY": 0.025429717722530002,
        "XZZZZYYX": -0.025429717722530002,
        "XZZZZXYY": 0.025429717722530002,
        "YZZZZYXX": 0.025429717722530002,
        "YZZZZXXY": -0.025429717722530002,
        "IIXZIZXI": 0.02320857623757416,
        "IIYZIZYI": 0.02320857623757416,
        "IIIXZIZX": 0.02320857623757416,
        "IIIYZIZY": 0.02320857623757416,
        "IIYZZIYI": 0.01906511048762381,
        "IIIYIZZY": 0.01906511048762381,
        "IIIXIZZX": 0.01906511048762381,
        "IIXZZIXI": 0.01906511048762381,
        "IIIIYXXY": 0.01871250107896419,
        "IIIIYYXX": -0.01871250107896419,
        "IIIIXXYY": -0.01871250107896419,
        "IIIIXYYX": 0.01871250107896419,
        "ZIXZZZXI": 0.018143594939700018,
        "ZIYZZZYI": 0.018143594939700018,
        "IZIXZZZX": 0.018143594939700018,
        "IZIYZZZY": 0.018143594939700018,
        "XZIZXIII": 0.017354640624511388,
        "IXZIZXII": 0.017354640624511388,
        "IYZIZYII": 0.017354640624511388,
        "YZIZYIII": 0.017354640624511388,
        "YYXZZZZX": 0.017018355614000818,
        "YXXZZZZY": -0.017018355614000818,
        "XYIYZZXI": 0.017018355614000818,
        "XXIXZZXI": 0.017018355614000818,
        "XYYZZZZX": -0.017018355614000818,
        "YYIYZZYI": 0.017018355614000818,
        "YXIXZZYI": 0.017018355614000818,
        "XXYZZZZY": 0.017018355614000818,
        "YZXIXZYI": 0.0169664952270883,
        "IYZXIXZY": 0.0169664952270883,
        "IXZYIYZX": 0.0169664952270883,
        "XZYIYZXI": 0.0169664952270883,
        "XZZXYZZY": -0.01402775065135303,
        "XZZYYZZX": 0.01402775065135303,
        "YZZYXZZX": -0.01402775065135303,
        "YZZXXZZY": 0.01402775065135303,
        "IYXIIXYI": 0.01402775065135303,
        "IXXIIYYI": -0.01402775065135303,
        "IXYIIYXI": 0.01402775065135303,
        "IYYIIXXI": -0.01402775065135303,
        "IYZYIYZY": 0.013654381968359745,
        "YZYIYZYI": 0.013654381968359745,
        "IXZXIXZX": 0.013654381968359745,
        "XZXIXZXI": 0.013654381968359745,
        "IIYYXXII": -0.0131583459455932,
        "IIXYYXII": 0.0131583459455932,
        "IIXXYYII": -0.0131583459455932,
        "IIYXXYII": 0.0131583459455932,
        "YXXYIIII": 0.012759903280567196,
        "XYYXIIII": 0.012759903280567196,
        "XXYYIIII": -0.012759903280567196,
        "YYXXIIII": -0.012759903280567196,
        "IIXXIIYY": -0.011917401601526476,
        "IIYXIIXY": 0.011917401601526476,
        "IIYYIIXX": -0.011917401601526476,
        "IIXYIIYX": 0.011917401601526476,
        "XZXIIYZY": 0.010715637392624475,
        "XZXIIXZX": 0.010715637392624475,
        "IYZYYZYI": 0.010715637392624475,
        "IXZXXZXI": 0.010715637392624475,
        "YZYIIXZX": 0.010715637392624475,
        "YZYIIYZY": 0.010715637392624475,
        "IXZXYZYI": 0.010715637392624475,
        "IYZYXZXI": 0.010715637392624475,
        "IIZYZZZY": 0.009735864996520932,
        "IIXIZZXI": 0.009735864996520932,
        "IIZXZZZX": 0.009735864996520932,
        "IIYIZZYI": 0.009735864996520932,
        "IYYXXIII": -0.00940993642510364,
        "IXYYXIII": 0.00940993642510364,
        "IXXYYIII": -0.00940993642510364,
        "IYXXYIII": 0.00940993642510364,
        "YZYYZYII": 0.009409936425103639,
        "YZYXZXII": 0.009409936425103639,
        "XZXYZYII": 0.009409936425103639,
        "XZXXZXII": 0.009409936425103639,
        "IXIZZXII": 0.007944704199407748,
        "YZZIYIII": 0.007944704199407748,
        "XZZIXIII": 0.007944704199407748,
        "IYIZZYII": 0.007944704199407748,
        "IIYZYYZY": 0.004143465749950352,
        "IIYZYXZX": 0.004143465749950352,
        "IIXZXYZY": 0.004143465749950352,
        "IIXZXXZX": 0.004143465749950352,
        "IIIXYYXI": 0.004143465749950351,
        "IIIYYXXI": -0.004143465749950351,
        "IIIYXXYI": 0.004143465749950351,
        "IIIXXYYI": -0.004143465749950351,
        "YZYIXZXI": -0.0033121132587285575,
        "XZXIYZYI": -0.0033121132587285575,
        "IXZXIYZY": -0.0033121132587285575,
        "IYZYIXZX": -0.0033121132587285575,
        "IYYIYZZY": 0.002938744575735271,
        "YZZXIXYI": 0.002938744575735271,
        "YZZYIYYI": 0.002938744575735271,
        "XZZXIXXI": 0.002938744575735271,
        "XZZYIYXI": 0.002938744575735271,
        "IYXIXZZY": 0.002938744575735271,
        "IXYIYZZX": 0.002938744575735271,
        "IXXIXZZX": 0.002938744575735271
    },
    "data": {
        "molecule_id": "H2_singlet_Dooh",
        "qubit_encoding": "JW",
        "unit": "Angstrom",
        "basis": "3-21g",
        "charge": 0,
        "multiplicity": 1,
        "spin": 0,