{
    "hamiltonian": {
        "IIIIIIII": 2.810873433310159,
        "IIIIIIZI": -1.2355483525910111,
        "IIIIIIIZ": -1.235548352591011,
        "IIIIIZII": -0.7503408715149994,
        "IIIIZIII": -0.7503408715149994,
        "IIZIIIII": -0.4524491978624545,
        "IIIZIIII": -0.4524491978624545,
        "ZIIIIIII": -0.2949247202796201,
        "IZIIIIII": -0.2949247202796201,
        "IIIIIIZZ": 0.2028268412670236,
        "IZIIIIZI": 0.18183955587215173,
        "ZIIIIIIZ": 0.18183955587215173,
        "ZZIIIIII": 0.1776207073627982,
        "IIIIIZZI": 0.1494042191545395,
        "IIIIZIIZ": 0.1494042191545395,
        "ZIIIIIZI": 0.1453379837204731,
        "IZIIIIIZ": 0.1453379837204731,
        "IZIIZIII": 0.14490405700899509,
        "ZIIIIZII": 0.14490405700899509,
        "IIIIZZII": 0.1259665505871452,
        "IIIIIZIZ": 0.1212013353669043,
        "IIIIZIZI": 0.1212013353669043,
        "IIZIIIIZ": 0.11576260789383849,
        "IIIZIIZI": 0.11576260789383849,
        "ZIIIZIII": 0.11401956415003352,
        "IZIIIZII": 0.11401956415003352,
        "IZZIIIII": 0.11287787386969982,
        "ZIIZIIII": 0.11287787386969982,
        "IIZZIIII": 0.10093167443209589,
        "IIIZIIIZ": 0.10026655905767048,
        "IIZIIIZI": 0.10026655905767048,
        "IIIZZIII": 0.1000456785026645,
        "IIZIIZII": 0.1000456785026645,
        "YZZZYIII": 0.09653907177813029,
        "IXZZZXII": 0.09653907177813029,
        "IYZZZYII": 0.09653907177813029,
        "XZZZXIII": 0.09653907177813029,
        "ZIZIIIII": 0.09461013571981193,
        "IZIZIIII": 0.09461013571981193,
        "IIIZIZII": 0.08998021450645381,
        "IIZIZIII": 0.08998021450645381,
        "IXZZZXZI": -0.05495478319614914,
        "YZZZYIIZ": -0.05495478319614914,
        "XZZZXIIZ": -0.05495478319614914,
        "IYZZZYZI": -0.05495478319614914,
        "IIIXZZZX": -0.051236678320672746,
        "IIIYZZZY": -0.051236678320672746,
        "IIXZZZXI": -0.051236678320672725,
        "IIYZZZYI": -0.051236678320672725,
        "ZYZZZYII": -0.0469787773707486,
        "ZXZZZXII": -0.0469787773707486,
        "YIZZYIII": -0.0469787773707486,
        "XIZZXIII": -0.0469787773707486,
        "IIIYZZIY": 0.04201377517634573,
        "IIYZZZYZ": 0.04201377517634573,
        "IIXZZZXZ": 0.04201377517634573,
        "IIIXZZIX": 0.04201377517634573,
        "YYIIIIXX": -0.03650157215167866,
        "XXIIIIYY": -0.03650157215167866,
        "XYIIIIYX": 0.03650157215167866,
        "YXIIIIXY": 0.03650157215167866,
        "IZYZZZYI": 0.03604789413261569,
        "IZXZZZXI": 0.03604789413261569,
        "ZIIYZZZY": 0.03604789413261569,
        "ZIIXZZZX": 0.03604789413261569,
        "IXZZIXII": -0.03340990412652492,
        "XZZZXZII": -0.03340990412652492,
        "YZZZYZII": -0.03340990412652492,
        "IYZZIYII": -0.03340990412652492,
        "XXIIYYII": -0.030884492858961575,
        "YYIIXXII": -0.030884492858961575,
        "YXIIXYII": 0.030884492858961575,
        "XYIIYXII": 0.030884492858961575,
        "XZZZZYYX": 0.029728059260794634,
        "YZZZZXXY": 0.029728059260794634,
        "YZZZZYXX": -0.029728059260794634,
        "XZZZZXYY": -0.029728059260794634,
        "IXZZYIYX": -0.029728059260794634,
        "IYZZYIYY": -0.029728059260794634,
        "IYZZXIXY": -0.029728059260794634,
        "IXZZXIXX": -0.029728059260794634,
        "IIIIYXXY": 0.028202883787635184,
        "IIIIYYXX": -0.028202883787635184,
        "IIIIXXYY": -0.028202883787635184,
        "IIIIXYYX": 0.028202883787635184,
        "IIYZIZYI": 0.025703460698937006,
        "IIXZIZXI": 0.025703460698937006,
        "IIIYZIZY": 0.025703460698937006,
        "IIIXZIZX": 0.025703460698937006,
        "YZZZYIZI": -0.02522672393535451,
        "XZZZXIZI": -0.02522672393535451,
        "IYZZZYIZ": -0.02522672393535451,
        "IXZZZXIZ": -0.02522672393535451,
        "IIXZZIXI": 0.023956274095094536,
        "IIYZZIYI": 0.023956274095094536,
        "IIIYIZZY": 0.023956274095094536,
        "IIIXIZZX": 0.023956274095094536,
        "YYIYZZYI": 0.01921984812777953,
        "YXIXZZYI": 0.01921984812777953,
        "XYIYZZXI": 0.01921984812777953,
        "XYYZZZZX": -0.01921984812777953,
        "XXYZZZZY": 0.01921984812777953,
        "YYXZZZZX": 0.01921984812777953,
        "YXXZZZZY": -0.01921984812777953,
        "XXIXZZXI": 0.01921984812777953,
        "YZIZYIII": -0.018596741571093568,
        "XZIZXIII": -0.018596741571093568,
        "IYZIZYII": -0.018596741571093568,
        "IXZIZXII": -0.018596741571093568,
        "XXYYIIII": -0.018267738149887875,
        "YYXXIIII": -0.018267738149887875,
        "YXXYIIII": 0.018267738149887875,
        "XYYXIIII": 0.018267738149887875,
        "IXZXYZYI": -0.017868624079180283,
        "YZYIIYZY": -0.017868624079180283,
        "YZYIIXZX": -0.017868624079180283,
        "XZXIIYZY": -0.017868624079180283,
        "XZXIIXZX": -0.017868624079180283,
        "IYZYYZYI": -0.017868624079180283,
        "IXZXXZXI": -0.017868624079180283,
        "IYZYXZXI": -0.017868624079180283,
        "IYYIIXXI": 0.017622845313092557,
        "IXYIIYXI": -0.017622845313092557,
        "IXXIIYYI": 0.017622845313092557,
        "YZZYXZZX": 0.017622845313092557,
        "IYXIIXYI": -0.017622845313092557,
        "XZZYYZZX": -0.017622845313092557,
        "XZZXYZZY": 0.017622845313092557,
        "YZZXXZZY": -0.017622845313092557,
        "IZIXZZZX": 0.01682804600483616,
        "IZIYZZZY": 0.01682804600483616,
        "ZIXZZZXI": 0.01682804600483616,
        "ZIYZZZYI": 0.01682804600483616,
        "IIYXIIXY": 0.01549604883616802,
        "IIXXIIYY": -0.01549604883616802,
        "IIXYIIYX": 0.01549604883616802,
        "IIYYIIXX": -0.01549604883616802,
        "IXZXIXZX": -0.01529371809059782,
        "XZXIXZXI": -0.01529371809059782,
        "IYZYIYZY": -0.01529371809059782,
        "YZYIYZYI": -0.01529371809059782,
        "XZYIYZXI": -0.015047939324510092,
        "YZXIXZYI": -0.015047939324510092,
        "IXZYIYZX": -0.015047939324510092,
        "IYZXIXZY": -0.015047939324510092,
        "IIZYZZZY": 0.012439096309575324,
        "IIXIZZXI": 0.012439096309575324,
        "IIYIZZYI": 0.012439096309575324,
        "IIZXZZZX": 0.012439096309575324,
        "IYIZZYII": -0.011329709033918977,
        "XZZIXIII": -0.011329709033918977,
        "YZZIYIII": -0.011329709033918977,
        "IXIZZXII": -0.011329709033918977,
        "IIXYYXII": 0.010065463996210694,
        "IIYYXXII": -0.010065463996210694,
        "IIYXXYII": 0.010065463996210694,
        "IIXXYYII": -0.010065463996210694,
        "IYYXXIII": 0.007267032537174595,
        "IXXYYIII": 0.007267032537174595,
        "YZYYZYII": -0.007267032537174595,
        "YZYXZXII": -0.007267032537174595,
        "XZXYZYII": -0.007267032537174595,
        "XZXXZXII": -0.007267032537174595,
        "IYXXYIII": -0.007267032537174595,
        "IXYYXIII": -0.007267032537174595,
        "YZZXIXYI": 0.002574905988582465,
        "YZZYIYYI": 0.002574905988582465,
        "XZZXIXXI": 0.002574905988582465,
        "XZZYIYXI": 0.002574905988582465,
        "IXXIXZZX": 0.002574905988582465,
        "IYYIYZZY": 0.002574905988582465,
        "IXYIYZZX": 0.002574905988582465,
        "IYXIXZZY": 0.002574905988582465,
        "IIIXYYXI": 0.0017471866038424686,
        "IIIXXYYI": -0.0017471866038424686,
        "IIIYYXXI": -0.0017471866038424686,
        "IIIYXXYI": 0.0017471866038424686,
        "IIXZXXZX": 0.0017471866038424684,
        "IIYZYYZY": 0.0017471866038424684,
        "IIYZYXZX": 0.0017471866038424684,
        "IIXZXYZY": 0.0017471866038424684,
        "IYZYIXZX": -0.0002457787660877243,
        "IXZXIYZY": -0.0002457787660877243,
        "XZXIYZYI": -0.0002457787660877243,
        "YZYIXZXI": -0.0002457787660877243
    },
    "data": {
        "molecule_id": "H2_singlet_Dooh",
        "qubit_encoding": "JW",
        "unit": "Angstrom",
        "basis": "3-21g",
        "charge": 0,
        "multiplicity": 1,
        "spin": 0,