{
    "hamiltonian": {
        "IIIIIIII": 2.4012270432118545,
        "IIIIIIZI": -0.9613434832811647,
        "IIIIIIIZ": -0.9613434832811646,
        "IIIIIZII": -0.8889163737529496,
        "IIIIZIII": -0.8889163737529495,
        "IIZIIIII": -0.40727876964065507,
        "IIIZIIII": -0.40727876964065507,
        "ZIIIIIII": -0.29811994776381445,
        "IZIIIIII": -0.29811994776381445,
        "IIIIIIZZ": 0.1533667197084427,
        "IIIIIZZI": 0.13844009653278133,
        "IIIIZIIZ": 0.13844009653278133,
        "IZIIIIZI": 0.13779315130829703,
        "ZIIIIIIZ": 0.13779315130829703,
        "ZZIIIIII": 0.13723701010892683,
        "IZIIZIII": 0.12895883396567814,
        "ZIIIIZII": 0.12895883396567814,
        "IIIIZZII": 0.1287162725396188,
        "IIIZIIZI": 0.11701199385322356,
        "IIZIIIIZ": 0.11701199385322356,
        "IZZIIIII": 0.11418553243775972,
        "ZIIZIIII": 0.11418553243775972,
        "IZIIIIIZ": 0.11345564583719944,
        "ZIIIIIZI": 0.11345564583719944,
        "IIIZZIII": 0.10918315993799971,
        "IIZIIZII": 0.10918315993799971,
        "ZIIIZIII": 0.10683057286504412,
        "IZIIIZII": 0.10683057286504412,
        "IIZZIIII": 0.10665304641355712,
        "IIZIZIII": 0.0977682592719189,
        "IIIZIZII": 0.0977682592719189,
        "IIZIIIZI": 0.09546233630116814,
        "IIIZIIIZ": 0.09546233630116814,
        "IIIIZIZI": 0.08762518765662282,
        "IIIIIZIZ": 0.08762518765662282,
        "IZIZIIII": 0.08326175637556273,
        "ZIZIIIII": 0.08326175637556273,
        "YZZZYIII": 0.08072382158062749,
        "XZZZXIII": 0.08072382158062749,
        "IYZZZYII": 0.08072382158062749,
        "IXZZZXII": 0.08072382158062749,
        "IIYZZZYI": -0.0641312250320909,
        "IIXZZZXI": -0.0641312250320909,
        "IIIYZZZY": -0.0641312250320909,
        "IIIXZZZX": -0.0641312250320909,
        "IIIIXYYX": 0.05081490887615852,
        "IIIIXXYY": -0.05081490887615852,
        "IIIIYYXX": -0.05081490887615852,
        "IIIIYXXY": 0.05081490887615852,
        "XZZZXIIZ": -0.039726316208049006,
        "YZZZYIIZ": -0.039726316208049006,
        "IYZZZYZI": -0.039726316208049006,
        "IXZZZXZI": -0.039726316208049006,
        "IIIYZZIY": 0.03960084434408835,
        "IIIXZZIX": 0.03960084434408835,
        "IIXZZZXZ": 0.03960084434408835,
        "IIYZZZYZ": 0.03960084434408835,
        "XZXIIYZY": -0.035217640603806874,
        "IXZXYZYI": -0.035217640603806874,
        "IYZYXZXI": -0.035217640603806874,
        "IYZYYZYI": -0.035217640603806874,
        "YZYIIYZY": -0.035217640603806874,
        "YZYIIXZX": -0.035217640603806874,
        "IXZXXZXI": -0.035217640603806874,
        "XZXIIXZX": -0.035217640603806874,
        "IIXZZIXI": 0.032828330099130845,
        "IIYZZIYI": 0.032828330099130845,
        "IIIYIZZY": 0.032828330099130845,
        "IIIXIZZX": 0.032828330099130845,
        "ZIIXZZZX": 0.03243722938453267,
        "IZXZZZXI": 0.03243722938453267,
        "IZYZZZYI": 0.03243722938453267,
        "ZIIYZZZY": 0.03243722938453267,
        "IYZZXIXY": -0.031085940875447197,
        "IYZZYIYY": -0.031085940875447197,
        "IXZZYIYX": -0.031085940875447197,
        "IXZZXIXX": -0.031085940875447197,
        "YZZZZXXY": 0.031085940875447197,
        "YZZZZYXX": -0.031085940875447197,
        "XZZZZXYY": -0.031085940875447197,
        "XZZZZYYX": 0.031085940875447197,
        "YZZZYZII": -0.030972279828155338,
        "XZZZXZII": -0.030972279828155338,
        "IXZZIXII": -0.030972279828155334,
        "IYZZIYII": -0.030972279828155334,
        "XXYYIIII": -0.03092377606219701,
        "YXXYIIII": 0.03092377606219701,
        "XYYXIIII": 0.03092377606219701,
        "YYXXIIII": -0.03092377606219701,
        "ZYZZZYII": -0.029680269468466264,
        "ZXZZZXII": -0.029680269468466264,
        "YIZZYIII": -0.02968026946846626,
        "XIZZXIII": -0.02968026946846626,
        "YXIIIIXY": 0.024337505471097587,
        "XXIIIIYY": -0.024337505471097587,
        "YYIIIIXX": -0.024337505471097587,
        "XYIIIIYX": 0.024337505471097587,
        "YYIIXXII": -0.022128261100634018,
        "XXIIYYII": -0.022128261100634018,
        "YXIIXYII": 0.022128261100634018,
        "XYIIYXII": 0.022128261100634018,
        "IIXYIIYX": 0.021549657552055426,
        "IIXXIIYY": -0.021549657552055426,
        "IIYYIIXX": -0.021549657552055426,
        "IIYXIIXY": 0.021549657552055426,
        "IYYIIXXI": 0.020421662009262126,
        "YZZXXZZY": -0.020421662009262126,
        "YZZYXZZX": 0.020421662009262126,
        "XZZXYZZY": 0.020421662009262126,
        "XZZYYZZX": -0.020421662009262126,
        "IXXIIYYI": 0.020421662009262126,
        "IXYIIYXI": -0.020421662009262126,
        "IYXIIXYI": -0.020421662009262126,
        "XZXIXZXI": -0.02018923113800673,
        "IXZXIXZX": -0.02018923113800673,
        "YZYIYZYI": -0.02018923113800673,
        "IYZYIYZY": -0.02018923113800673,
        "IIXIZZXI": 0.01991774152161617,
        "IIYIZZYI": 0.01991774152161617,
        "IIZXZZZX": 0.019917741521616166,
        "IIZYZZZY": 0.019917741521616166,
        "YXXZZZZY": -0.019364019605391445,
        "YYXZZZZX": 0.019364019605391445,
        "YYIYZZYI": 0.019364019605391445,
        "YXIXZZYI": 0.019364019605391445,
        "XXYZZZZY": 0.019364019605391445,
        "XXIXZZXI": 0.019364019605391445,
        "XYYZZZZX": -0.019364019605391445,
        "XYIYZZXI": 0.019364019605391445,
        "YZZIYIII": -0.019122901524810453,
        "XZZIXIII": -0.019122901524810453,
        "IXIZZXII": -0.019122901524810453,
        "IYIZZYII": -0.019122901524810453,
        "IIIXZIZX": 0.017294750490311817,
        "IIIYZIZY": 0.017294750490311817,
        "IIXZIZXI": 0.017294750490311817,
        "IIYZIZYI": 0.017294750490311817,
        "IIXZXYZY": -0.015533579608819023,
        "IIXZXXZX": -0.015533579608819023,
        "IIYZYXZX": -0.015533579608819023,
        "IIYZYYZY": -0.015533579608819023,
        "IIIYXXYI": -0.015533579608819022,
        "IIIXYYXI": -0.015533579608819022,
        "IIIXXYYI": 0.015533579608819022,
        "IIIYYXXI": 0.015533579608819022,
        "IXXIXZZX": 0.015028409465800148,
        "XZZXIXXI": 0.015028409465800148,
        "YZZYIYYI": 0.015028409465800148,
        "YZZXIXYI": 0.015028409465800148,
        "IYXIXZZY": 0.015028409465800148,
        "IYYIYZZY": 0.015028409465800148,
        "IXYIYZZX": 0.015028409465800148,
        "XZZYIYXI": 0.015028409465800148,
        "XZXIYZYI": -0.014795978594544752,
        "YZYIXZXI": -0.014795978594544752,
        "IXZXIYZY": -0.014795978594544752,
        "IYZYIXZX": -0.014795978594544752,
        "IZIYZZZY": 0.013073209779141216,
        "IZIXZZZX": 0.013073209779141216,
        "ZIXZZZXI": 0.013073209779141216,
        "ZIYZZZYI": 0.013073209779141216,
        "IXZIZXII": -0.011942213658784603,
        "XZIZXIII": -0.011942213658784603,
        "YZIZYIII": -0.011942213658784603,
        "IYZIZYII": -0.011942213658784603,
        "IIYXXYII": 0.011414900666080807,
        "IIXYYXII": 0.011414900666080807,
        "IIYYXXII": -0.011414900666080807,
        "IIXXYYII": -0.011414900666080807,
        "XZZZXIZI": -0.00864037533260181,
        "IYZZZYIZ": -0.00864037533260181,
        "IXZZZXIZ": -0.00864037533260181,
        "YZZZYIZI": -0.00864037533260181,
        "XZXXZXII": 0.007180687866025851,
        "XZXYZYII": 0.007180687866025851,
        "YZYXZXII": 0.007180687866025851,
        "YZYYZYII": 0.007180687866025851,
        "IYXXYIII": 0.00718068786602585,
        "IXXYYIII": -0.00718068786602585,
        "IXYYXIII": 0.00718068786602585,
        "IYYXXIII": -0.00718068786602585,
        "XZYIYZXI": -0.005393252543461976,
        "YZXIXZYI": -0.005393252543461976,
        "IYZXIXZY": -0.005393252543461976,
        "IXZYIYZX": -0.005393252543461976
    },
    "data": {
        "molecule_id": "H2_singlet_Dooh",
        "qubit_encoding": "JW",
        "unit": "Angstrom",
        "basis": "3-21g",
        "charge": 0,
        "multiplicity": 1,