{
    "hamiltonian": {
        "IIIIIIII": 2.2513197809239385,
        "IIIIIIIZ": -0.9055537734111619,
        "IIIIIIZI": -0.9055537734111619,
        "IIIIIZII": -0.8639736590934374,
        "IIIIZIII": -0.8639736590934373,
        "IIZIIIII": -0.3186459699082958,
        "IIIZIIII": -0.3186459699082958,
        "ZIIIIIII": -0.2758828299324597,
        "IZIIIIII": -0.2758828299324597,
        "IIIIZZII": 0.12943779782777318,
        "IIIIIZZI": 0.12379766011284202,
        "IIIIZIIZ": 0.12379766011284202,
        "IIIIIIZZ": 0.11987432822183654,
        "IIIZZIII": 0.11065862146251745,
        "IIZIIZII": 0.11065862146251745,
        "IZIIZIII": 0.10968113505156701,
        "ZIIIIZII": 0.10968113505156701,
        "IIZIIIIZ": 0.10691512635591421,
        "IIIZIIZI": 0.10691512635591421,
        "IZIIIIZI": 0.10466075068210398,
        "ZIIIIIIZ": 0.10466075068210398,
        "IIZZIIII": 0.1041238195079918,
        "ZZIIIIII": 0.10340263355362858,
        "IZZIIIII": 0.10275610373232566,
        "ZIIZIIII": 0.10275610373232566,
        "IZIIIZII": 0.0913900008227992,
        "ZIIIZIII": 0.0913900008227992,
        "IIZIZIII": 0.08887183679289874,
        "IIIZIZII": 0.08887183679289874,
        "ZIIIIIZI": 0.08850346588794496,
        "IZIIIIIZ": 0.08850346588794496,
        "IIZIIIZI": 0.08723846975306217,
        "IIIZIIIZ": 0.08723846975306217,
        "IIIIYXXY": 0.06703496814890585,
        "IIIIYYXX": -0.06703496814890585,
        "IIIIXXYY": -0.06703496814890585,
        "IIIIXYYX": 0.06703496814890585,
        "XZZZXIII": 0.06264436509794544,
        "YZZZYIII": 0.06264436509794544,
        "IXZZZXII": 0.06264436509794544,
        "IYZZZYII": 0.06264436509794544,
        "IIIXZZZX": 0.0610680192652693,
        "IIIYZZZY": 0.0610680192652693,
        "IIYZZZYI": 0.061068019265269294,
        "IIXZZZXI": 0.061068019265269294,
        "IZIZIIII": 0.05770018865779419,
        "ZIZIIIII": 0.05770018865779419,
        "IIIIZIZI": 0.05676269196393618,
        "IIIIIZIZ": 0.05676269196393618,
        "IXZXYZYI": 0.05027610919982296,
        "XZXIIXZX": 0.05027610919982296,
        "XZXIIYZY": 0.05027610919982296,
        "YZYIIXZX": 0.05027610919982296,
        "YZYIIYZY": 0.05027610919982296,
        "IYZYXZXI": 0.05027610919982296,
        "IYZYYZYI": 0.05027610919982296,
        "IXZXXZXI": 0.05027610919982296,
        "XYYXIIII": 0.04505591507453149,
        "XXYYIIII": -0.04505591507453149,
        "YYXXIIII": -0.04505591507453149,
        "YXXYIIII": 0.04505591507453149,
        "IIXZZIXI": -0.0337130191568871,
        "IIIXIZZX": -0.0337130191568871,
        "IIIYIZZY": -0.0337130191568871,
        "IIYZZIYI": -0.0337130191568871,
        "IIIYXXYI": 0.03370172429381283,
        "IIXZXXZX": 0.03370172429381283,
        "IIXZXYZY": 0.03370172429381283,
        "IIYZYXZX": 0.03370172429381283,
        "IIIYYXXI": -0.03370172429381283,
        "IIYZYYZY": 0.03370172429381283,
        "IIIXYYXI": 0.03370172429381283,
        "IIIXXYYI": -0.03370172429381283,
        "IXZXIYZY": 0.032157239937371324,
        "XZXIYZYI": 0.032157239937371324,
        "YZYIXZXI": 0.032157239937371324,
        "IYZYIXZX": 0.032157239937371324,
        "IXZXIXZX": 0.031869971611890716,
        "XZXIXZXI": 0.031869971611890716,
        "YZYIYZYI": 0.031869971611890716,
        "IYZYIYZY": 0.031869971611890716,
        "IIXZZZXZ": -0.03114700385188733,
        "IIYZZZYZ": -0.03114700385188733,
        "IIIYZZIY": -0.031147003851887328,
        "IIIXZZIX": -0.031147003851887328,
        "IXZZIXII": -0.030003100054497613,
        "IYZZIYII": -0.030003100054497613,
        "YZZZYZII": -0.03000310005449761,
        "XZZZXZII": -0.03000310005449761,
        "YZZZYIIZ": -0.029014177994499457,
        "IYZZZYZI": -0.029014177994499457,
        "IXZZZXZI": -0.029014177994499457,
        "XZZZXIIZ": -0.029014177994499457,
        "YZZZZXXY": 0.026154778777374554,
        "XZZZZYYX": 0.026154778777374554,
        "IYZZXIXY": -0.026154778777374554,
        "YZZZZYXX": -0.026154778777374554,
        "IYZZYIYY": -0.026154778777374554,
        "IXZZXIXX": -0.026154778777374554,
        "IXZZYIYX": -0.026154778777374554,
        "XZZZZXYY": -0.026154778777374554,
        "IYYXXIII": -0.022814455249216988,
        "IXYYXIII": 0.022814455249216988,
        "IYXXYIII": 0.022814455249216988,
        "IXXYYIII": -0.022814455249216988,
        "YZYYZYII": 0.022814455249216988,
        "YZYXZXII": 0.022814455249216988,
        "XZXYZYII": 0.022814455249216988,
        "XZXXZXII": 0.022814455249216988,
        "IIXIZZXI": -0.022385810173333784,
        "IIZYZZZY": -0.022385810173333784,
        "IIZXZZZX": -0.022385810173333784,
        "IIYIZZYI": -0.022385810173333784,
        "IIYYXXII": -0.02178678466961872,
        "IIXYYXII": 0.02178678466961872,
        "IIXXYYII": -0.02178678466961872,
        "IIYXXYII": 0.02178678466961872,
        "IZYZZZYI": -0.02118742498564899,
        "ZIIYZZZY": -0.02118742498564899,
        "IZXZZZXI": -0.02118742498564899,
        "ZIIXZZZX": -0.02118742498564899,
        "XZZIXIII": -0.020735903316855667,
        "YZZIYIII": -0.020735903316855667,
        "IXIZZXII": -0.020735903316855667,
        "IYIZZYII": -0.020735903316855667,
        "IIYXIIXY": 0.019676656602852036,
        "IIYYIIXX": -0.019676656602852036,
        "IIXXIIYY": -0.019676656602852036,
        "IIXYIIYX": 0.019676656602852036,
        "YZZXIXYI": -0.018406137587932265,
        "YZZYIYYI": -0.018406137587932265,
        "IXYIYZZX": -0.018406137587932265,
        "XZZXIXXI": -0.018406137587932265,
        "XZZYIYXI": -0.018406137587932265,
        "IXXIXZZX": -0.018406137587932265,
        "IYYIYZZY": -0.018406137587932265,
        "IYXIXZZY": -0.018406137587932265,
        "YXIIXYII": 0.018291134228767797,
        "XYIIYXII": 0.018291134228767797,
        "XXIIYYII": -0.018291134228767797,
        "YYIIXXII": -0.018291134228767797,
        "IXXIIYYI": -0.018118869262451653,
        "IXYIIYXI": 0.018118869262451653,
        "IYYIIXXI": -0.018118869262451653,
        "YZZYXZZX": -0.018118869262451653,
        "YZZXXZZY": 0.018118869262451653,
        "IYXIIXYI": 0.018118869262451653,
        "XZZXYZZY": -0.018118869262451653,
        "XZZYYZZX": 0.018118869262451653,
        "YIZZYIII": -0.017889674972999668,
        "ZYZZZYII": -0.017889674972999668,
        "ZXZZZXII": -0.017889674972999668,
        "XIZZXIII": -0.017889674972999668,
        "XXYZZZZY": -0.016185741981783377,
        "XYYZZZZX": 0.016185741981783377,
        "YYIYZZYI": -0.016185741981783377,
        "YYXZZZZX": -0.016185741981783377,
        "XYIYZZXI": -0.016185741981783377,
        "XXIXZZXI": -0.016185741981783377,
        "YXIXZZYI": -0.016185741981783377,
        "YXXZZZZY": 0.016185741981783377,
        "XYIIIIYX": 0.016157284794159035,
        "XXIIIIYY": -0.016157284794159035,
        "YYIIIIXX": -0.016157284794159035,
        "YXIIIIXY": 0.016157284794159035,
        "IZIXZZZX": -0.005001683003865617,
        "ZIXZZZXI": -0.005001683003865617,
        "ZIYZZZYI": -0.005001683003865617,
        "IZIYZZZY": -0.005001683003865617,
        "IYZZZYIZ": -0.0028593992171249078,
        "XZZZXIZI": -0.0028593992171249078,
        "YZZZYIZI": -0.0028593992171249078,
        "IXZZZXIZ": -0.0028593992171249078,
        "XZIZXIII": 0.0020785519323613198,
        "IYZIZYII": 0.0020785519323613198,
        "IXZIZXII": 0.0020785519323613198,
        "YZIZYIII": 0.0020785519323613198,
        "YZXIXZYI": -0.00028726832548060886,
        "XZYIYZXI": -0.00028726832548060886,
        "IYZXIXZY": -0.00028726832548060886,
        "IXZYIYZX": -0.00028726832548060886,
        "IIIXZIZX": -1.1294863074259864e-05,
        "IIXZIZXI": -1.1294863074259864e-05,
        "IIYZIZYI": -1.1294863074259864e-05,
        "IIIYZIZY": -1.1294863074259864e-05
    },
    "data": {
        "molecule_id": "H2_singlet_Dooh",
        "qubit_encoding": "JW",
        "unit": "Angstrom",
        "basis": "3-21g",
        "charge": 0,