{
    "hamiltonian": {
        "IIZI": -0.3547592346523808,
        "IIIZ": -0.3547592346523808,
        "IIII": 0.32572349444469745,
        "ZIII": 0.2101399502222857,
        "IZII": 0.2101399502222857,
        "IIZZ": 0.18523247965873346,
        "ZZII": 0.17907253595809478,
        "ZIIZ": 0.17593434955182946,
        "IZZI": 0.17593434955182946,
        "ZIZI": 0.1334949610529445,
        "IZIZ": 0.1334949610529445,
        "YXXY": 0.04243938849888496,
        "YYXX": -0.04243938849888496,
        "XXYY": -0.04243938849888496,
        "XYYX": 0.04243938849888496
    },
    "data": {
        "molecule_id": "H2_singlet_Dooh",
        "qubit_encoding": "JW",
        "unit": "Angstrom",
        "basis": "sto-3g",
        "charge": 0,
        "multiplicity": 1,
        "spin": 0,
        "geometry": "H 0.0000000000 0.0000000000 0.1112100000\nH 0.0000000000 0.0000000000 0.6301900000",
        "n_qubits": 4,
        "n_particles": {
            "total": 2,
            "alpha": 1,
            "beta": 1
        },
        "hf_array": [
            1,
            1,
            0,
            0
        ],
        "hf_method": "pyscf.scf.hf_symm.SymAdaptedRHF",
        "convergence_threshold": 1e-06,
        "point_group": {
            "groupname": "Dooh",
            "topgroup": "Dooh"
        },
        "alpha": 0.7,
        "calculated_properties": {
            "HF": {
                "energy": -1.058628480897355,
                "converged": true
            },
            "MP2": {
                "energy": -1.0674202098028456,
                "converged": null
            },
            "CISD": {
                "energy": -1.0713107383040361,
                "converged": true
            },
            "CCSD": {
                "energy": -1.0713107720428867,
                "converged": true,
                "t1_diagnostic": 2.399517774242839e-17
            },
            "FCI": {
                "energy": -1.0713107383040361,
                "converged": true,
                "spin_matches_target": true,
                "multiplicity": 1.0,
                "oscillatory_converged": false,
                "oscillation_energy_change": null
            }
        },
        "auxiliary_operators": {
            "number_operator": {
                "IIII": 2.0,
                "ZIII": -0.5,
                "IZII": -0.5,
                "IIZI": -0.5,
                "IIIZ": -0.5
            },
            "N_alpha": {
                "IIII": 1.0,
                "ZIII": -0.5,
                "IIZI": -0.5
            },
            "N_beta": {
                "IIII": 1.0,
                "IZII": -0.5,
                "IIIZ": -0.5
            },
            "S^2_operator": {
                "IIII": 0.75,
                "ZZII": -0.375,
                "IIZZ": -0.375,
                "YXYX": 0.125,
                "YXXY": -0.125,
                "XXYY": 0.125,
                "XXXX": 0.125,
                "YYYY": 0.125,
                "YYXX": 0.125,
                "XYYX": -0.125,
                "XYXY": 0.125,
                "ZIZI": 0.125,
                "ZIIZ": -0.125,
                "IZZI": -0.125,
                "IZIZ": 0.125
            },
            "UCCSD_operator": {
                "XXYX": 0.009338532253080886,
                "YYYX": -0.009338532253080886,
                "YXYY": 0.009338532253080886,
                "XYYY": 0.009338532253080886,
                "YXXX": -0.009338532253080886,
                "XYXX": -0.009338532253080886,
                "XXXY": 0.009338532253080886,
                "YYXY": -0.009338532253080886
            }
        },
        "hf_method_fallback": "standard",
        "generation_time_s": 1.083,
        "timestamp": "2026-03-10T21:24:34.811288+00:00",
        "formula_latex": "$\\mathrm{H_{2}}$"
    }
}