{
    "hamiltonian": {
        "IIIIIIII": 2.363996824609393,
        "IIIIIIIZ": -0.9323328315380547,
        "IIIIIIZI": -0.9323328315380547,
        "IIIIIZII": -0.9057053369752597,
        "IIIIZIII": -0.9057053369752596,
        "IIZIIIII": -0.37411162163702877,
        "IIIZIIII": -0.37411162163702877,
        "ZIIIIIII": -0.2931731996075772,
        "IZIIIIII": -0.2931731996075771,
        "IIIIIIZZ": 0.1339977291464351,
        "IIIIZZII": 0.13273802194489265,
        "IIIIIZZI": 0.13235201338534372,
        "IIIIZIIZ": 0.13235201338534372,
        "ZIIIIIIZ": 0.12175579108508568,
        "IZIIIIZI": 0.12175579108508568,
        "ZZIIIIII": 0.12169508072720307,
        "ZIIIIZII": 0.12008719127635425,
        "IZIIZIII": 0.12008719127635425,
        "IIZIIIIZ": 0.11383688837661743,
        "IIIZIIZI": 0.11383688837661743,
        "IIZIIZII": 0.11367482125704105,
        "IIIZZIII": 0.11367482125704105,
        "IZZIIIII": 0.11127868707513655,
        "ZIIZIIII": 0.11127868707513655,
        "IIZZIIII": 0.10818662320136482,
        "ZIIIIIZI": 0.10278937365765282,
        "IZIIIIIZ": 0.10278937365765282,
        "ZIIIZIII": 0.10079745181299322,
        "IZIIIZII": 0.10079745181299322,
        "IIZIIIZI": 0.09632829290701449,
        "IIIZIIIZ": 0.09632829290701449,
        "IIIZIZII": 0.09204643708662066,
        "IIZIZIII": 0.09204643708662066,
        "ZIZIIIII": 0.07455920310342037,
        "IZIZIIII": 0.07455920310342037,
        "IIIIIZIZ": 0.07394819734190042,
        "IIIIZIZI": 0.07394819734190042,
        "XZZZZZXI": 0.0697593038083432,
        "YZZZZZYI": 0.0697593038083432,
        "IXZZZZZX": 0.06975930380834319,
        "IYZZZZZY": 0.06975930380834319,
        "IIIXZXII": -0.06347425963986546,
        "IIIYZYII": -0.06347425963986546,
        "IIXZXIII": -0.06347425963986544,
        "IIYZYIII": -0.06347425963986544,
        "IIIIXYYX": 0.0584038160434433,
        "IIIIYXXY": 0.0584038160434433,
        "IIIIYYXX": -0.0584038160434433,
        "IIIIXXYY": -0.0584038160434433,
        "YZYIIYZY": -0.041927129712799764,
        "XZXIIXZX": -0.041927129712799764,
        "XZXIIYZY": -0.041927129712799764,
        "YZYIIXZX": -0.041927129712799764,
        "IYZYYZYI": -0.041927129712799764,
        "IXZXXZXI": -0.041927129712799764,
        "IXZXYZYI": -0.041927129712799764,
        "IYZYXZXI": -0.041927129712799764,
        "YXXYIIII": 0.036719483971716156,
        "XXYYIIII": -0.036719483971716156,
        "YYXXIIII": -0.036719483971716156,
        "XYYXIIII": 0.036719483971716156,
        "IIIYZYZI": 0.03536698361583736,
        "IIXZXIIZ": 0.03536698361583736,
        "IIYZYIIZ": 0.03536698361583736,
        "IIIXZXZI": 0.03536698361583736,
        "IIIYIYII": 0.03481016244434447,
        "IIIXIXII": 0.03481016244434447,
        "IIXZXZII": 0.03481016244434446,
        "IIYZYZII": 0.03481016244434446,
        "IYZZIZZY": -0.03204201405433281,
        "IXZZIZZX": -0.03204201405433281,
        "YZZZZIYI": -0.03204201405433281,
        "XZZZZIXI": -0.03204201405433281,
        "XZZZZZXZ": -0.030814353016920315,
        "YZZZZZYZ": -0.030814353016920315,
        "IYZZZZIY": -0.030814353016920315,
        "IXZZZZIX": -0.030814353016920315,
        "IYZZYXXI": -0.02808055084310615,
        "XZZZXXZX": 0.02808055084310615,
        "XZZZXYZY": 0.02808055084310615,
        "YZZZYXZX": 0.02808055084310615,
        "IXZZXYYI": -0.02808055084310615,
        "IXZZYYXI": 0.02808055084310615,
        "IYZZXXYI": 0.02808055084310615,
        "YZZZYYZY": 0.02808055084310615,
        "IZYZYIII": 0.02776150584806978,
        "IZXZXIII": 0.02776150584806978,
        "ZIIYZYII": 0.02776150584806978,
        "ZIIXZXII": 0.02776150584806978,
        "IIIYYIYY": 0.026570368687251045,
        "IIIXXIXX": 0.026570368687251045,
        "IIIXYIYX": 0.026570368687251045,
        "IIIYXIXY": 0.026570368687251045,
        "IIYZZXXY": -0.02657036868725104,
        "IIXZZXYY": 0.02657036868725104,
        "IIXZZYYX": -0.02657036868725104,
        "IIYZZYXX": 0.02657036868725104,
        "XZXIYZYI": -0.023936563641765784,
        "IXZXIYZY": -0.023936563641765784,
        "IYZYIXZX": -0.023936563641765784,
        "YZYIXZXI": -0.023936563641765784,
        "YZYIYZYI": -0.023018967513288458,
        "XZXIXZXI": -0.023018967513288458,
        "IXZXIXZX": -0.023018967513288458,
        "IYZYIYZY": -0.023018967513288458,
        "IIYIYIII": 0.022471401128335386,
        "IIXIXIII": 0.022471401128335386,
        "IIZYZYII": 0.022471401128335386,
        "IIZXZXII": 0.022471401128335386,
        "XIZZZZXI": -0.022045031738159436,
        "YIZZZZYI": -0.022045031738159436,
        "ZYZZZZZY": -0.022045031738159436,
        "ZXZZZZZX": -0.022045031738159436,
        "IIYXXYII": 0.021628384170420387,
        "IIYYXXII": -0.021628384170420387,
        "IIXXYYII": -0.021628384170420387,
        "IIXYYXII": 0.021628384170420387,
        "YZZIZZYI": -0.020743756588570045,
        "XZZIZZXI": -0.020743756588570045,
        "IYIZZZZY": -0.020743756588570045,
        "IXIZZZZX": -0.020743756588570045,
        "XYIIYXII": 0.019289739463361016,
        "XXIIYYII": -0.019289739463361016,
        "YYIIXXII": -0.019289739463361016,
        "YXIIXYII": 0.019289739463361016,
        "YYIIIIXX": -0.01896641742743285,
        "YXIIIIXY": 0.01896641742743285,
        "XXIIIIYY": -0.01896641742743285,
        "XYIIIIYX": 0.01896641742743285,
        "IYXIXZZY": 0.018908162199511306,
        "IYYIYZZY": 0.018908162199511306,
        "IXXIXZZX": 0.018908162199511306,
        "IXYIYZZX": 0.018908162199511306,
        "YZZXIXYI": 0.018908162199511306,
        "YZZYIYYI": 0.018908162199511306,
        "XZZXIXXI": 0.018908162199511306,
        "XZZYIYXI": 0.018908162199511306,
        "XZZYYZZX": -0.01799056607103398,
        "XZZXYZZY": 0.01799056607103398,
        "IXYIIYXI": -0.01799056607103398,
        "IXXIIYYI": 0.01799056607103398,
        "IYYIIXXI": 0.01799056607103398,
        "IYXIIXYI": -0.01799056607103398,
        "YZZYXZZX": 0.01799056607103398,
        "YZZXXZZY": -0.01799056607103398,
        "XYIYXIII": 0.01755211945795153,
        "XYYZZXII": -0.01755211945795153,
        "XXYZZYII": 0.01755211945795153,
        "YXIXYIII": 0.01755211945795153,
        "YXXZZYII": -0.01755211945795153,
        "YYXZZXII": 0.01755211945795153,
        "YYIYYIII": 0.01755211945795153,
        "XXIXXIII": 0.01755211945795153,
        "IIYYIIXX": -0.01750859546960296,
        "IIYXIIXY": 0.01750859546960296,
        "IIXYIIYX": 0.01750859546960296,
        "IIXXIIYY": -0.01750859546960296,
        "IYXXZZYI": 0.016501050170273483,
        "IYYXZZXI": -0.016501050170273483,
        "IXXYZZYI": -0.016501050170273483,
        "IXYYZZXI": 0.016501050170273483,
        "XZXXZZZX": 0.01650105017027348,
        "YZYYZZZY": 0.01650105017027348,
        "YZYXZZZX": 0.01650105017027348,
        "XZXYZZZY": 0.01650105017027348,
        "IZIYZYII": 0.010209386390118255,
        "ZIYZYIII": 0.010209386390118255,
        "ZIXZXIII": 0.010209386390118255,
        "IZIXZXII": 0.010209386390118255,
        "IIIXZXIZ": 0.008796614928586317,
        "IIIYZYIZ": 0.008796614928586317,
        "IIYZYIZI": 0.008796614928586317,
        "IIXZXIZI": 0.008796614928586317,
        "IXZIZZZX": -0.004242706418296563,
        "XZIZZZXI": -0.004242706418296563,
        "YZIZZZYI": -0.004242706418296563,
        "IYZIZZZY": -0.004242706418296563,
        "YZZZIZYI": -0.003961463211226656,
        "IYZZZIZY": -0.003961463211226656,
        "IXZZZIZX": -0.003961463211226656,
        "XZZZIZXI": -0.003961463211226656,
        "XZYIYZXI": 0.000917596128477324,
        "YZXIXZYI": 0.000917596128477324,
        "IYZXIXZY": 0.000917596128477324,
        "IXZYIYZX": 0.000917596128477324
    },
    "data": {
        "molecule_id": "H2_singlet_Dooh",
        "qubit_encoding": "JW",
        "unit": "Angstrom",
        "basis": "3-21g",
        "charge": 0,
        "multiplicity": 1,
        "spin": 0,