{
    "hamiltonian": {
        "IIII": -0.2508025042077618,
        "IIZZ": 0.1678070177681297,
        "IIZI": -0.16417569557328165,
        "IIIZ": -0.16417569557328165,
        "ZZII": 0.16161674073246393,
        "ZIIZ": 0.15968097025340977,
        "IZZI": 0.15968097025340977,
        "IZII": 0.15038677896266323,
        "ZIII": 0.15038677896266317,
        "ZIZI": 0.11219481658063368,
        "IZIZ": 0.11219481658063368,
        "YXXY": 0.04748615367277609,
        "YYXX": -0.04748615367277609,
        "XXYY": -0.04748615367277609,
        "XYYX": 0.04748615367277609
    },
    "data": {
        "molecule_id": "H2_singlet_Dooh",
        "qubit_encoding": "JW",
        "unit": "Angstrom",
        "basis": "sto-3g",
        "charge": 0,
        "multiplicity": 1,
        "spin": 0,
        "geometry": "H 0.0000000000 0.0000000000 -0.0741400000\nH 0.0000000000 0.0000000000 0.8155400000",
        "n_qubits": 4,
        "n_particles": {
            "total": 2,
            "alpha": 1,
            "beta": 1
        },
        "hf_array": [
            1,
            1,
            0,
            0
        ],
        "hf_method": "pyscf.scf.hf_symm.SymAdaptedRHF",
        "convergence_threshold": 1e-06,
        "point_group": {
            "groupname": "Dooh",
            "topgroup": "Dooh"
        },
        "alpha": 1.2,
        "calculated_properties": {
            "HF": {
                "energy": -1.094255268447145,
                "converged": true
            },
            "MP2": {
                "energy": -1.111309351946382,
                "converged": null
            },
            "CISD": {
                "energy": -1.1223039328099853,
                "converged": true
            },
            "CCSD": {
                "energy": -1.1223039328116549,
                "converged": true,
                "t1_diagnostic": 1.850919521514195e-17
            },
            "FCI": {
                "energy": -1.1223039328099853,
                "converged": true,
                "spin_matches_target": true,
                "multiplicity": 1.0,
                "oscillatory_converged": false,
                "oscillation_energy_change": null
            }
        },
        "auxiliary_operators": {
            "number_operator": {
                "IIII": 2.0,
                "ZIII": -0.5,
                "IZII": -0.5,
                "IIZI": -0.5,
                "IIIZ": -0.5
            },
            "N_alpha": {
                "IIII": 1.0,
                "ZIII": -0.5,
                "IIZI": -0.5
            },
            "N_beta": {
                "IIII": 1.0,
                "IZII": -0.5,
                "IIIZ": -0.5
            },
            "S^2_operator": {
                "IIII": 0.75,
                "ZZII": -0.375,
                "IIZZ": -0.375,
                "YXYX": 0.125,
                "YXXY": -0.125,
                "XXYY": 0.125,
                "XXXX": 0.125,
                "YYYY": 0.125,
                "YYXX": 0.125,
                "XYYX": -0.125,
                "XYXY": 0.125,
                "ZIZI": 0.125,
                "ZIIZ": -0.125,
                "IZZI": -0.125,
                "IZIZ": 0.125
            },
            "UCCSD_operator": {
                "XXYX": 0.018458449328850268,
                "YYYX": -0.018458449328850268,
                "YXYY": 0.018458449328850268,
                "XYYY": 0.018458449328850268,
                "YXXX": -0.018458449328850268,
                "XYXX": -0.018458449328850268,
                "XXXY": 0.018458449328850268,
                "YYXY": -0.018458449328850268
            }
        },
        "hf_method_fallback": "standard",
        "generation_time_s": 1.211,
        "timestamp": "2026-03-10T21:24:27.630656+00:00",
        "formula_latex": "$\\mathrm{H_{2}}$"
    }
}