{
    "hamiltonian": {
        "IIIIIIII": 2.6765213782737676,
        "IIIIIIZI": -1.1733793614119161,
        "IIIIIIIZ": -1.173379361411916,
        "IIIIIZII": -0.769522591818118,
        "IIIIZIII": -0.769522591818118,
        "IIZIIIII": -0.4467025639090294,
        "IIIZIIII": -0.4467025639090294,
        "ZIIIIIII": -0.29741026584644176,
        "IZIIIIII": -0.2974102658464416,
        "IIIIIIZZ": 0.19480082076354294,
        "ZIIIIIIZ": 0.174063468994962,
        "IZIIIIZI": 0.174063468994962,
        "ZZIIIIII": 0.1699928511161201,
        "IIIIIZZI": 0.1480767710865461,
        "IIIIZIIZ": 0.1480767710865461,
        "ZIIIIZII": 0.14260893415276776,
        "IZIIZIII": 0.14260893415276776,
        "IZIIIIIZ": 0.1394115176708721,
        "ZIIIIIZI": 0.1394115176708721,
        "IIIIZZII": 0.12651683857932414,
        "IIZIIIIZ": 0.11640346002255209,
        "IIIZIIZI": 0.11640346002255209,
        "IIIIZIZI": 0.11631561576219943,
        "IIIIIZIZ": 0.11631561576219943,
        "IZZIIIII": 0.11341595946517838,
        "ZIIZIIII": 0.11341595946517838,
        "IZIIIZII": 0.11279875727140645,
        "ZIIIZIII": 0.11279875727140645,
        "IIZZIIII": 0.1017004435861764,
        "IIIZZIII": 0.10110883272787827,
        "IIZIIZII": 0.10110883272787827,
        "IIIZIIIZ": 0.09964676659485168,
        "IIZIIIZI": 0.09964676659485168,
        "YZZZYIII": 0.09549694838482038,
        "XZZZXIII": 0.09549694838482038,
        "IYZZZYII": 0.09549694838482038,
        "IXZZZXII": 0.09549694838482038,
        "ZIZIIIII": 0.09313997177791747,
        "IZIZIIII": 0.09313997177791747,
        "IIZIZIII": 0.09178855779202913,
        "IIIZIZII": 0.09178855779202913,
        "IIXZZZXI": -0.05491387767000243,
        "IIYZZZYI": -0.05491387767000243,
        "IIIYZZZY": -0.05491387767000242,
        "IIIXZZZX": -0.05491387767000242,
        "YZZZYIIZ": -0.05296596774741129,
        "XZZZXIIZ": -0.05296596774741129,
        "IXZZZXZI": -0.05296596774741129,
        "IYZZZYZI": -0.05296596774741129,
        "ZYZZZYII": -0.04429317514107641,
        "ZXZZZXII": -0.04429317514107641,
        "XIZZXIII": -0.044293175141076405,
        "YIZZYIII": -0.044293175141076405,
        "IIYZZZYZ": 0.042472986227668395,
        "IIXZZZXZ": 0.042472986227668395,
        "IIIYZZIY": 0.04247298622766839,
        "IIIXZZIX": 0.04247298622766839,
        "IZYZZZYI": 0.036055704976071655,
        "ZIIXZZZX": 0.036055704976071655,
        "ZIIYZZZY": 0.036055704976071655,
        "IZXZZZXI": 0.036055704976071655,
        "XYIIIIYX": 0.03465195132408989,
        "YYIIIIXX": -0.03465195132408989,
        "XXIIIIYY": -0.03465195132408989,
        "YXIIIIXY": 0.03465195132408989,
        "IYZZIYII": -0.03345265436873128,
        "IXZZIXII": -0.03345265436873128,
        "YZZZYZII": -0.03345265436873127,
        "XZZZXZII": -0.03345265436873127,
        "IIIIXXYY": -0.031761155324346695,
        "IIIIXYYX": 0.031761155324346695,
        "IIIIYXXY": 0.031761155324346695,
        "IIIIYYXX": -0.031761155324346695,
        "XZZZZYYX": 0.030710256557733337,
        "XZZZZXYY": -0.030710256557733337,
        "YZZZZYXX": -0.030710256557733337,
        "YZZZZXXY": 0.030710256557733337,
        "IXZZYIYX": -0.030710256557733337,
        "IYZZXIXY": -0.030710256557733337,
        "IYZZYIYY": -0.030710256557733337,
        "IXZZXIXX": -0.030710256557733337,
        "XYIIYXII": 0.029810176881361332,
        "XXIIYYII": -0.029810176881361332,
        "YYIIXXII": -0.029810176881361332,
        "YXIIXYII": 0.029810176881361332,
        "IIXZIZXI": 0.025722841419229384,
        "IIYZIZYI": 0.025722841419229384,
        "IIIXZIZX": 0.025722841419229384,
        "IIIYZIZY": 0.025722841419229384,
        "IIIYIZZY": 0.025562865912411595,
        "IIIXIZZX": 0.025562865912411595,
        "IIYZZIYI": 0.025562865912411595,
        "IIXZZIXI": 0.025562865912411595,
        "IXZZZXIZ": -0.02225571118967795,
        "IYZZZYIZ": -0.02225571118967795,
        "YZZZYIZI": -0.02225571118967795,
        "XZZZXIZI": -0.02225571118967795,
        "IYZYYZYI": -0.020588914168058116,
        "XZXIIYZY": -0.020588914168058116,
        "IYZYXZXI": -0.020588914168058116,
        "IXZXYZYI": -0.020588914168058116,
        "XZXIIXZX": -0.020588914168058116,
        "IXZXXZXI": -0.020588914168058116,
        "YZYIIXZX": -0.020588914168058116,
        "YZYIIYZY": -0.020588914168058116,
        "XXYYIIII": -0.020275987687260907,
        "XYYXIIII": 0.020275987687260907,
        "YXXYIIII": 0.020275987687260907,
        "YYXXIIII": -0.020275987687260907,
        "XXIXZZXI": 0.019707819306603865,
        "YXIXZZYI": 0.019707819306603865,
        "YYXZZZZX": 0.019707819306603865,
        "XXYZZZZY": 0.019707819306603865,
        "XYYZZZZX": -0.019707819306603865,
        "YYIYZZYI": 0.019707819306603865,
        "YXXZZZZY": -0.019707819306603865,
        "XYIYZZXI": 0.019707819306603865,
        "XZZYYZZX": -0.01860476620023893,
        "YZZYXZZX": 0.01860476620023893,
        "YZZXXZZY": -0.01860476620023893,
        "XZZXYZZY": 0.01860476620023893,
        "IXXIIYYI": 0.01860476620023893,
        "IXYIIYXI": -0.01860476620023893,
        "IYXIIXYI": -0.01860476620023893,
        "IYYIIXXI": 0.01860476620023893,
        "YZIZYIII": -0.018497374907082063,
        "IXZIZXII": -0.018497374907082063,
        "IYZIZYII": -0.018497374907082063,
        "XZIZXIII": -0.018497374907082063,
        "IIXXIIYY": -0.016756693427700396,
        "IIXYIIYX": 0.016756693427700396,
        "IIYXIIXY": 0.016756693427700396,
        "IIYYIIXX": -0.016756693427700396,
        "IZIYZZZY": 0.016347885669467793,
        "IZIXZZZX": 0.016347885669467793,
        "ZIXZZZXI": 0.016347885669467793,
        "ZIYZZZYI": 0.016347885669467793,
        "YZYIYZYI": -0.015927282329243904,
        "XZXIXZXI": -0.015927282329243904,
        "IXZXIXZX": -0.015927282329243904,
        "IYZYIYZY": -0.015927282329243904,
        "XZYIYZXI": -0.013943134361424718,
        "IXZYIYZX": -0.013943134361424718,
        "IYZXIXZY": -0.013943134361424718,
        "YZXIXZYI": -0.013943134361424718,
        "IIZYZZZY": 0.01355876636455892,
        "IIZXZZZX": 0.01355876636455892,
        "IIXIZZXI": 0.01355876636455892,
        "IIYIZZYI": 0.01355876636455892,
        "YZZIYIII": -0.012618424389041129,
        "XZZIXIII": -0.012618424389041129,
        "IXIZZXII": -0.012618424389041129,
        "IYIZZYII": -0.012618424389041129,
        "IIXYYXII": 0.009320274935849132,
        "IIYXXYII": 0.009320274935849132,
        "IIXXYYII": -0.009320274935849132,
        "IIYYXXII": -0.009320274935849132,
        "IYYXXIII": 0.005878950518040934,
        "IXXYYIII": 0.005878950518040934,
        "YZYYZYII": -0.005878950518040934,
        "YZYXZXII": -0.005878950518040934,
        "XZXYZYII": -0.005878950518040934,
        "XZXXZXII": -0.005878950518040934,
        "IYXXYIII": -0.005878950518040934,
        "IXYYXIII": -0.005878950518040934,
        "YZZXIXYI": 0.004661631838814212,
        "YZZYIYYI": 0.004661631838814212,
        "XZZXIXXI": 0.004661631838814212,
        "XZZYIYXI": 0.004661631838814212,
        "IXXIXZZX": 0.004661631838814212,
        "IYYIYZZY": 0.004661631838814212,
        "IXYIYZZX": 0.004661631838814212,
        "IYXIXZZY": 0.004661631838814212,
        "IYZYIXZX": -0.0019841479678191862,
        "IXZXIYZY": -0.0019841479678191862,
        "XZXIYZYI": -0.0019841479678191862,
        "YZYIXZXI": -0.0019841479678191862,
        "IIXZXXZX": 0.0001599755068177918,
        "IIIXYYXI": 0.0001599755068177918,
        "IIIXXYYI": -0.0001599755068177918,
        "IIIYYXXI": -0.0001599755068177918,
        "IIIYXXYI": 0.0001599755068177918,
        "IIYZYYZY": 0.0001599755068177918,
        "IIYZYXZX": 0.0001599755068177918,
        "IIXZXYZY": 0.0001599755068177918
    },
    "data": {
        "molecule_id": "H2_singlet_Dooh",
        "qubit_encoding": "JW",
        "unit": "Angstrom",
        "basis": "3-21g",
        "charge": 0,
        "multiplicity": 1,