{"n_qubits": 4, "qubits": [1, 2, 3, 4], "fci_energy": -1.8215577781757375, "hf_energy": -1.701983839760115, "CS_SRE": [0.359465011524635, 0.5352054233596671, 0.6561217518279049, 1.0275383471275508], "CS_energy": [-1.705573658730528, -1.73956476510079, -1.7865406959397614, -1.8215577781757357], "overlaps": [0.7865220685214902, 0.681718409636732, 0.5831022452356844, 0.4149394573914526], "solver": "scipy", "data": {"molecule_id": "H4_singlet_D4h", "qubit_encoding": "JW", "unit": "Angstrom", "basis": "sto-3g", "charge": 0, "multiplicity": 1, "spin": 0, "geometry": "H 0.6135000000 0.6135000000 0.0000000000\nH 1.8405000000 0.6135000000 0.0000000000\nH 1.8405000000 1.8405000000 0.0000000000\nH 0.6135000000 1.8405000000 0.0000000000", "n_qubits": 8, "n_particles": {"total": 4, "alpha": 2, "beta": 2}, "hf_array": [1, 1, 1, 1, 0, 0, 0, 0], "hf_method": "pyscf.scf.hf_symm.SymAdaptedRHF", "convergence_threshold": 1e-06, "point_group": {"groupname": "D2h", "topgroup": "D4h"}, "alpha": 0.5, "calculated_properties": {"HF": {"energy": -1.701983839760115, "converged": true}, "MP2": {"energy": -1.7395460805260752, "converged": null}, "CISD": {"energy": -1.794810650725322, "converged": true}, "CCSD": {"energy": -1.7878672208450597, "converged": true, "t1_diagnostic": 8.274570994373513e-09, "_t1_diagnostic_check": {"branch_match": false, "recalculated_hf_energy": -1.7796081111456514, "recalculated_ccsd_energy": -1.9763582748975215, "delta_hf_ha": -0.0776242713855364, "delta_ccsd_ha": -0.1884910540524618}}, "FCI": {"energy": -1.8215577781757375, "converged": true, "spin_matches_target": true, "multiplicity": 1.0, "oscillatory_converged": false, "oscillation_energy_change": null}}, "auxiliary_operators": {"number_operator": {"IIIIIIII": 4.0, "ZIIIIIII": -0.5, "IZIIIIII": -0.5, "IIZIIIII": -0.5, "IIIZIIII": -0.5, "IIIIZIII": -0.5, "IIIIIZII": -0.5, "IIIIIIZI": -0.5, "IIIIIIIZ": -0.5}, "N_alpha": {"IIIIIIII": 2.0, "ZIIIIIII": -0.5, "IIZIIIII": -0.5, "IIIIZIII": -0.5, "IIIIIIZI": -0.5}, "N_beta": {"IIIIIIII": 2.0, "IZIIIIII": -0.5, "IIIZIIII": -0.5, "IIIIIZII": -0.5, "IIIIIIIZ": -0.5}, "S^2_operator": {"IIIIIIII": 1.5, "ZZIIIIII": -0.375, "IIIIZZII": -0.375, "IIIIIIZZ": -0.375, "IIZZIIII": -0.375, "ZIIZIIII": -0.125, "ZIZIIIII": 0.125, "IIIIXYXY": 0.125, "IIIIXYYX": -0.125, "IIIIYYXX": 0.125, "IIIIYYYY": 0.125, "IIIIXXXX": 0.125, "IIIIXXYY": 0.125, "IIIIYXXY": -0.125, "IIIIYXYX": 0.125, "IIXYIIXY": 0.125, "IIXYIIYX": -0.125, "ZIIIZIII": 0.125, "ZIIIIZII": -0.125, "ZIIIIIZI": 0.125, "ZIIIIIIZ": -0.125, "IIIIZIIZ": -0.125, "IIIIZIZI": 0.125, "IIIZIIIZ": 0.125, "IIIZIIZI": -0.125, "IIIZIZII": 0.125, "IIIZZIII": -0.125, "IIZIIIIZ": -0.125, "IIYYIIXX": 0.125, "IIZIIIZI": 0.125, "IIZIZIII": 0.125, "IZIIIIIZ": 0.125, "IZIIIIZI": -0.125, "IZIIIZII": 0.125, "IZIIZIII": -0.125, "IZIZIIII": 0.125, "IZZIIIII": -0.125, "IIZIIZII": -0.125, "IIYYIIYY": 0.125, "IIXXIIXX": 0.125, "IIXXIIYY": 0.125, "XYIIYXII": -0.125, "YYIIXXII": 0.125, "YYIIYYII": 0.125, "XXIIXXII": 0.125, "XXIIYYII": 0.125, "YXIIXYII": -0.125, "YXIIYXII": 0.125, "XYXYIIII": 0.125, "XYYXIIII": -0.125, "YYXXIIII": 0.125, "YYYYIIII": 0.125, "XXXXIIII": 0.125, "XXYYIIII": 0.125, "YXXYIIII": -0.125, "YXYXIIII": 0.125, "XYIIXYII": 0.125, "IIIIIZZI": -0.125, "YXIIIIYX": 0.125, "XXIIIIYY": 0.125, "IIYXIIXY": -0.125, "IIYXIIYX": 0.125, "IIXYXYII": 0.125, "IIXYYXII": -0.125, "IIYYXXII": 0.125, "IIYYYYII": 0.125, "IIXXXXII": 0.125, "IIXXYYII": 0.125, "IIYXXYII": -0.125, "IIYXYXII": 0.125, "XYIIIIXY": 0.125, "XYIIIIYX": -0.125, "YYIIIIXX": 0.125, "YYIIIIYY": 0.125, "XXIIIIXX": 0.125, "YXIIIIXY": -0.125, "IIIIIZIZ": 0.125}, "UCCSD_operator": {"IIXXXYII": -0.07498024264240845, "IIXYXXII": 0.07498024264240845, "IIYXXXII": 0.07498024264240845, "IIXYYYII": -0.07498024264240845, "IIYXYYII": -0.07498024264240845, "IIYYYXII": 0.07498024264240845, "IIXXYXII": -0.07498024264240845, "IIYYXYII": 0.07498024264240845, "YZZZZZXI": -0.04326537047350884, "IYZZZZZX": -0.04326537047350884, "IXZZZZZY": 0.04326537047350884, "XZZZZZYI": 0.04326537047350884, "YXIIYYII": 0.03702617934753842, "YXIIXXII": -0.03702617934753842, "YYIIYXII": -0.03702617934753842, "XXIIYXII": 0.03702617934753842, "XYIIYYII": 0.03702617934753842, "YYIIXYII": -0.03702617934753842, "XXIIXYII": 0.03702617934753842, "XYIIXXII": -0.03702617934753842, "IIYYIIYX": -0.03652948041370759, "IIXXIIYX": 0.03652948041370759, "IIYXIIYY": 0.03652948041370759, "IIXYIIYY": 0.03652948041370759, "IIYXIIXX": -0.03652948041370759, "IIXXIIXY": 0.03652948041370759, "IIXYIIXX": -0.03652948041370759, "IIYYIIXY": -0.03652948041370759, "YYIIIIXY": -0.0012133544425210073, "XXIIIIYX": 0.0012133544425210073, "YYIIIIYX": -0.0012133544425210073, "YXIIIIYY": 0.0012133544425210073, "XYIIIIYY": 0.0012133544425210073, "YXIIIIXX": -0.0012133544425210073, "XXIIIIXY": 0.0012133544425210073, "XYIIIIXX": -0.0012133544425210073}}, "hf_method_fallback": "standard", "generation_time_s": 3.365, "timestamp": "2026-03-10T21:49:09.862218+00:00", "formula_latex": "$\\mathrm{H_{4}}$"}}