{"n_qubits": 4, "qubits": [1, 2, 3, 4], "fci_energy": -1.8663203319719162, "hf_energy": -1.2027394760312782, "CS_SRE": [0.0003644889484700443, 0.00037732004755465764, 0.26740707737424246, 0.5299619015747109], "CS_energy": [-1.5010962017347915, -1.801692016447198, -1.8345607666673516, -1.866320331971913], "overlaps": [0.5079478994146236, 0.2562341234271737, 0.23002126812038481, 0.205886636500832], "solver": "scipy", "data": {"molecule_id": "H4_singlet_D4h", "qubit_encoding": "JW", "unit": "Angstrom", "basis": "sto-3g", "charge": 0, "multiplicity": 1, "spin": 0, "geometry": "H -0.6135000000 -0.6135000000 0.0000000000\nH 3.0675000000 -0.6135000000 0.0000000000\nH 3.0675000000 3.0675000000 0.0000000000\nH -0.6135000000 3.0675000000 0.0000000000", "n_qubits": 8, "n_particles": {"total": 4, "alpha": 2, "beta": 2}, "hf_array": [1, 1, 1, 1, 0, 0, 0, 0], "hf_method": "pyscf.scf.hf_symm.SymAdaptedRHF", "convergence_threshold": 1e-06, "point_group": {"groupname": "D2h", "topgroup": "D4h"}, "alpha": 1.5, "calculated_properties": {"HF": {"energy": -1.2027394760312782, "converged": true}, "MP2": {"energy": -2.0667091047090285, "converged": null}, "CISD": {"energy": -1.6704797829047537, "converged": true}, "CCSD": {"energy": -1.9037252558247677, "converged": false, "t1_diagnostic": null, "_t1_diagnostic_check": {"recompute_failed": true, "stage": "ccsd"}}, "FCI": {"energy": -1.8663203319719162, "converged": true, "spin_matches_target": true, "multiplicity": 0.9999999999999991, "oscillatory_converged": false, "oscillation_energy_change": null}}, "auxiliary_operators": {"number_operator": {"IIIIIIII": 4.0, "ZIIIIIII": -0.5, "IZIIIIII": -0.5, "IIZIIIII": -0.5, "IIIZIIII": -0.5, "IIIIZIII": -0.5, "IIIIIZII": -0.5, "IIIIIIZI": -0.5, "IIIIIIIZ": -0.5}, "N_alpha": {"IIIIIIII": 2.0, "ZIIIIIII": -0.5, "IIZIIIII": -0.5, "IIIIZIII": -0.5, "IIIIIIZI": -0.5}, "N_beta": {"IIIIIIII": 2.0, "IZIIIIII": -0.5, "IIIZIIII": -0.5, "IIIIIZII": -0.5, "IIIIIIIZ": -0.5}, "S^2_operator": {"IIIIIIII": 1.5, "ZZIIIIII": -0.375, "IIIIZZII": -0.375, "IIIIIIZZ": -0.375, "IIZZIIII": -0.375, "ZIIZIIII": -0.125, "ZIZIIIII": 0.125, "IIIIXYXY": 0.125, "IIIIXYYX": -0.125, "IIIIYYXX": 0.125, "IIIIYYYY": 0.125, "IIIIXXXX": 0.125, "IIIIXXYY": 0.125, "IIIIYXXY": -0.125, "IIIIYXYX": 0.125, "IIXYIIXY": 0.125, "IIXYIIYX": -0.125, "ZIIIZIII": 0.125, "ZIIIIZII": -0.125, "ZIIIIIZI": 0.125, "ZIIIIIIZ": -0.125, "IIIIZIIZ": -0.125, "IIIIZIZI": 0.125, "IIIZIIIZ": 0.125, "IIIZIIZI": -0.125, "IIIZIZII": 0.125, "IIIZZIII": -0.125, "IIZIIIIZ": -0.125, "IIYYIIXX": 0.125, "IIZIIIZI": 0.125, "IIZIZIII": 0.125, "IZIIIIIZ": 0.125, "IZIIIIZI": -0.125, "IZIIIZII": 0.125, "IZIIZIII": -0.125, "IZIZIIII": 0.125, "IZZIIIII": -0.125, "IIZIIZII": -0.125, "IIYYIIYY": 0.125, "IIXXIIXX": 0.125, "IIXXIIYY": 0.125, "XYIIYXII": -0.125, "YYIIXXII": 0.125, "YYIIYYII": 0.125, "XXIIXXII": 0.125, "XXIIYYII": 0.125, "YXIIXYII": -0.125, "YXIIYXII": 0.125, "XYXYIIII": 0.125, "XYYXIIII": -0.125, "YYXXIIII": 0.125, "YYYYIIII": 0.125, "XXXXIIII": 0.125, "XXYYIIII": 0.125, "YXXYIIII": -0.125, "YXYXIIII": 0.125, "XYIIXYII": 0.125, "IIIIIZZI": -0.125, "YXIIIIYX": 0.125, "XXIIIIYY": 0.125, "IIYXIIXY": -0.125, "IIYXIIYX": 0.125, "IIXYXYII": 0.125, "IIXYYXII": -0.125, "IIYYXXII": 0.125, "IIYYYYII": 0.125, "IIXXXXII": 0.125, "IIXXYYII": 0.125, "IIYXXYII": -0.125, "IIYXYXII": 0.125, "XYIIIIXY": 0.125, "XYIIIIYX": -0.125, "YYIIIIXX": 0.125, "YYIIIIYY": 0.125, "XXIIIIXX": 0.125, "YXIIIIXY": -0.125, "IIIIIZIZ": 0.125}, "UCCSD_operator": {"YZZZZZXI": -0.23740156985800698, "XZZZZZYI": 0.23740156985800698, "IYZZZZZX": -0.23740156985800698, "IXZZZZZY": 0.23740156985800698, "YYIIXYII": -0.1472921281345829, "XXIIXYII": 0.1472921281345829, "XYIIXXII": -0.1472921281345829, "YXIIXXII": -0.1472921281345829, "YXIIYYII": 0.1472921281345829, "YYIIYXII": -0.1472921281345829, "XXIIYXII": 0.1472921281345829, "XYIIYYII": 0.1472921281345829, "IIYYIIYX": -0.14663594776379799, "IIYXIIYY": 0.14663594776379799, "IIXYIIYY": 0.14663594776379799, "IIXYIIXX": -0.14663594776379799, "IIXXIIXY": 0.14663594776379799, "IIXXIIYX": 0.14663594776379799, "IIYXIIXX": -0.14663594776379799, "IIYYIIXY": -0.14663594776379799, "XXIIIIYX": -0.0024393993066869585, "YYIIIIYX": 0.0024393993066869585, "YXIIIIYY": -0.0024393993066869585, "XYIIIIYY": -0.0024393993066869585, "YXIIIIXX": 0.0024393993066869585, "XXIIIIXY": -0.0024393993066869585, "YYIIIIXY": 0.0024393993066869585, "XYIIIIXX": 0.0024393993066869585, "IIXXXYII": -0.00016330341803632437, "IIXYXXII": 0.00016330341803632437, "IIYXXXII": 0.00016330341803632437, "IIXYYYII": -0.00016330341803632437, "IIYXYYII": -0.00016330341803632437, "IIYYYXII": 0.00016330341803632437, "IIXXYXII": -0.00016330341803632437, "IIYYXYII": 0.00016330341803632437}}, "hf_method_fallback": "standard", "generation_time_s": 6.006, "timestamp": "2026-03-10T21:48:42.294803+00:00", "formula_latex": "$\\mathrm{H_{4}}$"}}