{"n_qubits": 4, "qubits": [1, 2, 3, 4], "fci_energy": -1.8563852478771654, "hf_energy": -1.4645069153173433, "CS_SRE": [0.2867682180011894, 0.6365169529619112, 0.9501987835570329, 1.6966603122991109], "CS_energy": [-1.5832650646245188, -1.6838002815594666, -1.7555914441821172, -1.8563852478771663], "overlaps": [0.7428598847804122, 0.5784788238438038, 0.380442901992673, 0.2020241462631275], "solver": "scipy", "data": {"molecule_id": "H4_singlet_D4h", "qubit_encoding": "JW", "unit": "Angstrom", "basis": "sto-3g", "charge": 0, "multiplicity": 1, "spin": 0, "geometry": "H 0.2454000000 0.2454000000 0.0000000000\nH 2.2086000000 0.2454000000 0.0000000000\nH 2.2086000000 2.2086000000 0.0000000000\nH 0.2454000000 2.2086000000 0.0000000000", "n_qubits": 8, "n_particles": {"total": 4, "alpha": 2, "beta": 2}, "hf_array": [1, 1, 1, 1, 0, 0, 0, 0], "hf_method": "pyscf.scf.hf_symm.SymAdaptedRHF", "convergence_threshold": 1e-06, "point_group": {"groupname": "D2h", "topgroup": "D4h"}, "alpha": 0.8, "calculated_properties": {"HF": {"energy": -1.4645069153173433, "converged": true}, "MP2": {"energy": -1.5989336964899572, "converged": null}, "CISD": {"energy": -1.72350231827297, "converged": true}, "CCSD": {"energy": -1.7733805067515076, "converged": true, "t1_diagnostic": 2.384972506387346e-07, "_t1_diagnostic_check": {"branch_match": false, "recalculated_hf_energy": -1.5535301893742854, "recalculated_ccsd_energy": -1.920812692815501, "delta_hf_ha": -0.0890232740569421, "delta_ccsd_ha": -0.14743218606399333}}, "FCI": {"energy": -1.8563852478771654, "converged": true, "spin_matches_target": true, "multiplicity": 1.0, "oscillatory_converged": false, "oscillation_energy_change": null}}, "auxiliary_operators": {"number_operator": {"IIIIIIII": 4.0, "ZIIIIIII": -0.5, "IZIIIIII": -0.5, "IIZIIIII": -0.5, "IIIZIIII": -0.5, "IIIIZIII": -0.5, "IIIIIZII": -0.5, "IIIIIIZI": -0.5, "IIIIIIIZ": -0.5}, "N_alpha": {"IIIIIIII": 2.0, "ZIIIIIII": -0.5, "IIZIIIII": -0.5, "IIIIZIII": -0.5, "IIIIIIZI": -0.5}, "N_beta": {"IIIIIIII": 2.0, "IZIIIIII": -0.5, "IIIZIIII": -0.5, "IIIIIZII": -0.5, "IIIIIIIZ": -0.5}, "S^2_operator": {"IIIIIIII": 1.5, "ZZIIIIII": -0.375, "IIIIZZII": -0.375, "IIIIIIZZ": -0.375, "IIZZIIII": -0.375, "ZIIZIIII": -0.125, "ZIZIIIII": 0.125, "IIIIXYXY": 0.125, "IIIIXYYX": -0.125, "IIIIYYXX": 0.125, "IIIIYYYY": 0.125, "IIIIXXXX": 0.125, "IIIIXXYY": 0.125, "IIIIYXXY": -0.125, "IIIIYXYX": 0.125, "IIXYIIXY": 0.125, "IIXYIIYX": -0.125, "ZIIIZIII": 0.125, "ZIIIIZII": -0.125, "ZIIIIIZI": 0.125, "ZIIIIIIZ": -0.125, "IIIIZIIZ": -0.125, "IIIIZIZI": 0.125, "IIIZIIIZ": 0.125, "IIIZIIZI": -0.125, "IIIZIZII": 0.125, "IIIZZIII": -0.125, "IIZIIIIZ": -0.125, "IIYYIIXX": 0.125, "IIZIIIZI": 0.125, "IIZIZIII": 0.125, "IZIIIIIZ": 0.125, "IZIIIIZI": -0.125, "IZIIIZII": 0.125, "IZIIZIII": -0.125, "IZIZIIII": 0.125, "IZZIIIII": -0.125, "IIZIIZII": -0.125, "IIYYIIYY": 0.125, "IIXXIIXX": 0.125, "IIXXIIYY": 0.125, "XYIIYXII": -0.125, "YYIIXXII": 0.125, "YYIIYYII": 0.125, "XXIIXXII": 0.125, "XXIIYYII": 0.125, "YXIIXYII": -0.125, "YXIIYXII": 0.125, "XYXYIIII": 0.125, "XYYXIIII": -0.125, "YYXXIIII": 0.125, "YYYYIIII": 0.125, "XXXXIIII": 0.125, "XXYYIIII": 0.125, "YXXYIIII": -0.125, "YXYXIIII": 0.125, "XYIIXYII": 0.125, "IIIIIZZI": -0.125, "YXIIIIYX": 0.125, "XXIIIIYY": 0.125, "IIYXIIXY": -0.125, "IIYXIIYX": 0.125, "IIXYXYII": 0.125, "IIXYYXII": -0.125, "IIYYXXII": 0.125, "IIYYYYII": 0.125, "IIXXXXII": 0.125, "IIXXYYII": 0.125, "IIYXXYII": -0.125, "IIYXYXII": 0.125, "XYIIIIXY": 0.125, "XYIIIIYX": -0.125, "YYIIIIXX": 0.125, "YYIIIIYY": 0.125, "XXIIIIXX": 0.125, "YXIIIIXY": -0.125, "IIIIIZIZ": 0.125}, "UCCSD_operator": {"YZZZZZXI": -0.18084801888432198, "XZZZZZYI": 0.18084801888432198, "IYZZZZZX": -0.18084801888432198, "IXZZZZZY": 0.18084801888432198, "IIXXIIYX": 0.10572685309530024, "IIYYIIYX": -0.10572685309530024, "IIYXIIYY": 0.10572685309530024, "IIYXIIXX": -0.10572685309530024, "IIXYIIXX": -0.10572685309530024, "IIXXIIXY": 0.10572685309530024, "IIXYIIYY": 0.10572685309530024, "IIYYIIXY": -0.10572685309530024, "XXIIXYII": 0.10076582685702141, "XYIIXXII": -0.10076582685702141, "YYIIXYII": -0.10076582685702141, "YXIIXXII": -0.10076582685702141, "XYIIYYII": 0.10076582685702141, "YXIIYYII": 0.10076582685702141, "YYIIYXII": -0.10076582685702141, "XXIIYXII": 0.10076582685702141, "IIYXXXII": 0.025788853495355004, "IIXXXYII": -0.025788853495355004, "IIXYXXII": 0.025788853495355004, "IIXYYYII": -0.025788853495355004, "IIYXYYII": -0.025788853495355004, "IIYYYXII": 0.025788853495355004, "IIXXYXII": -0.025788853495355004, "IIYYXYII": 0.025788853495355004, "YYIIIIXY": 0.0004129293633132064, "XXIIIIXY": -0.0004129293633132064, "YXIIIIXX": 0.0004129293633132064, "XYIIIIYY": -0.0004129293633132064, "YXIIIIYY": -0.0004129293633132064, "YYIIIIYX": 0.0004129293633132064, "XXIIIIYX": -0.0004129293633132064, "XYIIIIXX": 0.0004129293633132064}}, "hf_method_fallback": "standard", "generation_time_s": 3.663, "timestamp": "2026-03-10T21:49:02.600349+00:00", "formula_latex": "$\\mathrm{H_{4}}$"}}