{"n_qubits": 4, "qubits": [1, 2, 3, 4], "fci_energy": -1.8617342306016953, "hf_energy": -1.3915483397157629, "CS_SRE": [0.13460986002614986, 0.32221019439172727, 0.7653207218935036, 1.4449020014458138], "CS_energy": [-1.5500327166992132, -1.6909918658626522, -1.7711375114500085, -1.8617342306016937], "overlaps": [0.6572072412163402, 0.4517929648688384, 0.2959842107709275, 0.18137132833363603], "solver": "scipy", "data": {"molecule_id": "H4_singlet_D4h", "qubit_encoding": "JW", "unit": "Angstrom", "basis": "sto-3g", "charge": 0, "multiplicity": 1, "spin": 0, "geometry": "H 0.1227000000 0.1227000000 0.0000000000\nH 2.3313000000 0.1227000000 0.0000000000\nH 2.3313000000 2.3313000000 0.0000000000\nH 0.1227000000 2.3313000000 0.0000000000", "n_qubits": 8, "n_particles": {"total": 4, "alpha": 2, "beta": 2}, "hf_array": [1, 1, 1, 1, 0, 0, 0, 0], "hf_method": "pyscf.scf.hf_symm.SymAdaptedRHF", "convergence_threshold": 1e-06, "point_group": {"groupname": "D2h", "topgroup": "D4h"}, "alpha": 0.9, "calculated_properties": {"HF": {"energy": -1.3915483397157629, "converged": true}, "MP2": {"energy": -1.5906202184477363, "converged": null}, "CISD": {"energy": -1.7071452507744644, "converged": true}, "CCSD": {"energy": -1.8017236356000566, "converged": true, "t1_diagnostic": 1.765165429849094e-06, "_t1_diagnostic_check": {"branch_match": false, "recalculated_hf_energy": -1.4763151134013408, "recalculated_ccsd_energy": -1.9012814701137015, "delta_hf_ha": -0.08476677368557795, "delta_ccsd_ha": -0.09955783451364497}}, "FCI": {"energy": -1.8617342306016953, "converged": true, "spin_matches_target": true, "multiplicity": 0.9999999999999998, "oscillatory_converged": false, "oscillation_energy_change": null}}, "auxiliary_operators": {"number_operator": {"IIIIIIII": 4.0, "ZIIIIIII": -0.5, "IZIIIIII": -0.5, "IIZIIIII": -0.5, "IIIZIIII": -0.5, "IIIIZIII": -0.5, "IIIIIZII": -0.5, "IIIIIIZI": -0.5, "IIIIIIIZ": -0.5}, "N_alpha": {"IIIIIIII": 2.0, "ZIIIIIII": -0.5, "IIZIIIII": -0.5, "IIIIZIII": -0.5, "IIIIIIZI": -0.5}, "N_beta": {"IIIIIIII": 2.0, "IZIIIIII": -0.5, "IIIZIIII": -0.5, "IIIIIZII": -0.5, "IIIIIIIZ": -0.5}, "S^2_operator": {"IIIIIIII": 1.5, "ZZIIIIII": -0.375, "IIIIZZII": -0.375, "IIIIIIZZ": -0.375, "IIZZIIII": -0.375, "ZIIZIIII": -0.125, "ZIZIIIII": 0.125, "IIIIXYXY": 0.125, "IIIIXYYX": -0.125, "IIIIYYXX": 0.125, "IIIIYYYY": 0.125, "IIIIXXXX": 0.125, "IIIIXXYY": 0.125, "IIIIYXXY": -0.125, "IIIIYXYX": 0.125, "IIXYIIXY": 0.125, "IIXYIIYX": -0.125, "ZIIIZIII": 0.125, "ZIIIIZII": -0.125, "ZIIIIIZI": 0.125, "ZIIIIIIZ": -0.125, "IIIIZIIZ": -0.125, "IIIIZIZI": 0.125, "IIIZIIIZ": 0.125, "IIIZIIZI": -0.125, "IIIZIZII": 0.125, "IIIZZIII": -0.125, "IIZIIIIZ": -0.125, "IIYYIIXX": 0.125, "IIZIIIZI": 0.125, "IIZIZIII": 0.125, "IZIIIIIZ": 0.125, "IZIIIIZI": -0.125, "IZIIIZII": 0.125, "IZIIZIII": -0.125, "IZIZIIII": 0.125, "IZZIIIII": -0.125, "IIZIIZII": -0.125, "IIYYIIYY": 0.125, "IIXXIIXX": 0.125, "IIXXIIYY": 0.125, "XYIIYXII": -0.125, "YYIIXXII": 0.125, "YYIIYYII": 0.125, "XXIIXXII": 0.125, "XXIIYYII": 0.125, "YXIIXYII": -0.125, "YXIIYXII": 0.125, "XYXYIIII": 0.125, "XYYXIIII": -0.125, "YYXXIIII": 0.125, "YYYYIIII": 0.125, "XXXXIIII": 0.125, "XXYYIIII": 0.125, "YXXYIIII": -0.125, "YXYXIIII": 0.125, "XYIIXYII": 0.125, "IIIIIZZI": -0.125, "YXIIIIYX": 0.125, "XXIIIIYY": 0.125, "IIYXIIXY": -0.125, "IIYXIIYX": 0.125, "IIXYXYII": 0.125, "IIXYYXII": -0.125, "IIYYXXII": 0.125, "IIYYYYII": 0.125, "IIXXXXII": 0.125, "IIXXYYII": 0.125, "IIYXXYII": -0.125, "IIYXYXII": 0.125, "XYIIIIXY": 0.125, "XYIIIIYX": -0.125, "YYIIIIXX": 0.125, "YYIIIIYY": 0.125, "XXIIIIXX": 0.125, "YXIIIIXY": -0.125, "IIIIIZIZ": 0.125}, "UCCSD_operator": {"YZZZZZXI": -0.2124366134068334, "XZZZZZYI": 0.2124366134068334, "IYZZZZZX": -0.2124366134068334, "IXZZZZZY": 0.2124366134068334, "IIXXIIYX": 0.12663670847513536, "IIYYIIYX": -0.12663670847513536, "IIYXIIYY": 0.12663670847513536, "IIYXIIXX": -0.12663670847513536, "IIXYIIXX": -0.12663670847513536, "IIXXIIXY": 0.12663670847513536, "IIXYIIYY": 0.12663670847513536, "IIYYIIXY": -0.12663670847513536, "XXIIXYII": 0.12347709174241953, "XYIIXXII": -0.12347709174241953, "YYIIXYII": -0.12347709174241953, "YXIIXXII": -0.12347709174241953, "XYIIYYII": 0.12347709174241953, "YXIIYYII": 0.12347709174241953, "YYIIYXII": -0.12347709174241953, "XXIIYXII": 0.12347709174241953, "IIYXXXII": 0.015573529552636377, "IIXXXYII": -0.015573529552636377, "IIXYXXII": 0.015573529552636377, "IIXYYYII": -0.015573529552636377, "IIYXYYII": -0.015573529552636377, "IIYYYXII": 0.015573529552636377, "IIXXYXII": -0.015573529552636377, "IIYYXYII": 0.015573529552636377, "YYIIIIXY": 0.00033695070324660134, "XXIIIIXY": -0.00033695070324660134, "YXIIIIXX": 0.00033695070324660134, "XYIIIIYY": -0.00033695070324660134, "YXIIIIYY": -0.00033695070324660134, "YYIIIIYX": 0.00033695070324660134, "XXIIIIYX": -0.00033695070324660134, "XYIIIIXX": 0.00033695070324660134}}, "hf_method_fallback": "standard", "generation_time_s": 3.338, "timestamp": "2026-03-10T21:48:58.931498+00:00", "formula_latex": "$\\mathrm{H_{4}}$"}}