{"n_qubits": 4, "qubits": [1, 2, 3, 4], "fci_energy": -1.866327414567042, "hf_energy": -1.1698074560171459, "CS_SRE": [1.1224746686238845e-05, 2.5348530075618797e-06, 0.14526403245042108, 0.28892981930395967], "CS_energy": [-1.4999834092546804, -1.8309704768645274, -1.8488344378005221, -1.8663274119290365], "overlaps": [0.501394671268185, 0.25050708261544924, 0.23749602471257714, 0.2248933787050863], "solver": "scipy", "data": {"molecule_id": "H4_singlet_D4h", "qubit_encoding": "JW", "unit": "Angstrom", "basis": "sto-3g", "charge": 0, "multiplicity": 1, "spin": 0, "geometry": "H -1.2270000000 -1.2270000000 0.0000000000\nH 3.6810000000 -1.2270000000 0.0000000000\nH 3.6810000000 3.6810000000 0.0000000000\nH -1.2270000000 3.6810000000 0.0000000000", "n_qubits": 8, "n_particles": {"total": 4, "alpha": 2, "beta": 2}, "hf_array": [1, 1, 1, 1, 0, 0, 0, 0], "hf_method": "pyscf.scf.hf_symm.SymAdaptedRHF", "convergence_threshold": 1e-06, "point_group": {"groupname": "D2h", "topgroup": "D4h"}, "alpha": 2.0, "calculated_properties": {"HF": {"energy": -1.1698074560171459, "converged": true}, "MP2": {"energy": -2.5808003914167306, "converged": null}, "CISD": {"energy": -1.6621057345017154, "converged": true}, "CCSD": {"energy": -1.8662500224689427, "converged": false, "t1_diagnostic": 2.2312608566160777e-07, "_t1_diagnostic_check": {"branch_match": false, "recalculated_hf_energy": -1.2001704194579366, "recalculated_ccsd_energy": -1.8663276568595042, "delta_hf_ha": -0.030362963440790702, "delta_ccsd_ha": -7.763439056152066e-05}}, "FCI": {"energy": -1.866327414567042, "converged": true, "spin_matches_target": true, "multiplicity": 0.9999999999999998, "oscillatory_converged": false, "oscillation_energy_change": null}}, "auxiliary_operators": {"number_operator": {"IIIIIIII": 4.0, "ZIIIIIII": -0.5, "IZIIIIII": -0.5, "IIZIIIII": -0.5, "IIIZIIII": -0.5, "IIIIZIII": -0.5, "IIIIIZII": -0.5, "IIIIIIZI": -0.5, "IIIIIIIZ": -0.5}, "N_alpha": {"IIIIIIII": 2.0, "ZIIIIIII": -0.5, "IIZIIIII": -0.5, "IIIIZIII": -0.5, "IIIIIIZI": -0.5}, "N_beta": {"IIIIIIII": 2.0, "IZIIIIII": -0.5, "IIIZIIII": -0.5, "IIIIIZII": -0.5, "IIIIIIIZ": -0.5}, "S^2_operator": {"IIIIIIII": 1.5, "ZZIIIIII": -0.375, "IIIIZZII": -0.375, "IIIIIIZZ": -0.375, "IIZZIIII": -0.375, "ZIIZIIII": -0.125, "ZIZIIIII": 0.125, "IIIIXYXY": 0.125, "IIIIXYYX": -0.125, "IIIIYYXX": 0.125, "IIIIYYYY": 0.125, "IIIIXXXX": 0.125, "IIIIXXYY": 0.125, "IIIIYXXY": -0.125, "IIIIYXYX": 0.125, "IIXYIIXY": 0.125, "IIXYIIYX": -0.125, "ZIIIZIII": 0.125, "ZIIIIZII": -0.125, "ZIIIIIZI": 0.125, "ZIIIIIIZ": -0.125, "IIIIZIIZ": -0.125, "IIIIZIZI": 0.125, "IIIZIIIZ": 0.125, "IIIZIIZI": -0.125, "IIIZIZII": 0.125, "IIIZZIII": -0.125, "IIZIIIIZ": -0.125, "IIYYIIXX": 0.125, "IIZIIIZI": 0.125, "IIZIZIII": 0.125, "IZIIIIIZ": 0.125, "IZIIIIZI": -0.125, "IZIIIZII": 0.125, "IZIIZIII": -0.125, "IZIZIIII": 0.125, "IZZIIIII": -0.125, "IIZIIZII": -0.125, "IIYYIIYY": 0.125, "IIXXIIXX": 0.125, "IIXXIIYY": 0.125, "XYIIYXII": -0.125, "YYIIXXII": 0.125, "YYIIYYII": 0.125, "XXIIXXII": 0.125, "XXIIYYII": 0.125, "YXIIXYII": -0.125, "YXIIYXII": 0.125, "XYXYIIII": 0.125, "XYYXIIII": -0.125, "YYXXIIII": 0.125, "YYYYIIII": 0.125, "XXXXIIII": 0.125, "XXYYIIII": 0.125, "YXXYIIII": -0.125, "YXYXIIII": 0.125, "XYIIXYII": 0.125, "IIIIIZZI": -0.125, "YXIIIIYX": 0.125, "XXIIIIYY": 0.125, "IIYXIIXY": -0.125, "IIYXIIYX": 0.125, "IIXYXYII": 0.125, "IIXYYXII": -0.125, "IIYYXXII": 0.125, "IIYYYYII": 0.125, "IIXXXXII": 0.125, "IIXXYYII": 0.125, "IIYXXYII": -0.125, "IIYXYXII": 0.125, "XYIIIIXY": 0.125, "XYIIIIYX": -0.125, "YYIIIIXX": 0.125, "YYIIIIYY": 0.125, "XXIIIIXX": 0.125, "YXIIIIXY": -0.125, "IIIIIZIZ": 0.125}, "UCCSD_operator": {"XYIIYYII": 0.1317808885435584, "XYIIXXII": -0.1317808885435584, "YXIIXXII": -0.1317808885435584, "YYIIXYII": -0.1317808885435584, "YXIIYYII": 0.1317808885435584, "YYIIYXII": -0.1317808885435584, "XXIIYXII": 0.1317808885435584, "XXIIXYII": 0.1317808885435584, "IIYXIIYY": 0.13177542904041673, "IIYYIIXY": -0.13177542904041673, "IIYYIIYX": -0.13177542904041673, "IIXYIIYY": 0.13177542904041673, "IIYXIIXX": -0.13177542904041673, "IIXYIIXX": -0.13177542904041673, "IIXXIIXY": 0.13177542904041673, "IIXXIIYX": 0.13177542904041673, "YZZZZZXI": -0.11655713064616471, "XZZZZZYI": 0.11655713064616471, "IYZZZZZX": -0.11655713064616471, "IXZZZZZY": 0.11655713064616471, "IIXXYXII": -0.0003402664836822235, "IIYXXXII": 0.0003402664836822235, "IIYYYXII": 0.0003402664836822235, "IIXYYYII": -0.0003402664836822235, "IIYYXYII": 0.0003402664836822235, "IIXXXYII": -0.0003402664836822235, "IIXYXXII": 0.0003402664836822235, "IIYXYYII": -0.0003402664836822235}}, "hf_method_fallback": "standard", "generation_time_s": 7.079, "timestamp": "2026-03-10T21:48:49.398615+00:00", "formula_latex": "$\\mathrm{H_{4}}$"}}