{"n_qubits": 4, "qubits": [1, 2, 3, 4], "fci_energy": -1.8660581714093185, "hf_energy": -1.2563510114181238, "CS_SRE": [0.006873824918119755, 0.014390311619377653, 0.4537229056174741, 0.8942507144615675], "CS_energy": [-1.5076684893281835, -1.7540807790652544, -1.8111282780046998, -1.866058171409319], "overlaps": [0.5345544875887703, 0.28691384215596416, 0.23002829197075336, 0.18377637722795537], "solver": "scipy", "data": {"molecule_id": "H4_singlet_D4h", "qubit_encoding": "JW", "unit": "Angstrom", "basis": "sto-3g", "charge": 0, "multiplicity": 1, "spin": 0, "geometry": "H -0.2454000000 -0.2454000000 0.0000000000\nH 2.6994000000 -0.2454000000 0.0000000000\nH 2.6994000000 2.6994000000 0.0000000000\nH -0.2454000000 2.6994000000 0.0000000000", "n_qubits": 8, "n_particles": {"total": 4, "alpha": 2, "beta": 2}, "hf_array": [1, 1, 1, 1, 0, 0, 0, 0], "hf_method": "pyscf.scf.hf_symm.SymAdaptedRHF", "convergence_threshold": 1e-06, "point_group": {"groupname": "D2h", "topgroup": "D4h"}, "alpha": 1.2, "calculated_properties": {"HF": {"energy": -1.2563510114181238, "converged": true}, "MP2": {"energy": -1.7538866257103982, "converged": null}, "CISD": {"energy": -1.6812515634327627, "converged": true}, "CCSD": {"energy": -1.8531217315309525, "converged": true, "t1_diagnostic": 3.1033263664068373e-06, "_t1_diagnostic_check": {"branch_match": false, "recalculated_hf_energy": -1.319055868961705, "recalculated_ccsd_energy": -1.8732469693370635, "delta_hf_ha": -0.06270485754358113, "delta_ccsd_ha": -0.020125237806110974}}, "FCI": {"energy": -1.8660581714093185, "converged": true, "spin_matches_target": true, "multiplicity": 1.0000000000000018, "oscillatory_converged": false, "oscillation_energy_change": null}}, "auxiliary_operators": {"number_operator": {"IIIIIIII": 4.0, "ZIIIIIII": -0.5, "IZIIIIII": -0.5, "IIZIIIII": -0.5, "IIIZIIII": -0.5, "IIIIZIII": -0.5, "IIIIIZII": -0.5, "IIIIIIZI": -0.5, "IIIIIIIZ": -0.5}, "N_alpha": {"IIIIIIII": 2.0, "ZIIIIIII": -0.5, "IIZIIIII": -0.5, "IIIIZIII": -0.5, "IIIIIIZI": -0.5}, "N_beta": {"IIIIIIII": 2.0, "IZIIIIII": -0.5, "IIIZIIII": -0.5, "IIIIIZII": -0.5, "IIIIIIIZ": -0.5}, "S^2_operator": {"IIIIIIII": 1.5, "ZZIIIIII": -0.375, "IIIIZZII": -0.375, "IIIIIIZZ": -0.375, "IIZZIIII": -0.375, "ZIIZIIII": -0.125, "ZIZIIIII": 0.125, "IIIIXYXY": 0.125, "IIIIXYYX": -0.125, "IIIIYYXX": 0.125, "IIIIYYYY": 0.125, "IIIIXXXX": 0.125, "IIIIXXYY": 0.125, "IIIIYXXY": -0.125, "IIIIYXYX": 0.125, "IIXYIIXY": 0.125, "IIXYIIYX": -0.125, "ZIIIZIII": 0.125, "ZIIIIZII": -0.125, "ZIIIIIZI": 0.125, "ZIIIIIIZ": -0.125, "IIIIZIIZ": -0.125, "IIIIZIZI": 0.125, "IIIZIIIZ": 0.125, "IIIZIIZI": -0.125, "IIIZIZII": 0.125, "IIIZZIII": -0.125, "IIZIIIIZ": -0.125, "IIYYIIXX": 0.125, "IIZIIIZI": 0.125, "IIZIZIII": 0.125, "IZIIIIIZ": 0.125, "IZIIIIZI": -0.125, "IZIIIZII": 0.125, "IZIIZIII": -0.125, "IZIZIIII": 0.125, "IZZIIIII": -0.125, "IIZIIZII": -0.125, "IIYYIIYY": 0.125, "IIXXIIXX": 0.125, "IIXXIIYY": 0.125, "XYIIYXII": -0.125, "YYIIXXII": 0.125, "YYIIYYII": 0.125, "XXIIXXII": 0.125, "XXIIYYII": 0.125, "YXIIXYII": -0.125, "YXIIYXII": 0.125, "XYXYIIII": 0.125, "XYYXIIII": -0.125, "YYXXIIII": 0.125, "YYYYIIII": 0.125, "XXXXIIII": 0.125, "XXYYIIII": 0.125, "YXXYIIII": -0.125, "YXYXIIII": 0.125, "XYIIXYII": 0.125, "IIIIIZZI": -0.125, "YXIIIIYX": 0.125, "XXIIIIYY": 0.125, "IIYXIIXY": -0.125, "IIYXIIYX": 0.125, "IIXYXYII": 0.125, "IIXYYXII": -0.125, "IIYYXXII": 0.125, "IIYYYYII": 0.125, "IIXXXXII": 0.125, "IIXXYYII": 0.125, "IIYXXYII": -0.125, "IIYXYXII": 0.125, "XYIIIIXY": 0.125, "XYIIIIYX": -0.125, "YYIIIIXX": 0.125, "YYIIIIYY": 0.125, "XXIIIIXX": 0.125, "YXIIIIXY": -0.125, "IIIIIZIZ": 0.125}, "UCCSD_operator": {"YZZZZZXI": -0.20454178321349112, "XZZZZZYI": 0.20454178321349112, "IYZZZZZX": -0.20454178321349112, "IXZZZZZY": 0.20454178321349112, "IIXXIIYX": 0.14253754141105818, "IIYYIIYX": -0.14253754141105818, "IIYXIIYY": 0.14253754141105818, "IIYXIIXX": -0.14253754141105818, "IIXYIIXX": -0.14253754141105818, "IIXXIIXY": 0.14253754141105818, "IIXYIIYY": 0.14253754141105818, "IIYYIIXY": -0.14253754141105818, "XXIIXYII": 0.14248406090954926, "XYIIXXII": -0.14248406090954926, "YYIIXYII": -0.14248406090954926, "YXIIXXII": -0.14248406090954926, "XYIIYYII": 0.14248406090954926, "YXIIYYII": 0.14248406090954926, "YYIIYXII": -0.14248406090954926, "XXIIYXII": 0.14248406090954926, "IIYXXXII": 0.003333696683465798, "IIXXXYII": -0.003333696683465798, "IIXYXXII": 0.003333696683465798, "IIXYYYII": -0.003333696683465798, "IIYXYYII": -0.003333696683465798, "IIYYYXII": 0.003333696683465798, "IIXXYXII": -0.003333696683465798, "IIYYXYII": 0.003333696683465798, "YYIIIIXY": 2.398641602234121e-05, "XXIIIIXY": -2.398641602234121e-05, "YXIIIIXX": 2.398641602234121e-05, "XYIIIIYY": -2.398641602234121e-05, "YXIIIIYY": -2.398641602234121e-05, "YYIIIIYX": 2.398641602234121e-05, "XXIIIIYX": -2.398641602234121e-05, "XYIIIIXX": 2.398641602234121e-05}}, "hf_method_fallback": "standard", "generation_time_s": 3.22, "timestamp": "2026-03-10T21:48:36.279414+00:00", "formula_latex": "$\\mathrm{H_{4}}$"}}