{"n_qubits": 12, "qubits": [1, 2, 3, 4, 5, 6, 7, 8, 9, 10, 11, 12], "fci_energy": -1.9847944375232336, "hf_energy": -1.423736274461566, "CS_SRE": [5.178146103783394e-06, 1.152630506054594e-06, 0.12470247223573955, 0.24820877807037672, 0.25898797345965574, 0.26785619010834777, 0.29266661845100816, 0.31583017315499146, 0.32509575978808647, 0.33278043944771046, 0.354005646722542, 0.3738406112089678], "CS_energy": [-1.6796810710440548, -1.9378019727898814, -1.9495964354090751, -1.9611744548473, -1.9636953487966713, -1.9659671571691717, -1.9700419413511772, -1.9738898195377483, -1.9760522860361676, -1.9780046886635174, -1.981496965582591, -1.9847944039883556], "overlaps": [0.5009472623466567, 0.2502946113644605, 0.23918827953837546, 0.22837008403936004, 0.2298978362954666, 0.23120912763506885, 0.22848506003132812, 0.22569591427821067, 0.22730018815898853, 0.2286740466872156, 0.22606919525981484, 0.22342846540706365], "solver": "scipy", "data": {"molecule_id": "H4_singlet_D4h", "qubit_encoding": "JW", "unit": "Angstrom", "basis": "3-21g", "charge": 0, "multiplicity": 1, "spin": 0, "geometry": "H -2.4540000000 -2.4540000000 0.0000000000\nH 4.9080000000 -2.4540000000 0.0000000000\nH 4.9080000000 4.9080000000 0.0000000000\nH -2.4540000000 4.9080000000 0.0000000000", "n_qubits": 16, "n_particles": {"total": 4, "alpha": 2, "beta": 2}, "hf_array": [1, 1, 1, 1, 0, 0, 0, 0, 0, 0, 0, 0, 0, 0, 0, 0], "hf_method": "pyscf.scf.hf_symm.SymAdaptedRHF", "convergence_threshold": 1e-06, "point_group": {"groupname": "D2h", "topgroup": "D4h"}, "alpha": 3.0, "calculated_properties": {"HF": {"energy": -1.423736274461566, "converged": true}, "MP2": {"energy": -2.7319728962798235, "converged": null}, "CISD": {"energy": -1.8194677202728509, "converged": true}, "CCSD": {"energy": -1.9847944115341207, "converged": true, "t1_diagnostic": null, "_t1_diagnostic_check": {"recompute_failed": true, "stage": "ccsd"}}, "FCI": {"energy": -1.9847944375232336, "converged": true, "spin_matches_target": true, "multiplicity": 1.0000000000002325, "oscillatory_converged": false, "oscillation_energy_change": null}}, "auxiliary_operators": {"number_operator": {"IIIIIIIIIIIIIIII": 8.0, "IIIIIIIIIIIIIZII": -0.5, "IIIIIIIIIIIIZIII": -0.5, "IIIIIIIIIIIZIIII": -0.5, "IIIIIIIIIIZIIIII": -0.5, "IIIIIIIIIZIIIIII": -0.5, "IIIIIIIIZIIIIIII": -0.5, "IIIIIIIIIIIIIIZI": -0.5, "IIIIIIIZIIIIIIII": -0.5, "IIIIIZIIIIIIIIII": -0.5, "IIIIZIIIIIIIIIII": -0.5, "IIIZIIIIIIIIIIII": -0.5, "IIZIIIIIIIIIIIII": -0.5, "IZIIIIIIIIIIIIII": -0.5, "ZIIIIIIIIIIIIIII": -0.5, "IIIIIIZIIIIIIIII": -0.5, "IIIIIIIIIIIIIIIZ": -0.5}, "N_alpha": {"IIIIIIIIIIIIIIII": 4.0, "ZIIIIIIIIIIIIIII": -0.5, "IIZIIIIIIIIIIIII": -0.5, "IIIIZIIIIIIIIIII": -0.5, "IIIIIIZIIIIIIIII": -0.5, "IIIIIIIIZIIIIIII": -0.5, "IIIIIIIIIIZIIIII": -0.5, "IIIIIIIIIIIIZIII": -0.5, "IIIIIIIIIIIIIIZI": -0.5}, "N_beta": {"IIIIIIIIIIIIIIII": 4.0, "IZIIIIIIIIIIIIII": -0.5, "IIIZIIIIIIIIIIII": -0.5, "IIIIIZIIIIIIIIII": -0.5, "IIIIIIIZIIIIIIII": -0.5, "IIIIIIIIIZIIIIII": -0.5, "IIIIIIIIIIIZIIII": -0.5, "IIIIIIIIIIIIIZII": -0.5, "IIIIIIIIIIIIIIIZ": -0.5}, "S^2_operator": {"IIIIIIIIIIIIIIII": 3.0, "ZZIIIIIIIIIIIIII": -0.375, "IIIIZZIIIIIIIIII": -0.375, "IIIIIIIIIIIIZZII": -0.375, "IIIIIIIIIIIIIIZZ": -0.375, "IIIIIIIIZZIIIIII": -0.375, "IIZZIIIIIIIIIIII": -0.375, "IIIIIIZZIIIIIIII": -0.375, "IIIIIIIIIIZZIIII": -0.375, "ZIIZIIIIIIIIIIII": -0.125, "ZIZIIIIIIIIIIIII": 0.125, "IIIIIIIIIIIIXYXY": 0.125, "IIIIIIIIIIIIXYYX": -0.125, "IIIIIIIIIIIIYYYY": 0.125, "IIIIIIIIIIIIXXXX": 0.125, "IIIIIIIIIIIIXXYY": 0.125, "IIIIIIIIIIIIYXXY": -0.125, "IIIIIIIIIIIIYXYX": 0.125, "IIIIIIIIIIXYIIXY": 0.125, "IIIIIIIIIIXYIIYX": -0.125, "IIIIIIIIIIYYIIXX": 0.125, "IIIIIIIIIIIIYYXX": 0.125, "ZIIIZIIIIIIIIIII": 0.125, "ZIIIIIZIIIIIIIII": 0.125, "IIIIIIIIIIYYIIYY": 0.125, "IZIIIIIIIIZIIIII": -0.125, "IZIIIIIIIZIIIIII": 0.125, "IZIIIIIIZIIIIIII": -0.125, "IZIIIIIZIIIIIIII": 0.125, "IZIIIIZIIIIIIIII": -0.125, "IZIIIZIIIIIIIIII": 0.125, "IZIIZIIIIIIIIIII": -0.125, "IZIZIIIIIIIIIIII": 0.125, "ZIIIIZIIIIIIIIII": -0.125, "IZZIIIIIIIIIIIII": -0.125, "ZIIIIIIIIIIIIIZI": 0.125, "ZIIIIIIIIIIIIZII": -0.125, "ZIIIIIIIIIIIZIII": 0.125, "ZIIIIIIIIIIZIIII": -0.125, "ZIIIIIIIIIZIIIII": 0.125, "ZIIIIIIIIZIIIIII": -0.125, "ZIIIIIIIZIIIIIII": 0.125, "ZIIIIIIZIIIIIIII": -0.125, "ZIIIIIIIIIIIIIIZ": -0.125, "IIIIIIIIIIXXIIXX": 0.125, "IIIIIIIIIIYXIIXY": -0.125, "IZIIIIIIIIIZIIII": 0.125, "IIIIIIIIXXIIXXII": 0.125, "IIIIIIIIXXIIYYII": 0.125, "IIIIIIIIYXIIXYII": -0.125, "IIIIIIIIYXIIYXII": 0.125, "IIIIIIIIXYXYIIII": 0.125, "IIIIIIIIXYYXIIII": -0.125, "IIIIIIIIYYXXIIII": 0.125, "IIIIIIIIYYYYIIII": 0.125, "IIIIIIIIXXXXIIII": 0.125, "IIIIIIIIXXYYIIII": 0.125, "IIIIIIIIYXXYIIII": -0.125, "IIIIIIIIYXYXIIII": 0.125, "IIIIIIXYIIIIIIXY": 0.125, "IIIIIIXYIIIIIIYX": -0.125, "IIIIIIYYIIIIIIXX": 0.125, "IIIIIIYYIIIIIIYY": 0.125, "IIIIIIXXIIIIIIXX": 0.125, "IIIIIIIIYYIIYYII": 0.125, "IIIIIIIIIIXXIIYY": 0.125, "IIIIIIIIYYIIXXII": 0.125, "IIIIIIIIXYIIXYII": 0.125, "IIIIIIIIIIYXIIYX": 0.125, "IIIIIIIIIIXYXYII": 0.125, "IIIIIIIIIIXYYXII": -0.125, "IIIIIIIIIIYYXXII": 0.125, "IIIIIIIIIIYYYYII": 0.125, "IIIIIIIIIIXXXXII": 0.125, "IIIIIIIIIIXXYYII": 0.125, "IIIIIIIIIIYXXYII": -0.125, "IIIIIIIIIIYXYXII": 0.125, "IIIIIIIIXYIIIIXY": 0.125, "IIIIIIIIXYIIIIYX": -0.125, "IIIIIIIIYYIIIIXX": 0.125, "IIIIIIIIYYIIIIYY": 0.125, "IIIIIIIIXXIIIIXX": 0.125, "IIIIIIIIXXIIIIYY": 0.125, "IIIIIIIIYXIIIIXY": -0.125, "IIIIIIIIYXIIIIYX": 0.125, "IIIIIIIIXYIIYXII": -0.125, "IZIIIIIIIIIIZIII": -0.125, "IZIIIIIIIIIIIIZI": -0.125, "IIIIIIXXIIIIIIYY": 0.125, "IIIIIIIZIIIIIIIZ": 0.125, "IIIIIIIZIIIIIIZI": -0.125, "IIIIIIIZIIIIIZII": 0.125, "IIIIIIIZIIIIZIII": -0.125, "IIIIIIIZIIIZIIII": 0.125, "IIIIIIIZIIZIIIII": -0.125, "IIIIIIIZIZIIIIII": 0.125, "IIIIIIIZZIIIIIII": -0.125, "IIIIIIZIIIIIIIIZ": -0.125, "IIIIIIZIIIIIIIZI": 0.125, "IIIIIIZIIIIIIZII": -0.125, "IIIIIIZIIIIIZIII": 0.125, "IIIIIIZIIIIZIIII": -0.125, "IIIIIIZIIIZIIIII": 0.125, "IIIIIIZIIZIIIIII": -0.125, "IIIIIIZIZIIIIIII": 0.125, "IIIIIZIIIIIIIIIZ": 0.125, "IIIIIIIIZIZIIIII": 0.125, "IIIIIIIIZIIZIIII": -0.125, "IIIIIIIIZIIIZIII": 0.125, "IIIIIIIIZIIIIZII": -0.125, "IIIIIIIIIIIIZIIZ": -0.125, "IIIIIIIIIIIIZIZI": 0.125, "IIIIIIIIIIIZIIIZ": 0.125, "IIIIIIIIIIIZIIZI": -0.125, "IIIIIIIIIIIZIZII": 0.125, "IIIIIIIIIIIZZIII": -0.125, "IIIIIIIIIIZIIIIZ": -0.125, "IIIIIIIIIIZIIIZI": 0.125, "IIIIIZIIIIIIIIZI": -0.125, "IIIIIIIIIIZIIZII": -0.125, "IIIIIIIIIZIIIIIZ": 0.125, "IIIIIIIIIZIIIIZI": -0.125, "IIIIIIIIIZIIIZII": 0.125, "IIIIIIIIIZIIZIII": -0.125, "IIIIIIIIIZIZIIII": 0.125, "IIIIIIIIIZZIIIII": -0.125, "IIIIIIIIZIIIIIIZ": -0.125, "IIIIIIIIZIIIIIZI": 0.125, "IIIIIIIIIIZIZIII": 0.125, "IIIIIZIIIIIIIZII": 0.125, "IIIIIZIIIIIIZIII": -0.125, "IIIIIZIIIIIZIIII": 0.125, "IIIZIIIIZIIIIIII": -0.125, "IIIZIIIZIIIIIIII": 0.125, "IIIZIIZIIIIIIIII": -0.125, "IIIZIZIIIIIIIIII": 0.125, "IIIZZIIIIIIIIIII": -0.125, "IIZIIIIIIIIIIIIZ": -0.125, "IIZIIIIIIIIIIIZI": 0.125, "IIZIIIIIIIIIIZII": -0.125, "IIIZIIIIIZIIIIII": 0.125, "IIZIIIIIIIIIZIII": 0.125, "IIZIIIIIIIZIIIII": 0.125, "IIZIIIIIIZIIIIII": -0.125, "IIZIIIIIZIIIIIII": 0.125, "IIZIIIIZIIIIIIII": -0.125, "IIZIIIZIIIIIIIII": 0.125, "IIZIIZIIIIIIIIII": -0.125, "IIZIZIIIIIIIIIII": 0.125, "IZIIIIIIIIIIIIIZ": 0.125, "IIZIIIIIIIIZIIII": -0.125, "IZIIIIIIIIIIIZII": 0.125, "IIIZIIIIIIZIIIII": -0.125, "IIIZIIIIIIIIZIII": -0.125, "IIIIIZIIIIZIIIII": -0.125, "IIIIIZIIIZIIIIII": 0.125, "IIIIIZIIZIIIIIII": -0.125, "IIIIIZIZIIIIIIII": 0.125, "IIIIIZZIIIIIIIII": -0.125, "IIIIZIIIIIIIIIIZ": -0.125, "IIIIZIIIIIIIIIZI": 0.125, "IIIIZIIIIIIIIZII": -0.125, "IIIZIIIIIIIZIIII": 0.125, "IIIIZIIIIIIIZIII": 0.125, "IIIIZIIIIIZIIIII": 0.125, "IIIIZIIIIZIIIIII": -0.125, "IIIIZIIIZIIIIIII": 0.125, "IIIIZIIZIIIIIIII": -0.125, "IIIIZIZIIIIIIIII": 0.125, "IIIZIIIIIIIIIIIZ": 0.125, "IIIZIIIIIIIIIIZI": -0.125, "IIIZIIIIIIIIIZII": 0.125, "IIIIZIIIIIIZIIII": -0.125, "IIIIIIYXIIIIIIXY": -0.125, "IIIIIIXYIIIIXYII": 0.125, "IIIIIIIIIIIIIZZI": -0.125, "IIXXXXIIIIIIIIII": 0.125, "IIXXYYIIIIIIIIII": 0.125,