{"n_qubits": 4, "qubits": [1, 2, 3, 4], "fci_energy": -1.864392145422939, "hf_energy": -1.3333497770973124, "CS_SRE": [0.052934405152531214, 0.12778919802736438, 0.6384072210755612, 1.2384010060888933], "CS_energy": [-1.528280088370269, -1.7096740827937447, -1.786228854527417, -1.8643921454229442], "overlaps": [0.5967304972798725, 0.3670247264766148, 0.256033559784903, 0.17560696246334873], "solver": "scipy", "data": {"molecule_id": "H4_singlet_D4h", "qubit_encoding": "JW", "unit": "Angstrom", "basis": "sto-3g", "charge": 0, "multiplicity": 1, "spin": 0, "geometry": "H 0.0000000000 0.0000000000 0.0000000000\nH 2.4540000000 0.0000000000 0.0000000000\nH 2.4540000000 2.4540000000 0.0000000000\nH 0.0000000000 2.4540000000 0.0000000000", "n_qubits": 8, "n_particles": {"total": 4, "alpha": 2, "beta": 2}, "hf_array": [1, 1, 1, 1, 0, 0, 0, 0], "hf_method": "pyscf.scf.hf_symm.SymAdaptedRHF", "convergence_threshold": 1e-06, "point_group": {"groupname": "D2h", "topgroup": "D4h"}, "alpha": 1.0, "calculated_properties": {"HF": {"energy": -1.3333497770973124, "converged": true}, "MP2": {"energy": -1.6161399127016063, "converged": null}, "CISD": {"energy": -1.6956046572820034, "converged": true}, "CCSD": {"energy": -1.826184736634036, "converged": true, "t1_diagnostic": 8.781639658694191e-06, "_t1_diagnostic_check": {"branch_match": false, "recalculated_hf_energy": -1.4115460313508006, "recalculated_ccsd_energy": -1.887613800362491, "delta_hf_ha": -0.0781962542534882, "delta_ccsd_ha": -0.061429063728454913}}, "FCI": {"energy": -1.864392145422939, "converged": true, "spin_matches_target": true, "multiplicity": 1.0000000000000002, "oscillatory_converged": false, "oscillation_energy_change": null}}, "auxiliary_operators": {"number_operator": {"IIIIIIII": 4.0, "ZIIIIIII": -0.5, "IZIIIIII": -0.5, "IIZIIIII": -0.5, "IIIZIIII": -0.5, "IIIIZIII": -0.5, "IIIIIZII": -0.5, "IIIIIIZI": -0.5, "IIIIIIIZ": -0.5}, "N_alpha": {"IIIIIIII": 2.0, "ZIIIIIII": -0.5, "IIZIIIII": -0.5, "IIIIZIII": -0.5, "IIIIIIZI": -0.5}, "N_beta": {"IIIIIIII": 2.0, "IZIIIIII": -0.5, "IIIZIIII": -0.5, "IIIIIZII": -0.5, "IIIIIIIZ": -0.5}, "S^2_operator": {"IIIIIIII": 1.5, "ZZIIIIII": -0.375, "IIIIZZII": -0.375, "IIIIIIZZ": -0.375, "IIZZIIII": -0.375, "ZIIZIIII": -0.125, "ZIZIIIII": 0.125, "IIIIXYXY": 0.125, "IIIIXYYX": -0.125, "IIIIYYXX": 0.125, "IIIIYYYY": 0.125, "IIIIXXXX": 0.125, "IIIIXXYY": 0.125, "IIIIYXXY": -0.125, "IIIIYXYX": 0.125, "IIXYIIXY": 0.125, "IIXYIIYX": -0.125, "ZIIIZIII": 0.125, "ZIIIIZII": -0.125, "ZIIIIIZI": 0.125, "ZIIIIIIZ": -0.125, "IIIIZIIZ": -0.125, "IIIIZIZI": 0.125, "IIIZIIIZ": 0.125, "IIIZIIZI": -0.125, "IIIZIZII": 0.125, "IIIZZIII": -0.125, "IIZIIIIZ": -0.125, "IIYYIIXX": 0.125, "IIZIIIZI": 0.125, "IIZIZIII": 0.125, "IZIIIIIZ": 0.125, "IZIIIIZI": -0.125, "IZIIIZII": 0.125, "IZIIZIII": -0.125, "IZIZIIII": 0.125, "IZZIIIII": -0.125, "IIZIIZII": -0.125, "IIYYIIYY": 0.125, "IIXXIIXX": 0.125, "IIXXIIYY": 0.125, "XYIIYXII": -0.125, "YYIIXXII": 0.125, "YYIIYYII": 0.125, "XXIIXXII": 0.125, "XXIIYYII": 0.125, "YXIIXYII": -0.125, "YXIIYXII": 0.125, "XYXYIIII": 0.125, "XYYXIIII": -0.125, "YYXXIIII": 0.125, "YYYYIIII": 0.125, "XXXXIIII": 0.125, "XXYYIIII": 0.125, "YXXYIIII": -0.125, "YXYXIIII": 0.125, "XYIIXYII": 0.125, "IIIIIZZI": -0.125, "YXIIIIYX": 0.125, "XXIIIIYY": 0.125, "IIYXIIXY": -0.125, "IIYXIIYX": 0.125, "IIXYXYII": 0.125, "IIXYYXII": -0.125, "IIYYXXII": 0.125, "IIYYYYII": 0.125, "IIXXXXII": 0.125, "IIXXYYII": 0.125, "IIYXXYII": -0.125, "IIYXYXII": 0.125, "XYIIIIXY": 0.125, "XYIIIIYX": -0.125, "YYIIIIXX": 0.125, "YYIIIIYY": 0.125, "XXIIIIXX": 0.125, "YXIIIIXY": -0.125, "IIIIIZIZ": 0.125}, "UCCSD_operator": {"YZZZZZXI": -0.22176503716391488, "XZZZZZYI": 0.22176503716391488, "IYZZZZZX": -0.22176503716391488, "IXZZZZZY": 0.22176503716391488, "IIXXIIYX": 0.1379025360198123, "IIYYIIYX": -0.1379025360198123, "IIYXIIYY": 0.1379025360198123, "IIYXIIXX": -0.1379025360198123, "IIXYIIXX": -0.1379025360198123, "IIXXIIXY": 0.1379025360198123, "IIXYIIYY": 0.1379025360198123, "IIYYIIXY": -0.1379025360198123, "XXIIXYII": 0.1364221006905362, "XYIIXXII": -0.1364221006905362, "YYIIXYII": -0.1364221006905362, "YXIIXXII": -0.1364221006905362, "XYIIYYII": 0.1364221006905362, "YXIIYYII": 0.1364221006905362, "YYIIYXII": -0.1364221006905362, "XXIIYXII": 0.1364221006905362, "IIYXXXII": 0.009151291942008269, "IIXXXYII": -0.009151291942008269, "IIXYXXII": 0.009151291942008269, "IIXYYYII": -0.009151291942008269, "IIYXYYII": -0.009151291942008269, "IIYYYXII": 0.009151291942008269, "IIXXYXII": -0.009151291942008269, "IIYYXYII": 0.009151291942008269, "YYIIIIXY": 0.00016521809381920185, "XXIIIIXY": -0.00016521809381920185, "YXIIIIXX": 0.00016521809381920185, "XYIIIIYY": -0.00016521809381920185, "YXIIIIYY": -0.00016521809381920185, "YYIIIIYX": 0.00016521809381920185, "XXIIIIYX": -0.00016521809381920185, "XYIIIIXX": 0.00016521809381920185}}, "hf_method_fallback": "standard", "generation_time_s": 3.154, "timestamp": "2026-03-10T21:48:33.051171+00:00", "formula_latex": "$\\mathrm{H_{4}}$"}}