{"n_qubits": 4, "qubits": [1, 2, 3, 4], "fci_energy": -1.8474483572533458, "hf_energy": -1.5494899568548381, "CS_SRE": [0.41260364632652646, 0.8249626317863423, 1.2448482467581619, 1.948966539274557], "CS_energy": [-1.630228318500989, -1.6966686412103338, -1.7207777432548779, -1.8474483572533478], "overlaps": [0.8407398005848538, 0.7290427226422009, 0.5897267493835641, 0.249198061774543], "solver": "scipy", "data": {"molecule_id": "H4_singlet_D4h", "qubit_encoding": "JW", "unit": "Angstrom", "basis": "sto-3g", "charge": 0, "multiplicity": 1, "spin": 0, "geometry": "H 0.3681000000 0.3681000000 0.0000000000\nH 2.0859000000 0.3681000000 0.0000000000\nH 2.0859000000 2.0859000000 0.0000000000\nH 0.3681000000 2.0859000000 0.0000000000", "n_qubits": 8, "n_particles": {"total": 4, "alpha": 2, "beta": 2}, "hf_array": [1, 1, 1, 1, 0, 0, 0, 0], "hf_method": "pyscf.scf.hf_symm.SymAdaptedRHF", "convergence_threshold": 1e-06, "point_group": {"groupname": "D2h", "topgroup": "D4h"}, "alpha": 0.7, "calculated_properties": {"HF": {"energy": -1.5494899568548381, "converged": true}, "MP2": {"energy": -1.6375877275099144, "converged": null}, "CISD": {"energy": -1.7466634987253147, "converged": true}, "CCSD": {"energy": -1.7575546150517847, "converged": true, "t1_diagnostic": 3.488356573531333e-08, "_t1_diagnostic_check": {"branch_match": false, "recalculated_hf_energy": -1.6392448990126869, "recalculated_ccsd_energy": -1.9457218544331183, "delta_hf_ha": -0.08975494215784874, "delta_ccsd_ha": -0.18816723938133362}}, "FCI": {"energy": -1.8474483572533458, "converged": true, "spin_matches_target": true, "multiplicity": 1.0, "oscillatory_converged": false, "oscillation_energy_change": null}}, "auxiliary_operators": {"number_operator": {"IIIIIIII": 4.0, "ZIIIIIII": -0.5, "IZIIIIII": -0.5, "IIZIIIII": -0.5, "IIIZIIII": -0.5, "IIIIZIII": -0.5, "IIIIIZII": -0.5, "IIIIIIZI": -0.5, "IIIIIIIZ": -0.5}, "N_alpha": {"IIIIIIII": 2.0, "ZIIIIIII": -0.5, "IIZIIIII": -0.5, "IIIIZIII": -0.5, "IIIIIIZI": -0.5}, "N_beta": {"IIIIIIII": 2.0, "IZIIIIII": -0.5, "IIIZIIII": -0.5, "IIIIIZII": -0.5, "IIIIIIIZ": -0.5}, "S^2_operator": {"IIIIIIII": 1.5, "ZZIIIIII": -0.375, "IIIIZZII": -0.375, "IIIIIIZZ": -0.375, "IIZZIIII": -0.375, "ZIIZIIII": -0.125, "ZIZIIIII": 0.125, "IIIIXYXY": 0.125, "IIIIXYYX": -0.125, "IIIIYYXX": 0.125, "IIIIYYYY": 0.125, "IIIIXXXX": 0.125, "IIIIXXYY": 0.125, "IIIIYXXY": -0.125, "IIIIYXYX": 0.125, "IIXYIIXY": 0.125, "IIXYIIYX": -0.125, "ZIIIZIII": 0.125, "ZIIIIZII": -0.125, "ZIIIIIZI": 0.125, "ZIIIIIIZ": -0.125, "IIIIZIIZ": -0.125, "IIIIZIZI": 0.125, "IIIZIIIZ": 0.125, "IIIZIIZI": -0.125, "IIIZIZII": 0.125, "IIIZZIII": -0.125, "IIZIIIIZ": -0.125, "IIYYIIXX": 0.125, "IIZIIIZI": 0.125, "IIZIZIII": 0.125, "IZIIIIIZ": 0.125, "IZIIIIZI": -0.125, "IZIIIZII": 0.125, "IZIIZIII": -0.125, "IZIZIIII": 0.125, "IZZIIIII": -0.125, "IIZIIZII": -0.125, "IIYYIIYY": 0.125, "IIXXIIXX": 0.125, "IIXXIIYY": 0.125, "XYIIYXII": -0.125, "YYIIXXII": 0.125, "YYIIYYII": 0.125, "XXIIXXII": 0.125, "XXIIYYII": 0.125, "YXIIXYII": -0.125, "YXIIYXII": 0.125, "XYXYIIII": 0.125, "XYYXIIII": -0.125, "YYXXIIII": 0.125, "YYYYIIII": 0.125, "XXXXIIII": 0.125, "XXYYIIII": 0.125, "YXXYIIII": -0.125, "YXYXIIII": 0.125, "XYIIXYII": 0.125, "IIIIIZZI": -0.125, "YXIIIIYX": 0.125, "XXIIIIYY": 0.125, "IIYXIIXY": -0.125, "IIYXIIYX": 0.125, "IIXYXYII": 0.125, "IIXYYXII": -0.125, "IIYYXXII": 0.125, "IIYYYYII": 0.125, "IIXXXXII": 0.125, "IIXXYYII": 0.125, "IIYXXYII": -0.125, "IIYXYXII": 0.125, "XYIIIIXY": 0.125, "XYIIIIYX": -0.125, "YYIIIIXX": 0.125, "YYIIIIYY": 0.125, "XXIIIIXX": 0.125, "YXIIIIXY": -0.125, "IIIIIZIZ": 0.125}, "UCCSD_operator": {"YZZZZZXI": -0.12890873091237484, "XZZZZZYI": 0.12890873091237484, "IYZZZZZX": -0.12890873091237484, "IXZZZZZY": 0.12890873091237484, "IIXXIIYX": 0.07819131707722916, "IIYYIIYX": -0.07819131707722916, "IIYXIIYY": 0.07819131707722916, "IIYXIIXX": -0.07819131707722916, "IIXYIIXX": -0.07819131707722916, "IIXXIIXY": 0.07819131707722916, "IIXYIIYY": 0.07819131707722916, "IIYYIIXY": -0.07819131707722916, "XXIIXYII": 0.07299388577617219, "XYIIXXII": -0.07299388577617219, "YYIIXYII": -0.07299388577617219, "YXIIXXII": -0.07299388577617219, "XYIIYYII": 0.07299388577617219, "YXIIYYII": 0.07299388577617219, "YYIIYXII": -0.07299388577617219, "XXIIYXII": 0.07299388577617219, "IIYXXXII": 0.039875771051288054, "IIXXXYII": -0.039875771051288054, "IIXYXXII": 0.039875771051288054, "IIXYYYII": -0.039875771051288054, "IIYXYYII": -0.039875771051288054, "IIYYYXII": 0.039875771051288054, "IIXXYXII": -0.039875771051288054, "IIYYXYII": 0.039875771051288054, "YYIIIIXY": -6.309871178113986e-05, "XXIIIIXY": 6.309871178113986e-05, "YXIIIIXX": -6.309871178113986e-05, "XYIIIIYY": 6.309871178113986e-05, "YXIIIIYY": 6.309871178113986e-05, "YYIIIIYX": -6.309871178113986e-05, "XXIIIIYX": 6.309871178113986e-05, "XYIIIIXX": -6.309871178113986e-05}}, "hf_method_fallback": "standard", "generation_time_s": 3.787, "timestamp": "2026-03-10T21:49:06.490542+00:00", "formula_latex": "$\\mathrm{H_{4}}$"}}