{
    "hamiltonian": {
        "IIIIIIII": 2.579949012375982,
        "IIIIIIIZ": -1.1217574006077504,
        "IIIIIIZI": -1.1217574006077502,
        "IIIIIZII": -0.788896531914487,
        "IIIIZIII": -0.7888965319144869,
        "IIZIIIII": -0.44061266999345483,
        "IIIZIIII": -0.44061266999345483,
        "ZIIIIIII": -0.2988649178150931,
        "IZIIIIII": -0.29886491781509306,
        "IIIIIIZZ": 0.1869619274826445,
        "ZIIIIIIZ": 0.16677148700654215,
        "IZIIIIZI": 0.16677148700654215,
        "ZZIIIIII": 0.163067437341097,
        "IIIIZIIZ": 0.14651732849733617,
        "IIIIIZZI": 0.14651732849733617,
        "ZIIIIZII": 0.1401533188894981,
        "IZIIZIII": 0.1401533188894981,
        "ZIIIIIZI": 0.13399879624882755,
        "IZIIIIIZ": 0.13399879624882755,
        "IIIIZZII": 0.12674435663431483,
        "IIZIIIIZ": 0.11694226044436695,
        "IIIZIIZI": 0.11694226044436695,
        "IZZIIIII": 0.11389336900727529,
        "ZIIZIIII": 0.11389336900727529,
        "IZIIIZII": 0.11160785837781917,
        "ZIIIZIII": 0.11160785837781917,
        "IIIIZIZI": 0.11113924075155246,
        "IIIIIZIZ": 0.11113924075155246,
        "IIZZIIII": 0.10254566441371728,
        "IIZIIZII": 0.10229257413158341,
        "IIIZZIII": 0.10229257413158341,
        "IIIZIIIZ": 0.0989994463812848,
        "IIZIIIZI": 0.0989994463812848,
        "IYZZZYII": 0.09380376299959213,
        "IXZZZXII": 0.09380376299959213,
        "YZZZYIII": 0.09380376299959212,
        "XZZZXIII": 0.09380376299959212,
        "IIIZIZII": 0.093447969575801,
        "IIZIZIII": 0.093447969575801,
        "ZIZIIIII": 0.09161066873882992,
        "IZIZIIII": 0.09161066873882992,
        "IIXZZZXI": -0.05796738514790963,
        "IIYZZZYI": -0.05796738514790963,
        "IIIYZZZY": -0.05796738514790962,
        "IIIXZZZX": -0.05796738514790962,
        "IYZZZYZI": -0.050824574874284614,
        "YZZZYIIZ": -0.050824574874284614,
        "XZZZXIIZ": -0.050824574874284614,
        "IXZZZXZI": -0.050824574874284614,
        "IIIYZZIY": 0.04262881528184238,
        "IIYZZZYZ": 0.04262881528184238,
        "IIXZZZXZ": 0.04262881528184238,
        "IIIXZZIX": 0.04262881528184238,
        "ZXZZZXII": -0.04160969890900229,
        "XIZZXIII": -0.04160969890900229,
        "YIZZYIII": -0.04160969890900229,
        "ZYZZZYII": -0.04160969890900229,
        "ZIIYZZZY": 0.03586236660816101,
        "IZYZZZYI": 0.03586236660816101,
        "ZIIXZZZX": 0.03586236660816101,
        "IZXZZZXI": 0.03586236660816101,
        "IIIIYXXY": 0.03537808774578371,
        "IIIIYYXX": -0.03537808774578371,
        "IIIIXXYY": -0.03537808774578371,
        "IIIIXYYX": 0.03537808774578371,
        "IYZZIYII": -0.03317424234653903,
        "IXZZIXII": -0.03317424234653903,
        "YZZZYZII": -0.03317424234653903,
        "XZZZXZII": -0.03317424234653903,
        "XYIIIIYX": 0.032772690757714606,
        "YXIIIIXY": 0.032772690757714606,
        "XXIIIIYY": -0.032772690757714606,
        "YYIIIIXX": -0.032772690757714606,
        "XZZZZYYX": 0.031417389461236074,
        "IYZZXIXY": -0.031417389461236074,
        "IYZZYIYY": -0.031417389461236074,
        "IXZZXIXX": -0.031417389461236074,
        "IXZZYIYX": -0.031417389461236074,
        "XZZZZXYY": -0.031417389461236074,
        "YZZZZXXY": 0.031417389461236074,
        "YZZZZYXX": -0.031417389461236074,
        "XXIIYYII": -0.028545460511678947,
        "YYIIXXII": -0.028545460511678947,
        "YXIIXYII": 0.028545460511678947,
        "XYIIYXII": 0.028545460511678947,
        "IIXZZIXI": 0.027075563250543846,
        "IIIXIZZX": 0.027075563250543846,
        "IIIYIZZY": 0.027075563250543846,
        "IIYZZIYI": 0.027075563250543846,
        "IIIYZIZY": 0.025236950066553698,
        "IIIXZIZX": 0.025236950066553698,
        "IIYZIZYI": 0.025236950066553698,
        "IIXZIZXI": 0.025236950066553698,
        "IYZYYZYI": -0.02334935436564777,
        "IYZYXZXI": -0.02334935436564777,
        "YZYIIYZY": -0.02334935436564777,
        "YZYIIXZX": -0.02334935436564777,
        "IXZXYZYI": -0.02334935436564777,
        "XZXIIYZY": -0.02334935436564777,
        "XZXIIXZX": -0.02334935436564777,
        "IXZXXZXI": -0.02334935436564777,
        "XYYXIIII": 0.022282700268445362,
        "XXYYIIII": -0.022282700268445362,
        "YYXXIIII": -0.022282700268445362,
        "YXXYIIII": 0.022282700268445362,
        "YXIXZZYI": 0.020025172578589587,
        "XXIXZZXI": 0.020025172578589587,
        "XYIYZZXI": 0.020025172578589587,
        "YYIYZZYI": 0.020025172578589587,
        "XXYZZZZY": 0.020025172578589583,
        "YYXZZZZX": 0.020025172578589583,
        "YXXZZZZY": -0.020025172578589583,
        "XYYZZZZX": -0.020025172578589583,
        "IXZZZXIZ": -0.01940718541304854,
        "IYZZZYIZ": -0.01940718541304854,
        "YZZZYIZI": -0.01940718541304854,
        "XZZZXIZI": -0.01940718541304854,
        "IYXIIXYI": -0.01940333912707042,
        "IXYIIYXI": -0.01940333912707042,
        "IXXIIYYI": 0.01940333912707042,
        "IYYIIXXI": 0.01940333912707042,
        "YZZXXZZY": -0.01940333912707042,
        "YZZYXZZX": 0.01940333912707042,
        "XZZXYZZY": 0.01940333912707042,
        "XZZYYZZX": -0.01940333912707042,
        "IXZIZXII": -0.01808489530776941,
        "IYZIZYII": -0.01808489530776941,
        "YZIZYIII": -0.01808489530776941,
        "XZIZXIII": -0.01808489530776941,
        "IIXXIIYY": -0.017942814063082162,
        "IIXYIIYX": 0.017942814063082162,
        "IIYXIIXY": 0.017942814063082162,
        "IIYYIIXX": -0.017942814063082162,
        "YZYIYZYI": -0.0165948608377951,
        "IYZYIYZY": -0.0165948608377951,
        "XZXIXZXI": -0.0165948608377951,
        "IXZXIXZX": -0.0165948608377951,
        "ZIXZZZXI": 0.015837194029571424,
        "ZIYZZZYI": 0.015837194029571424,
        "IZIXZZZX": 0.015837194029571424,
        "IZIYZZZY": 0.015837194029571424,
        "IIXIZZXI": 0.014725579886719267,
        "IIZYZZZY": 0.014725579886719267,
        "IIZXZZZX": 0.014725579886719267,
        "IIYIZZYI": 0.014725579886719267,
        "IXIZZXII": -0.0139226067685055,
        "IYIZZYII": -0.0139226067685055,
        "YZZIYIII": -0.0139226067685055,
        "XZZIXIII": -0.0139226067685055,
        "XZYIYZXI": -0.012648845599217747,
        "IXZYIYZX": -0.012648845599217747,
        "YZXIXZYI": -0.012648845599217747,
        "IYZXIXZY": -0.012648845599217747,
        "IIYXXYII": 0.00884460455578242,
        "IIXYYXII": 0.00884460455578242,
        "IIYYXXII": -0.00884460455578242,
        "IIXXYYII": -0.00884460455578242,
        "IXXIXZZX": 0.006754493527852669,
        "IXYIYZZX": 0.006754493527852669,
        "YZZXIXYI": 0.006754493527852669,
        "YZZYIYYI": 0.006754493527852669,
        "XZZXIXXI": 0.006754493527852669,
        "XZZYIYXI": 0.006754493527852669,
        "IYYIYZZY": 0.006754493527852669,
        "IYXIXZZY": 0.006754493527852669,
        "YZYYZYII": -0.004162288539263912,
        "YZYXZXII": -0.004162288539263912,
        "XZXYZYII": -0.004162288539263912,
        "XZXXZXII": -0.004162288539263912,
        "IXXYYIII": 0.004162288539263911,
        "IYXXYIII": -0.004162288539263911,
        "IYYXXIII": 0.004162288539263911,
        "IXYYXIII": -0.004162288539263911,
        "IYZYIXZX": -0.003946015238577353,
        "IXZXIYZY": -0.003946015238577353,
        "XZXIYZYI": -0.003946015238577353,
        "YZYIXZXI": -0.003946015238577353,
        "IIIXYYXI": -0.0018386131839901497,
        "IIIXXYYI": 0.0018386131839901497,
        "IIIYYXXI": 0.0018386131839901497,
        "IIIYXXYI": -0.0018386131839901497,
        "IIYZYYZY": -0.0018386131839901497,
        "IIYZYXZX": -0.0018386131839901497,
        "IIXZXXZX": -0.0018386131839901497,
        "IIXZXYZY": -0.0018386131839901497
    },
    "data": {
        "molecule_id": "DH_singlet_Coov",
        "qubit_encoding": "JW",
        "unit": "Angstrom",
        "basis": "3-21g",
        "charge": 0,
        "multiplicity": 1,
        "spin": 0,