{
    "hamiltonian": {
        "IIIZ": -0.259872644173068,
        "IIZI": -0.2598726441730679,
        "ZIII": 0.18309556213124362,
        "IZII": 0.18309556213124353,
        "IIZZ": 0.17783449863765,
        "ZZII": 0.17215654983826115,
        "ZIIZ": 0.16914347030059304,
        "IZZI": 0.16914347030059304,
        "ZIZI": 0.12483497800642632,
        "IZIZ": 0.12483497800642632,
        "YXXY": 0.04430849229416673,
        "YYXX": -0.04430849229416673,
        "XXYY": -0.04430849229416673,
        "XYYX": 0.04430849229416673,
        "IIII": 0.008666211979941163
    },
    "data": {
        "molecule_id": "DH_singlet_Coov",
        "qubit_encoding": "JW",
        "unit": "Angstrom",
        "basis": "sto-3g",
        "charge": 0,
        "multiplicity": 1,
        "spin": 0,
        "geometry": "H 0.0000000000 0.0000000000 0.0370700000\nH 0.0000000000 0.0000000000 0.7043300000",
        "n_qubits": 4,
        "n_particles": {
            "total": 2,
            "alpha": 1,
            "beta": 1
        },
        "hf_array": [
            1,
            1,
            0,
            0
        ],
        "hf_method": "pyscf.scf.hf_symm.SymAdaptedRHF",
        "convergence_threshold": 1e-06,
        "point_group": {
            "groupname": "Dooh",
            "topgroup": "Dooh"
        },
        "alpha": 0.9,
        "calculated_properties": {
            "HF": {
                "energy": -1.1152360487668092,
                "converged": true
            },
            "MP2": {
                "energy": -1.1267686926495697,
                "converged": null
            },
            "CISD": {
                "energy": -1.1327902044631089,
                "converged": true
            },
            "CCSD": {
                "energy": -1.1327903319929864,
                "converged": true,
                "t1_diagnostic": 6.63576593227698e-17
            },
            "FCI": {
                "energy": -1.1327902044631089,
                "converged": true,
                "spin_matches_target": true,
                "multiplicity": 1.0,
                "oscillatory_converged": false,
                "oscillation_energy_change": null
            }
        },
        "auxiliary_operators": {
            "number_operator": {
                "IIII": 2.0,
                "ZIII": -0.5,
                "IZII": -0.5,
                "IIZI": -0.5,
                "IIIZ": -0.5
            },
            "N_alpha": {
                "IIII": 1.0,
                "ZIII": -0.5,
                "IIZI": -0.5
            },
            "N_beta": {
                "IIII": 1.0,
                "IZII": -0.5,
                "IIIZ": -0.5
            },
            "S^2_operator": {
                "IIII": 0.75,
                "ZZII": -0.375,
                "IIZZ": -0.375,
                "YXYX": 0.125,
                "YXXY": -0.125,
                "XXYY": 0.125,
                "XXXX": 0.125,
                "YYYY": 0.125,
                "YYXX": 0.125,
                "XYYX": -0.125,
                "XYXY": 0.125,
                "ZIZI": 0.125,
                "ZIIZ": -0.125,
                "IZZI": -0.125,
                "IZIZ": 0.125
            },
            "UCCSD_operator": {
                "XXYX": 0.012380727088975276,
                "YYYX": -0.012380727088975276,
                "YXYY": 0.012380727088975276,
                "XYYY": 0.012380727088975276,
                "YXXX": -0.012380727088975276,
                "XYXX": -0.012380727088975276,
                "XXXY": 0.012380727088975276,
                "YYXY": -0.012380727088975276
            }
        },
        "hf_method_fallback": "standard",
        "generation_time_s": 1.12,
        "timestamp": "2026-03-10T21:17:11.830329+00:00",
        "formula_latex": "$\\mathrm{DH}$"
    }
}