{
    "hamiltonian": {
        "IIII": -0.3850943517524687,
        "IIZZ": 0.15891202680245475,
        "ZZII": 0.15179014519805564,
        "ZIIZ": 0.1514161470149739,
        "IZZI": 0.1514161470149739,
        "ZIII": 0.12533069186503393,
        "IZII": 0.12533069186503393,
        "IIZI": -0.10204605378168846,
        "IIIZ": -0.10204605378168845,
        "ZIZI": 0.10041330267353245,
        "IZIZ": 0.10041330267353245,
        "YXXY": 0.051002844341441436,
        "YYXX": -0.051002844341441436,
        "XXYY": -0.051002844341441436,
        "XYYX": 0.051002844341441436
    },
    "data": {
        "molecule_id": "DH_singlet_Coov",
        "qubit_encoding": "JW",
        "unit": "Angstrom",
        "basis": "sto-3g",
        "charge": 0,
        "multiplicity": 1,
        "spin": 0,
        "geometry": "H 0.0000000000 0.0000000000 -0.1853500000\nH 0.0000000000 0.0000000000 0.9267500000",
        "n_qubits": 4,
        "n_particles": {
            "total": 2,
            "alpha": 1,
            "beta": 1
        },
        "hf_array": [
            1,
            1,
            0,
            0
        ],
        "hf_method": "pyscf.scf.hf_symm.SymAdaptedRHF",
        "convergence_threshold": 1e-06,
        "point_group": {
            "groupname": "Dooh",
            "topgroup": "Dooh"
        },
        "alpha": 1.5,
        "calculated_properties": {
            "HF": {
                "energy": -1.032804570422416,
                "converged": true
            },
            "MP2": {
                "energy": -1.0575591074542414,
                "converged": null
            },
            "CISD": {
                "energy": -1.076469959126764,
                "converged": true
            },
            "CCSD": {
                "energy": -1.076469959185272,
                "converged": true,
                "t1_diagnostic": 1.2594817986118347e-16
            },
            "FCI": {
                "energy": -1.0764699591267637,
                "converged": true,
                "spin_matches_target": true,
                "multiplicity": 1.0,
                "oscillatory_converged": false,
                "oscillation_energy_change": null
            }
        },
        "auxiliary_operators": {
            "number_operator": {
                "IIII": 2.0,
                "ZIII": -0.5,
                "IZII": -0.5,
                "IIZI": -0.5,
                "IIIZ": -0.5
            },
            "N_alpha": {
                "IIII": 1.0,
                "ZIII": -0.5,
                "IIZI": -0.5
            },
            "N_beta": {
                "IIII": 1.0,
                "IZII": -0.5,
                "IIIZ": -0.5
            },
            "S^2_operator": {
                "IIII": 0.75,
                "ZZII": -0.375,
                "IIZZ": -0.375,
                "YXYX": 0.125,
                "YXXY": -0.125,
                "XXYY": 0.125,
                "XXXX": 0.125,
                "YYYY": 0.125,
                "YYXX": 0.125,
                "XYYX": -0.125,
                "XYXY": 0.125,
                "ZIZI": 0.125,
                "ZIIZ": -0.125,
                "IZZI": -0.125,
                "IZIZ": 0.125
            },
            "UCCSD_operator": {
                "XXYX": 0.026754260795814392,
                "YYYX": -0.026754260795814392,
                "YXYY": 0.026754260795814392,
                "XYYY": 0.026754260795814392,
                "YXXX": -0.026754260795814392,
                "XYXX": -0.026754260795814392,
                "XXXY": 0.026754260795814392,
                "YYXY": -0.026754260795814392
            }
        },
        "hf_method_fallback": "standard",
        "generation_time_s": 1.66,
        "timestamp": "2026-03-10T21:17:06.011550+00:00",
        "formula_latex": "$\\mathrm{DH}$"
    }
}