{
    "hamiltonian": {
        "IIIIIIII": 2.464086684625886,
        "IIIIIIIZ": -1.0411904138688306,
        "IIIIIIZI": -1.0411904138688306,
        "IIIIIZII": -0.8293154274669661,
        "IIIIZIII": -0.8293154274669661,
        "IIZIIIII": -0.4276539854500472,
        "IIIZIIII": -0.4276539854500472,
        "ZIIIIIII": -0.2996058850088566,
        "IZIIIIII": -0.2996058850088566,
        "IIIIIIZZ": 0.17218585932064787,
        "IZIIIIZI": 0.15367497957095516,
        "ZIIIIIIZ": 0.15367497957095516,
        "ZZIIIIII": 0.1511088797443153,
        "IIIIZIIZ": 0.14313555975330056,
        "IIIIIZZI": 0.14313555975330056,
        "IZIIZIII": 0.13522489884724898,
        "ZIIIIZII": 0.13522489884724898,
        "IIIIZZII": 0.12691572832168332,
        "ZIIIIIZI": 0.12458074619700052,
        "IZIIIIIZ": 0.12458074619700052,
        "IIIZIIZI": 0.11753747245584881,
        "IIZIIIIZ": 0.11753747245584881,
        "ZIIZIIII": 0.114483333259106,
        "IZZIIIII": 0.114483333259106,
        "ZIIIZIII": 0.10943372166850629,
        "IZIIIZII": 0.10943372166850629,
        "IIIZZIII": 0.10495551758002071,
        "IIZIIZII": 0.10495551758002071,
        "IIZZIIII": 0.10432579828454086,
        "IIIIIZIZ": 0.10076216911687123,
        "IIIIZIZI": 0.10076216911687123,
        "IIZIIIZI": 0.09763035963285491,
        "IIIZIIIZ": 0.09763035963285491,
        "IIIZIZII": 0.09605449044107932,
        "IIZIZIII": 0.09605449044107932,
        "YZZZYIII": 0.08904778594821308,
        "XZZZXIII": 0.08904778594821308,
        "IYZZZYII": 0.08904778594821305,
        "IXZZZXII": 0.08904778594821305,
        "IZIZIIII": 0.0883784854932131,
        "ZIZIIIII": 0.0883784854932131,
        "IIXZZZXI": -0.0620647832120855,
        "IIYZZZYI": -0.0620647832120855,
        "IIIXZZZX": -0.0620647832120855,
        "IIIYZZZY": -0.0620647832120855,
        "IXZZZXZI": -0.04630959441518055,
        "IYZZZYZI": -0.04630959441518055,
        "XZZZXIIZ": -0.04630959441518055,
        "YZZZYIIZ": -0.04630959441518055,
        "IIIIYXXY": 0.04237339063642935,
        "IIIIXYYX": 0.04237339063642935,
        "IIIIXXYY": -0.04237339063642935,
        "IIIIYYXX": -0.04237339063642935,
        "IIXZZZXZ": 0.04205175346962114,
        "IIYZZZYZ": 0.04205175346962114,
        "IIIXZZIX": 0.04205175346962113,
        "IIIYZZIY": 0.04205175346962113,
        "XIZZXIII": -0.03644285637837466,
        "ZXZZZXII": -0.03644285637837466,
        "ZYZZZYII": -0.03644285637837466,
        "YIZZYIII": -0.03644285637837466,
        "ZIIXZZZX": 0.03489354209353476,
        "ZIIYZZZY": 0.03489354209353476,
        "IZYZZZYI": 0.03489354209353476,
        "IZXZZZXI": 0.03489354209353476,
        "XZZZXZII": -0.03214683731265617,
        "IYZZIYII": -0.03214683731265617,
        "IXZZIXII": -0.03214683731265617,
        "YZZZYZII": -0.03214683731265617,
        "IXZZYIYX": -0.03198696748570468,
        "XZZZZYYX": 0.03198696748570468,
        "IXZZXIXX": -0.03198696748570468,
        "IYZZYIYY": -0.03198696748570468,
        "IYZZXIXY": -0.03198696748570468,
        "XZZZZXYY": -0.03198696748570468,
        "YZZZZXXY": 0.03198696748570468,
        "YZZZZYXX": -0.03198696748570468,
        "IIYZZIYI": 0.029752621458495197,
        "IIXZZIXI": 0.029752621458495197,
        "IIIYIZZY": 0.029752621458495197,
        "IIIXIZZX": 0.029752621458495197,
        "YXIIIIXY": 0.02909423337395462,
        "YYIIIIXX": -0.02909423337395462,
        "XXIIIIYY": -0.02909423337395462,
        "XYIIIIYX": 0.02909423337395462,
        "IXZXXZXI": -0.02866974709212127,
        "IXZXYZYI": -0.02866974709212127,
        "IYZYXZXI": -0.02866974709212127,
        "IYZYYZYI": -0.02866974709212127,
        "XZXIIYZY": -0.02866974709212127,
        "XZXIIXZX": -0.02866974709212127,
        "YZYIIXZX": -0.02866974709212127,
        "YZYIIYZY": -0.02866974709212127,
        "YXXYIIII": 0.026104847765892888,
        "YYXXIIII": -0.026104847765892888,
        "XXYYIIII": -0.026104847765892888,
        "XYYXIIII": 0.026104847765892888,
        "YXIIXYII": 0.02579117717874269,
        "YYIIXXII": -0.02579117717874269,
        "XXIIYYII": -0.02579117717874269,
        "XYIIYXII": 0.02579117717874269,
        "IIIXZIZX": 0.022872503016058813,
        "IIXZIZXI": 0.022872503016058813,
        "IIYZIZYI": 0.022872503016058813,
        "IIIYZIZY": 0.022872503016058813,
        "IXYIIYXI": -0.020380838592776247,
        "IXXIIYYI": 0.020380838592776247,
        "YZZXXZZY": -0.020380838592776247,
        "IYXIIXYI": -0.020380838592776247,
        "XZZYYZZX": -0.020380838592776247,
        "XZZXYZZY": 0.020380838592776247,
        "YZZYXZZX": 0.020380838592776247,
        "IYYIIXXI": 0.020380838592776247,
        "YXIXZZYI": 0.02014209911245838,
        "YYIYZZYI": 0.02014209911245838,
        "XXIXZZXI": 0.02014209911245838,
        "YXXZZZZY": -0.02014209911245838,
        "XYIYZZXI": 0.02014209911245838,
        "XXYZZZZY": 0.02014209911245838,
        "YYXZZZZX": 0.02014209911245838,
        "XYYZZZZX": -0.02014209911245838,
        "IIXXIIYY": -0.019907112822993903,
        "IIYXIIXY": 0.019907112822993903,
        "IIYYIIXX": -0.019907112822993903,
        "IIXYIIYX": 0.019907112822993903,
        "XZXIXZXI": -0.01800288780579824,
        "YZYIYZYI": -0.01800288780579824,
        "IXZXIXZX": -0.01800288780579824,
        "IYZYIYZY": -0.01800288780579824,
        "IIZXZZZX": 0.01703288195579631,
        "IIZYZZZY": 0.01703288195579631,
        "IIXIZZXI": 0.01703288195579631,
        "IIYIZZYI": 0.01703288195579631,
        "XZZIXIII": -0.016387902359433583,
        "IYIZZYII": -0.016387902359433583,
        "YZZIYIII": -0.016387902359433583,
        "IXIZZXII": -0.016387902359433583,
        "XZIZXIII": -0.01632369281069279,
        "IYZIZYII": -0.01632369281069279,
        "IXZIZXII": -0.01632369281069279,
        "YZIZYIII": -0.01632369281069279,
        "ZIXZZZXI": 0.014751442981076383,
        "IZIYZZZY": 0.014751442981076383,
        "IZIXZZZX": 0.014751442981076383,
        "ZIYZZZYI": 0.014751442981076383,
        "IXZZZXIZ": -0.014322626929475864,
        "XZZZXIZI": -0.014322626929475864,
        "IYZZZYIZ": -0.014322626929475864,
        "YZZZYIZI": -0.014322626929475864,
        "IXXIXZZX": 0.010666859286323034,
        "XZZYIYXI": 0.010666859286323034,
        "XZZXIXXI": 0.010666859286323034,
        "YZZYIYYI": 0.010666859286323034,
        "YZZXIXYI": 0.010666859286323034,
        "IYXIXZZY": 0.010666859286323034,
        "IYYIYZZY": 0.010666859286323034,
        "IXYIYZZX": 0.010666859286323034,
        "YZXIXZYI": -0.009713979306453213,
        "XZYIYZXI": -0.009713979306453213,
        "IXZYIYZX": -0.009713979306453213,
        "IYZXIXZY": -0.009713979306453213,
        "IIXXYYII": -0.00890102713894138,
        "IIYXXYII": 0.00890102713894138,
        "IIYYXXII": -0.00890102713894138,
        "IIXYYXII": 0.00890102713894138,
        "IXZXIYZY": -0.008288908499345023,
        "XZXIYZYI": -0.008288908499345023,
        "YZYIXZXI": -0.008288908499345023,
        "IYZYIXZX": -0.008288908499345023,
        "IIIXYYXI": -0.006880118442436385,
        "IIIXXYYI": 0.006880118442436385,
        "IIIYYXXI": 0.006880118442436385,
        "IIIYXXYI": -0.006880118442436385,
        "IIXZXXZX": -0.006880118442436385,
        "IIXZXYZY": -0.006880118442436385,
        "IIYZYXZX": -0.006880118442436385,
        "IIYZYYZY": -0.006880118442436385,
        "IYXXYIII": 6.420954874078923e-05,
        "IXYYXIII": 6.420954874078923e-05,
        "XZXXZXII": 6.420954874078923e-05,
        "XZXYZYII": 6.420954874078923e-05,
        "YZYXZXII": 6.420954874078923e-05,
        "YZYYZYII": 6.420954874078923e-05,
        "IXXYYIII": -6.420954874078923e-05,
        "IYYXXIII": -6.420954874078923e-05
    },
    "data": {
        "molecule_id": "DH_singlet_Coov",
        "qubit_encoding": "JW",
        "unit": "Angstrom",
        "basis": "3-21g",
        "charge": 0,
        "multiplicity": 1,
        "spin": 0,