{
    "hamiltonian": {
        "IIIIIIII": 2.676521378273771,
        "IIIIIIIZ": -1.1733793614119166,
        "IIIIIIZI": -1.1733793614119166,
        "IIIIIZII": -0.7695225918181189,
        "IIIIZIII": -0.7695225918181189,
        "IIZIIIII": -0.4467025639090302,
        "IIIZIIII": -0.4467025639090302,
        "IZIIIIII": -0.29741026584644253,
        "ZIIIIIII": -0.2974102658464425,
        "IIIIIIZZ": 0.19480082076354294,
        "ZIIIIIIZ": 0.17406346899496225,
        "IZIIIIZI": 0.17406346899496225,
        "ZZIIIIII": 0.16999285111612036,
        "IIIIIZZI": 0.14807677108654627,
        "IIIIZIIZ": 0.14807677108654627,
        "ZIIIIZII": 0.14260893415276799,
        "IZIIZIII": 0.14260893415276799,
        "ZIIIIIZI": 0.1394115176708723,
        "IZIIIIIZ": 0.1394115176708723,
        "IIIIZZII": 0.12651683857932422,
        "IIIZIIZI": 0.11640346002255197,
        "IIZIIIIZ": 0.11640346002255197,
        "IIIIZIZI": 0.1163156157621995,
        "IIIIIZIZ": 0.1163156157621995,
        "IZZIIIII": 0.11341595946517853,
        "ZIIZIIII": 0.11341595946517853,
        "ZIIIZIII": 0.11279875727140663,
        "IZIIIZII": 0.11279875727140663,
        "IIZZIIII": 0.10170044358617655,
        "IIIZZIII": 0.10110883272787842,
        "IIZIIZII": 0.10110883272787842,
        "IIIZIIIZ": 0.09964676659485179,
        "IIZIIIZI": 0.09964676659485179,
        "YZZZYIII": 0.09549694838482062,
        "XZZZXIII": 0.09549694838482062,
        "IYZZZYII": 0.09549694838482059,
        "IXZZZXII": 0.09549694838482059,
        "ZIZIIIII": 0.09313997177791765,
        "IZIZIIII": 0.09313997177791765,
        "IIZIZIII": 0.09178855779202931,
        "IIIZIZII": 0.09178855779202931,
        "IIIXZZZX": -0.054913877670002255,
        "IIIYZZZY": -0.054913877670002255,
        "IIXZZZXI": -0.05491387767000224,
        "IIYZZZYI": -0.05491387767000224,
        "IXZZZXZI": -0.05296596774741139,
        "IYZZZYZI": -0.05296596774741139,
        "YZZZYIIZ": -0.05296596774741139,
        "XZZZXIIZ": -0.05296596774741139,
        "ZXZZZXII": -0.04429317514107649,
        "YIZZYIII": -0.04429317514107649,
        "XIZZXIII": -0.04429317514107649,
        "ZYZZZYII": -0.04429317514107649,
        "IIIYZZIY": 0.042472986227668534,
        "IIXZZZXZ": 0.042472986227668534,
        "IIYZZZYZ": 0.042472986227668534,
        "IIIXZZIX": 0.042472986227668534,
        "ZIIXZZZX": 0.036055704976071634,
        "IZYZZZYI": 0.036055704976071634,
        "ZIIYZZZY": 0.036055704976071634,
        "IZXZZZXI": 0.036055704976071634,
        "XXIIIIYY": -0.03465195132408996,
        "YYIIIIXX": -0.03465195132408996,
        "YXIIIIXY": 0.03465195132408996,
        "XYIIIIYX": 0.03465195132408996,
        "XZZZXZII": -0.03345265436873133,
        "YZZZYZII": -0.03345265436873133,
        "IYZZIYII": -0.03345265436873133,
        "IXZZIXII": -0.03345265436873133,
        "IIIIYYXX": -0.03176115532434678,
        "IIIIXXYY": -0.03176115532434678,
        "IIIIXYYX": 0.03176115532434678,
        "IIIIYXXY": 0.03176115532434678,
        "XZZZZXYY": -0.0307102565577334,
        "YZZZZYXX": -0.0307102565577334,
        "YZZZZXXY": 0.0307102565577334,
        "XZZZZYYX": 0.0307102565577334,
        "IXZZYIYX": -0.0307102565577334,
        "IYZZXIXY": -0.0307102565577334,
        "IYZZYIYY": -0.0307102565577334,
        "IXZZXIXX": -0.0307102565577334,
        "YXIIXYII": 0.02981017688136137,
        "XYIIYXII": 0.02981017688136137,
        "YYIIXXII": -0.02981017688136137,
        "XXIIYYII": -0.02981017688136137,
        "IIIYZIZY": 0.025722841419229328,
        "IIXZIZXI": 0.025722841419229328,
        "IIYZIZYI": 0.025722841419229328,
        "IIIXZIZX": 0.025722841419229328,
        "IIIXIZZX": 0.025562865912411525,
        "IIYZZIYI": 0.025562865912411525,
        "IIXZZIXI": 0.025562865912411525,
        "IIIYIZZY": 0.025562865912411525,
        "IXZZZXIZ": -0.022255711189677993,
        "IYZZZYIZ": -0.022255711189677993,
        "YZZZYIZI": -0.022255711189677993,
        "XZZZXIZI": -0.022255711189677993,
        "YZYIIYZY": -0.020588914168058105,
        "IXZXXZXI": -0.020588914168058105,
        "IXZXYZYI": -0.020588914168058105,
        "IYZYXZXI": -0.020588914168058105,
        "IYZYYZYI": -0.020588914168058105,
        "XZXIIXZX": -0.020588914168058105,
        "XZXIIYZY": -0.020588914168058105,
        "YZYIIXZX": -0.020588914168058105,
        "YXXYIIII": 0.020275987687260882,
        "XXYYIIII": -0.020275987687260882,
        "XYYXIIII": 0.020275987687260882,
        "YYXXIIII": -0.020275987687260882,
        "YYIYZZYI": 0.019707819306603872,
        "XXYZZZZY": 0.019707819306603872,
        "XYYZZZZX": -0.019707819306603872,
        "XXIXZZXI": 0.019707819306603872,
        "YXXZZZZY": -0.019707819306603872,
        "XYIYZZXI": 0.019707819306603872,
        "YYXZZZZX": 0.019707819306603872,
        "YXIXZZYI": 0.019707819306603872,
        "XZZYYZZX": -0.018604766200238897,
        "YZZXXZZY": -0.018604766200238897,
        "IXYIIYXI": -0.018604766200238897,
        "IXXIIYYI": 0.018604766200238897,
        "IYYIIXXI": 0.018604766200238897,
        "IYXIIXYI": -0.018604766200238897,
        "XZZXYZZY": 0.018604766200238897,
        "YZZYXZZX": 0.018604766200238897,
        "XZIZXIII": -0.018497374907082094,
        "YZIZYIII": -0.018497374907082094,
        "IXZIZXII": -0.018497374907082094,
        "IYZIZYII": -0.018497374907082094,
        "IIXYIIYX": 0.016756693427700194,
        "IIYYIIXX": -0.016756693427700194,
        "IIYXIIXY": 0.016756693427700194,
        "IIXXIIYY": -0.016756693427700194,
        "IZIXZZZX": 0.01634788566946776,
        "IZIYZZZY": 0.01634788566946776,
        "ZIXZZZXI": 0.01634788566946776,
        "ZIYZZZYI": 0.01634788566946776,
        "IXZXIXZX": -0.01592728232924393,
        "IYZYIYZY": -0.01592728232924393,
        "YZYIYZYI": -0.01592728232924393,
        "XZXIXZXI": -0.01592728232924393,
        "XZYIYZXI": -0.013943134361424723,
        "IXZYIYZX": -0.013943134361424723,
        "IYZXIXZY": -0.013943134361424723,
        "YZXIXZYI": -0.013943134361424723,
        "IIYIZZYI": 0.013558766364558994,
        "IIXIZZXI": 0.013558766364558994,
        "IIZYZZZY": 0.013558766364558992,
        "IIZXZZZX": 0.013558766364558992,
        "YZZIYIII": -0.01261842438904114,
        "IXIZZXII": -0.01261842438904114,
        "XZZIXIII": -0.01261842438904114,
        "IYIZZYII": -0.01261842438904114,
        "IIXYYXII": 0.009320274935849108,
        "IIXXYYII": -0.009320274935849108,
        "IIYYXXII": -0.009320274935849108,
        "IIYXXYII": 0.009320274935849108,
        "IYYXXIII": 0.005878950518040953,
        "IXXYYIII": 0.005878950518040953,
        "YZYYZYII": -0.005878950518040953,
        "YZYXZXII": -0.005878950518040953,
        "XZXYZYII": -0.005878950518040953,
        "XZXXZXII": -0.005878950518040953,
        "IYXXYIII": -0.005878950518040953,
        "IXYYXIII": -0.005878950518040953,
        "YZZXIXYI": 0.004661631838814175,
        "YZZYIYYI": 0.004661631838814175,
        "XZZXIXXI": 0.004661631838814175,
        "XZZYIYXI": 0.004661631838814175,
        "IXXIXZZX": 0.004661631838814175,
        "IYYIYZZY": 0.004661631838814175,
        "IXYIYZZX": 0.004661631838814175,
        "IYXIXZZY": 0.004661631838814175,
        "IYZYIXZX": -0.001984147967819209,
        "IXZXIYZY": -0.001984147967819209,
        "XZXIYZYI": -0.001984147967819209,
        "YZYIXZXI": -0.001984147967819209,
        "IIXZXXZX": 0.0001599755068178051,
        "IIIXYYXI": 0.0001599755068178051,
        "IIIXXYYI": -0.0001599755068178051,
        "IIIYYXXI": -0.0001599755068178051,
        "IIIYXXYI": 0.0001599755068178051,
        "IIYZYYZY": 0.0001599755068178051,
        "IIYZYXZX": 0.0001599755068178051,
        "IIXZXYZY": 0.0001599755068178051
    },
    "data": {
        "molecule_id": "DH_singlet_Coov",
        "qubit_encoding": "JW",
        "unit": "Angstrom",
        "basis": "3-21g",
        "charge": 0,
        "multiplicity": 1,
        "spin": 0,