{
    "hamiltonian": {
        "IIII": -0.5400818537010716,
        "IIZZ": 0.12961042484382806,
        "ZIIZ": 0.1265351877955903,
        "IZZI": 0.1265351877955903,
        "ZZII": 0.12427518687552609,
        "YXXY": 0.06757845249768979,
        "YYXX": -0.06757845249768979,
        "XXYY": -0.06757845249768979,
        "XYYX": 0.06757845249768979,
        "IZII": 0.059578515809266985,
        "ZIII": 0.05957851580926696,
        "ZIZI": 0.05895673529790052,
        "IZIZ": 0.05895673529790052,
        "IIZI": 0.016986681036037315,
        "IIIZ": 0.01698668103603726
    },
    "data": {
        "molecule_id": "DH_singlet_Coov",
        "qubit_encoding": "JW",
        "unit": "Angstrom",
        "basis": "sto-3g",
        "charge": 0,
        "multiplicity": 1,
        "spin": 0,
        "geometry": "H 0.0000000000 0.0000000000 -0.7414000000\nH 0.0000000000 0.0000000000 1.4828000000",
        "n_qubits": 4,
        "n_particles": {
            "total": 2,
            "alpha": 1,
            "beta": 1
        },
        "hf_array": [
            1,
            1,
            0,
            0
        ],
        "hf_method": "pyscf.scf.hf_symm.SymAdaptedRHF",
        "convergence_threshold": 1e-06,
        "point_group": {
            "groupname": "Dooh",
            "topgroup": "Dooh"
        },
        "alpha": 3.0,
        "calculated_properties": {
            "HF": {
                "energy": -0.7423637577151585,
                "converged": true
            },
            "MP2": {
                "energy": -0.8567565252477327,
                "converged": null
            },
            "CISD": {
                "energy": -0.9405981776215789,
                "converged": true
            },
            "CCSD": {
                "energy": -0.9405981779169107,
                "converged": true,
                "t1_diagnostic": 1.250301722530328e-15
            },
            "FCI": {
                "energy": -0.940598177621579,
                "converged": true,
                "spin_matches_target": true,
                "multiplicity": 1.0,
                "oscillatory_converged": false,
                "oscillation_energy_change": null
            }
        },
        "auxiliary_operators": {
            "number_operator": {
                "IIII": 2.0,
                "ZIII": -0.5,
                "IZII": -0.5,
                "IIZI": -0.5,
                "IIIZ": -0.5
            },
            "N_alpha": {
                "IIII": 1.0,
                "ZIII": -0.5,
                "IIZI": -0.5
            },
            "N_beta": {
                "IIII": 1.0,
                "IZII": -0.5,
                "IIIZ": -0.5
            },
            "S^2_operator": {
                "IIII": 0.75,
                "ZZII": -0.375,
                "IIZZ": -0.375,
                "YXYX": 0.125,
                "YXXY": -0.125,
                "XXYY": 0.125,
                "XXXX": 0.125,
                "YYYY": 0.125,
                "YYXX": 0.125,
                "XYYX": -0.125,
                "XYXY": 0.125,
                "ZIZI": 0.125,
                "ZIIZ": -0.125,
                "IZZI": -0.125,
                "IZIZ": 0.125
            },
            "UCCSD_operator": {
                "XXYX": 0.09166865180164536,
                "YYYX": -0.09166865180164536,
                "YXYY": 0.09166865180164536,
                "XYYY": 0.09166865180164536,
                "YXXX": -0.09166865180164536,
                "XYXX": -0.09166865180164536,
                "XXXY": 0.09166865180164536,
                "YYXY": -0.09166865180164536
            }
        },
        "hf_method_fallback": "standard",
        "generation_time_s": 1.121,
        "timestamp": "2026-03-10T21:17:10.699468+00:00",
        "formula_latex": "$\\mathrm{DH}$"
    }
}