{
    "hamiltonian": {
        "IIIIIIII": 3.620598999646278,
        "IIIIIIZI": -1.516433579078624,
        "IIIIIIIZ": -1.5164335790786239,
        "IIIIIZII": -0.6927519491038717,
        "IIIIZIII": -0.6927519491038716,
        "IIZIIIII": -0.4671061982431042,
        "IIIZIIII": -0.4671061982431042,
        "ZIIIIIII": -0.2788083963992955,
        "IZIIIIII": -0.2788083963992955,
        "IIIIIIZZ": 0.22691350027013174,
        "IZIIIIZI": 0.20743551496029797,
        "ZIIIIIIZ": 0.20743551496029797,
        "ZZIIIIII": 0.20475836041826756,
        "IZIIIIIZ": 0.16603931631648408,
        "ZIIIIIZI": 0.16603931631648408,
        "IIIIIZZI": 0.15096733849035093,
        "IIIIZIIZ": 0.15096733849035093,
        "ZIIIIZII": 0.14971116566907589,
        "IZIIZIII": 0.14971116566907589,
        "IIIIZIZI": 0.13225483741138666,
        "IIIIIZIZ": 0.13225483741138666,
        "IIIIZZII": 0.12183965614628375,
        "ZIIIZIII": 0.11752974536076607,
        "IZIIIZII": 0.11752974536076607,
        "IIIZIIZI": 0.11385026211803181,
        "IIZIIIIZ": 0.11385026211803181,
        "ZIIZIIII": 0.11148361058858261,
        "IZZIIIII": 0.11148361058858261,
        "IIZIIIZI": 0.10193286051650605,
        "IIIZIIIZ": 0.10193286051650605,
        "IIZZIIII": 0.09930690349240712,
        "IZIZIIII": 0.0987237073080154,
        "ZIZIIIII": 0.0987237073080154,
        "IIZIIZII": 0.09768769686596271,
        "IIIZZIII": 0.09768769686596271,
        "XZZZXIII": -0.09481747189824549,
        "YZZZYIII": -0.09481747189824549,
        "IYZZZYII": -0.09481747189824546,
        "IXZZZXII": -0.09481747189824546,
        "IIZIZIII": 0.08452935092036958,
        "IIIZIZII": 0.08452935092036958,
        "YZZZYIIZ": 0.059235891368676616,
        "XZZZXIIZ": 0.059235891368676616,
        "IYZZZYZI": 0.059235891368676616,
        "IXZZZXZI": 0.059235891368676616,
        "XIZZXIII": 0.05423139396190328,
        "YIZZYIII": 0.05423139396190328,
        "ZYZZZYII": 0.054231393961903275,
        "ZXZZZXII": 0.054231393961903275,
        "XXIIIIYY": -0.04139619864381388,
        "YYIIIIXX": -0.04139619864381388,
        "YXIIIIXY": 0.04139619864381388,
        "XYIIIIYX": 0.04139619864381388,
        "IIIYZZIY": 0.03935604891643875,
        "IIYZZZYZ": 0.03935604891643875,
        "IIIXZZIX": 0.03935604891643875,
        "IIXZZZXZ": 0.03935604891643875,
        "IIIYZZZY": -0.038060165685137134,
        "IIIXZZZX": -0.038060165685137134,
        "IIYZZZYI": -0.03806016568513713,
        "IIXZZZXI": -0.03806016568513713,
        "IZYZZZYI": 0.03516195055370072,
        "IZXZZZXI": 0.03516195055370072,
        "ZIIYZZZY": 0.03516195055370072,
        "ZIIXZZZX": 0.03516195055370072,
        "XZZZXIZI": 0.0338061736461466,
        "YZZZYIZI": 0.0338061736461466,
        "IXZZZXIZ": 0.0338061736461466,
        "IYZZZYIZ": 0.0338061736461466,
        "YXIIXYII": 0.03218142030830978,
        "YYIIXXII": -0.03218142030830978,
        "XYIIYXII": 0.03218142030830978,
        "XXIIYYII": -0.03218142030830978,
        "YZZZYZII": 0.030707577614319387,
        "XZZZXZII": 0.030707577614319387,
        "IYZZIYII": 0.030707577614319387,
        "IXZZIXII": 0.030707577614319387,
        "IXZZYIYX": 0.025429717722530016,
        "IXZZXIXX": 0.025429717722530016,
        "IYZZYIYY": 0.025429717722530016,
        "IYZZXIXY": 0.025429717722530016,
        "XZZZZYYX": -0.025429717722530016,
        "XZZZZXYY": 0.025429717722530016,
        "YZZZZYXX": 0.025429717722530016,
        "YZZZZXXY": -0.025429717722530016,
        "IIXZIZXI": 0.023208576237574288,
        "IIYZIZYI": 0.023208576237574288,
        "IIIXZIZX": 0.023208576237574288,
        "IIIYZIZY": 0.023208576237574288,
        "IIYZZIYI": 0.01906511048762387,
        "IIIYIZZY": 0.01906511048762387,
        "IIIXIZZX": 0.01906511048762387,
        "IIXZZIXI": 0.01906511048762387,
        "IIIIYXXY": 0.018712501078964276,
        "IIIIYYXX": -0.018712501078964276,
        "IIIIXXYY": -0.018712501078964276,
        "IIIIXYYX": 0.018712501078964276,
        "ZIXZZZXI": 0.018143594939699918,
        "ZIYZZZYI": 0.018143594939699918,
        "IZIXZZZX": 0.018143594939699918,
        "IZIYZZZY": 0.018143594939699918,
        "XZIZXIII": 0.017354640624511346,
        "IXZIZXII": 0.017354640624511346,
        "IYZIZYII": 0.017354640624511346,
        "YZIZYIII": 0.017354640624511346,
        "YYXZZZZX": 0.0170183556140008,
        "YXXZZZZY": -0.0170183556140008,
        "XYIYZZXI": 0.0170183556140008,
        "XXIXZZXI": 0.0170183556140008,
        "XYYZZZZX": -0.0170183556140008,
        "YYIYZZYI": 0.0170183556140008,
        "YXIXZZYI": 0.0170183556140008,
        "XXYZZZZY": 0.0170183556140008,
        "YZXIXZYI": 0.01696649522708834,
        "IYZXIXZY": 0.01696649522708834,
        "IXZYIYZX": 0.01696649522708834,
        "XZYIYZXI": 0.01696649522708834,
        "XZZXYZZY": -0.014027750651353012,
        "XZZYYZZX": 0.014027750651353012,
        "YZZYXZZX": -0.014027750651353012,
        "YZZXXZZY": 0.014027750651353012,
        "IYXIIXYI": 0.014027750651353012,
        "IXXIIYYI": -0.014027750651353012,
        "IXYIIYXI": 0.014027750651353012,
        "IYYIIXXI": -0.014027750651353012,
        "IYZYIYZY": 0.01365438196835973,
        "YZYIYZYI": 0.01365438196835973,
        "IXZXIXZX": 0.01365438196835973,
        "XZXIXZXI": 0.01365438196835973,
        "IIYYXXII": -0.013158345945593132,
        "IIXYYXII": 0.013158345945593132,
        "IIXXYYII": -0.013158345945593132,
        "IIYXXYII": 0.013158345945593132,
        "YXXYIIII": 0.012759903280567223,
        "XYYXIIII": 0.012759903280567223,
        "XXYYIIII": -0.012759903280567223,
        "YYXXIIII": -0.012759903280567223,
        "IIXXIIYY": -0.011917401601525766,
        "IIYXIIXY": 0.011917401601525766,
        "IIYYIIXX": -0.011917401601525766,
        "IIXYIIYX": 0.011917401601525766,
        "XZXIIYZY": 0.010715637392624402,
        "XZXIIXZX": 0.010715637392624402,
        "IYZYYZYI": 0.010715637392624402,
        "IXZXXZXI": 0.010715637392624402,
        "YZYIIXZX": 0.010715637392624402,
        "YZYIIYZY": 0.010715637392624402,
        "IXZXYZYI": 0.010715637392624402,
        "IYZYXZXI": 0.010715637392624402,
        "IIZYZZZY": 0.009735864996523791,
        "IIXIZZXI": 0.009735864996523791,
        "IIZXZZZX": 0.009735864996523791,
        "IIYIZZYI": 0.009735864996523791,
        "IYYXXIII": -0.009409936425103568,
        "YZYYZYII": 0.009409936425103568,
        "YZYXZXII": 0.009409936425103568,
        "XZXYZYII": 0.009409936425103568,
        "XZXXZXII": 0.009409936425103568,
        "IXYYXIII": 0.009409936425103568,
        "IXXYYIII": -0.009409936425103568,
        "IYXXYIII": 0.009409936425103568,
        "IXIZZXII": 0.007944704199407775,
        "YZZIYIII": 0.007944704199407775,
        "XZZIXIII": 0.007944704199407775,
        "IYIZZYII": 0.007944704199407775,
        "IIYZYYZY": 0.004143465749950417,
        "IIIXYYXI": 0.004143465749950417,
        "IIYZYXZX": 0.004143465749950417,
        "IIIYYXXI": -0.004143465749950417,
        "IIIYXXYI": 0.004143465749950417,
        "IIXZXYZY": 0.004143465749950417,
        "IIXZXXZX": 0.004143465749950417,
        "IIIXXYYI": -0.004143465749950417,
        "YZYIXZXI": -0.0033121132587286104,
        "XZXIYZYI": -0.0033121132587286104,
        "IXZXIYZY": -0.0033121132587286104,
        "IYZYIXZX": -0.0033121132587286104,
        "IXYIYZZX": 0.002938744575735328,
        "YZZXIXYI": 0.002938744575735328,
        "YZZYIYYI": 0.002938744575735328,
        "XZZXIXXI": 0.002938744575735328,
        "XZZYIYXI": 0.002938744575735328,
        "IYXIXZZY": 0.002938744575735328,
        "IYYIYZZY": 0.002938744575735328,
        "IXXIXZZX": 0.002938744575735328
    },
    "data": {
        "molecule_id": "DH_singlet_Coov",
        "qubit_encoding": "JW",
        "unit": "Angstrom",
        "basis": "3-21g",
        "charge": 0,
        "multiplicity": 1,
        "spin": 0,