{
    "hamiltonian": {
        "IIII": -0.5270293859332292,
        "IIZZ": 0.13674359643867334,
        "ZIIZ": 0.13231037242955382,
        "IZZI": 0.13231037242955382,
        "ZZII": 0.1298877551573221,
        "IZII": 0.07353359410466831,
        "ZIII": 0.0735335941046683,
        "ZIZI": 0.06953655157001279,
        "IZIZ": 0.06953655157001279,
        "YXXY": 0.06277382085954102,
        "YYXX": -0.06277382085954102,
        "XXYY": -0.06277382085954102,
        "XYYX": 0.06277382085954102,
        "IIZI": -0.0024307021980944366,
        "IIIZ": -0.0024307021980944366
    },
    "data": {
        "molecule_id": "DH_singlet_Coov",
        "qubit_encoding": "JW",
        "unit": "Angstrom",
        "basis": "sto-3g",
        "charge": 0,
        "multiplicity": 1,
        "spin": 0,
        "geometry": "H 0.0000000000 0.0000000000 -0.5560500000\nH 0.0000000000 0.0000000000 1.2974500000",
        "n_qubits": 4,
        "n_particles": {
            "total": 2,
            "alpha": 1,
            "beta": 1
        },
        "hf_array": [
            1,
            1,
            0,
            0
        ],
        "hf_method": "pyscf.scf.hf_symm.SymAdaptedRHF",
        "convergence_threshold": 1e-06,
        "point_group": {
            "groupname": "Dooh",
            "topgroup": "Dooh"
        },
        "alpha": 2.5,
        "calculated_properties": {
            "HF": {
                "energy": -0.8160204749418927,
                "converged": true
            },
            "MP2": {
                "energy": -0.8900121552418627,
                "converged": null
            },
            "CISD": {
                "energy": -0.957572952621978,
                "converged": true
            },
            "CCSD": {
                "energy": -0.9575729541368414,
                "converged": true,
                "t1_diagnostic": 2.839675690549165e-16
            },
            "FCI": {
                "energy": -0.9575729526219783,
                "converged": true,
                "spin_matches_target": true,
                "multiplicity": 1.0,
                "oscillatory_converged": false,
                "oscillation_energy_change": null
            }
        },
        "auxiliary_operators": {
            "number_operator": {
                "IIII": 2.0,
                "ZIII": -0.5,
                "IZII": -0.5,
                "IIZI": -0.5,
                "IIIZ": -0.5
            },
            "N_alpha": {
                "IIII": 1.0,
                "ZIII": -0.5,
                "IIZI": -0.5
            },
            "N_beta": {
                "IIII": 1.0,
                "IZII": -0.5,
                "IIIZ": -0.5
            },
            "S^2_operator": {
                "IIII": 0.75,
                "ZZII": -0.375,
                "IIZZ": -0.375,
                "YXYX": 0.125,
                "YXXY": -0.125,
                "XXYY": 0.125,
                "XXXX": 0.125,
                "YYYY": 0.125,
                "YYXX": 0.125,
                "XYYX": -0.125,
                "XYXY": 0.125,
                "ZIZI": 0.125,
                "ZIIZ": -0.125,
                "IZZI": -0.125,
                "IZIZ": 0.125
            },
            "UCCSD_operator": {
                "XXYX": 0.0704675120021759,
                "YYYX": -0.0704675120021759,
                "YXYY": 0.0704675120021759,
                "XYYY": 0.0704675120021759,
                "YXXX": -0.0704675120021759,
                "XYXX": -0.0704675120021759,
                "XXXY": 0.0704675120021759,
                "YYXY": -0.0704675120021759
            }
        },
        "hf_method_fallback": "standard",
        "generation_time_s": 0.963,
        "timestamp": "2026-03-10T21:17:09.568148+00:00",
        "formula_latex": "$\\mathrm{DH}$"
    }
}