{
    "hamiltonian": {
        "IIIIIIII": 2.9975295724760422,
        "IIIIIIIZ": -1.3114738352927016,
        "IIIIIIZI": -1.3114738352927016,
        "IIIIIZII": -0.7311172768833749,
        "IIIIZIII": -0.7311172768833749,
        "IIIZIIII": -0.4578007673175599,
        "IIZIIIII": -0.45780076731755986,
        "IZIIIIII": -0.29117206699861764,
        "ZIIIIIII": -0.29117206699861753,
        "IIIIIIZZ": 0.21094270140498356,
        "IZIIIIZI": 0.19006288246567665,
        "ZIIIIIIZ": 0.19006288246567665,
        "ZZIIIIII": 0.18598355152971516,
        "IZIIIIIZ": 0.15179014771245203,
        "ZIIIIIZI": 0.15179014771245203,
        "IIIIIZZI": 0.15038921985007891,
        "IIIIZIIZ": 0.15038921985007891,
        "IZIIZIII": 0.1469203407277387,
        "ZIIIIZII": 0.1469203407277387,
        "IIIIZIZI": 0.12559576005261766,
        "IIIIIZIZ": 0.12559576005261766,
        "IIIIZZII": 0.1250001736925019,
        "ZIIIZIII": 0.1152367008327482,
        "IZIIIZII": 0.1152367008327482,
        "IIIZIIZI": 0.11508177568632275,
        "IIZIIIIZ": 0.11508177568632275,
        "IZZIIIII": 0.1123387829983207,
        "ZIIZIIII": 0.1123387829983207,
        "IIIZIIIZ": 0.10085721708814951,
        "IIZIIIZI": 0.10085721708814951,
        "IIZZIIII": 0.10026722047282674,
        "IIZIIZII": 0.0991165347535041,
        "IIIZZIII": 0.0991165347535041,
        "YZZZYIII": 0.09682261887674713,
        "XZZZXIII": 0.09682261887674713,
        "IXZZZXII": 0.09682261887674712,
        "IYZZZYII": 0.09682261887674712,
        "IZIZIIII": 0.09602748419836901,
        "ZIZIIIII": 0.09602748419836901,
        "IIIZIZII": 0.08810977154368203,
        "IIZIZIII": 0.08810977154368203,
        "IYZZZYZI": -0.056722005881988405,
        "IXZZZXZI": -0.056722005881988405,
        "XZZZXIIZ": -0.056722005881988405,
        "YZZZYIIZ": -0.056722005881988405,
        "XIZZXIII": -0.04959625534250963,
        "ZYZZZYII": -0.04959625534250963,
        "YIZZYIII": -0.04959625534250963,
        "ZXZZZXII": -0.04959625534250963,
        "IIXZZZXI": -0.04706643227917842,
        "IIYZZZYI": -0.04706643227917842,
        "IIIYZZZY": -0.04706643227917842,
        "IIIXZZZX": -0.04706643227917842,
        "IIYZZZYZ": 0.041288399183589425,
        "IIXZZZXZ": 0.041288399183589425,
        "IIIYZZIY": 0.041288399183589425,
        "IIIXZZIX": 0.041288399183589425,
        "YYIIIIXX": -0.03827273475322462,
        "YXIIIIXY": 0.03827273475322462,
        "XYIIIIYX": 0.03827273475322462,
        "XXIIIIYY": -0.03827273475322462,
        "IZXZZZXI": 0.03586159089358747,
        "ZIIYZZZY": 0.03586159089358747,
        "ZIIXZZZX": 0.03586159089358747,
        "IZYZZZYI": 0.03586159089358747,
        "IXZZIXII": -0.032957757396125165,
        "IYZZIYII": -0.032957757396125165,
        "XZZZXZII": -0.032957757396125165,
        "YZZZYZII": -0.032957757396125165,
        "YXIIXYII": 0.031683639894990505,
        "YYIIXXII": -0.031683639894990505,
        "XYIIYXII": 0.031683639894990505,
        "XXIIYYII": -0.031683639894990505,
        "XZZZZXYY": -0.02849232131659321,
        "YZZZZXXY": 0.02849232131659321,
        "YZZZZYXX": -0.02849232131659321,
        "XZZZZYYX": 0.02849232131659321,
        "IYZZXIXY": -0.028492321316593204,
        "IYZZYIYY": -0.028492321316593204,
        "IXZZYIYX": -0.028492321316593204,
        "IXZZXIXX": -0.028492321316593204,
        "XZZZXIZI": -0.02822968456539519,
        "YZZZYIZI": -0.02822968456539519,
        "IYZZZYIZ": -0.02822968456539519,
        "IXZZZXIZ": -0.02822968456539519,
        "IIYZIZYI": 0.025214752415047406,
        "IIXZIZXI": 0.025214752415047406,
        "IIIXZIZX": 0.025214752415047406,
        "IIIYZIZY": 0.025214752415047406,
        "IIIIXYYX": 0.02479345979746125,
        "IIIIXXYY": -0.02479345979746125,
        "IIIIYYXX": -0.02479345979746125,
        "IIIIYXXY": 0.02479345979746125,
        "IIIYIZZY": 0.022296475103728796,
        "IIXZZIXI": 0.022296475103728796,
        "IIYZZIYI": 0.022296475103728796,
        "IIIXIZZX": 0.022296475103728796,
        "XXIXZZXI": 0.018581925889254926,
        "YYIYZZYI": 0.018581925889254926,
        "YXXZZZZY": -0.018581925889254926,
        "YYXZZZZX": 0.018581925889254926,
        "XXYZZZZY": 0.018581925889254926,
        "XYYZZZZX": -0.018581925889254926,
        "YXIXZZYI": 0.018581925889254926,
        "XYIYZZXI": 0.018581925889254926,
        "XZIZXIII": -0.018409214659733712,
        "IYZIZYII": -0.018409214659733712,
        "IXZIZXII": -0.018409214659733712,
        "YZIZYIII": -0.018409214659733712,
        "ZIXZZZXI": 0.01727966500433254,
        "ZIYZZZYI": 0.01727966500433254,
        "IZIYZZZY": 0.01727966500433254,
        "IZIXZZZX": 0.01727966500433254,
        "IXXIIYYI": 0.016495862883000416,
        "XZZYYZZX": -0.016495862883000416,
        "YZZYXZZX": 0.016495862883000416,
        "IXYIIYXI": -0.016495862883000416,
        "YZZXXZZY": -0.016495862883000416,
        "XZZXYZZY": 0.016495862883000416,
        "IYYIIXXI": 0.016495862883000416,
        "IYXIIXYI": -0.016495862883000416,
        "YXXYIIII": 0.0163112987999517,
        "YYXXIIII": -0.0163112987999517,
        "XXYYIIII": -0.0163112987999517,
        "XYYXIIII": 0.0163112987999517,
        "YZXIXZYI": -0.01592650091967481,
        "XZYIYZXI": -0.01592650091967481,
        "IYZXIXZY": -0.01592650091967481,
        "IXZYIYZX": -0.01592650091967481,
        "IXZXYZYI": -0.0152693121141292,
        "XZXIIXZX": -0.0152693121141292,
        "XZXIIYZY": -0.0152693121141292,
        "IYZYXZXI": -0.0152693121141292,
        "IYZYYZYI": -0.0152693121141292,
        "YZYIIXZX": -0.0152693121141292,
        "YZYIIYZY": -0.0152693121141292,
        "IXZXXZXI": -0.0152693121141292,
        "IXZXIXZX": -0.014699950150803595,
        "XZXIXZXI": -0.014699950150803595,
        "YZYIYZYI": -0.014699950150803595,
        "IYZYIYZY": -0.014699950150803595,
        "IIYXIIXY": 0.014224558598173233,
        "IIYYIIXX": -0.014224558598173233,
        "IIXXIIYY": -0.014224558598173233,
        "IIXYIIYX": 0.014224558598173233,
        "IIYIZZYI": 0.011408044514733949,
        "IIZYZZZY": 0.011408044514733949,
        "IIZXZZZX": 0.011408044514733949,
        "IIXIZZXI": 0.011408044514733949,
        "IIXXYYII": -0.011006763209822053,
        "IIXYYXII": 0.011006763209822053,
        "IIYYXXII": -0.011006763209822053,
        "IIYXXYII": 0.011006763209822053,
        "IYIZZYII": -0.010100229259321622,
        "XZZIXIII": -0.010100229259321622,
        "YZZIYIII": -0.010100229259321622,
        "IXIZZXII": -0.010100229259321622,
        "IYYXXIII": 0.008308985400412089,
        "IXXYYIII": 0.008308985400412089,
        "YZYYZYII": -0.008308985400412089,
        "YZYXZXII": -0.008308985400412089,
        "XZXYZYII": -0.008308985400412089,
        "XZXXZXII": -0.008308985400412089,
        "IYXXYIII": -0.008308985400412089,
        "IXYYXIII": -0.008308985400412089,
        "IIXZXXZX": 0.00291827731131861,
        "IIIXYYXI": 0.00291827731131861,
        "IIXZXYZY": 0.00291827731131861,
        "IIIYYXXI": -0.00291827731131861,
        "IIIYXXYI": 0.00291827731131861,
        "IIYZYXZX": 0.00291827731131861,
        "IIYZYYZY": 0.00291827731131861,
        "IIIXXYYI": -0.00291827731131861,
        "YZYIXZXI": 0.0012265507688712163,
        "XZXIYZYI": 0.0012265507688712163,
        "IXZXIYZY": 0.0012265507688712163,
        "IYZYIXZX": 0.0012265507688712163,
        "IYYIYZZY": 0.0005693619633256065,
        "YZZXIXYI": 0.0005693619633256065,
        "XZZXIXXI": 0.0005693619633256065,
        "XZZYIYXI": 0.0005693619633256065,
        "IXYIYZZX": 0.0005693619633256065,
        "IYXIXZZY": 0.0005693619633256065,
        "YZZYIYYI": 0.0005693619633256065,
        "IXXIXZZX": 0.0005693619633256065
    },
    "data": {
        "molecule_id": "DH_singlet_Coov",
        "qubit_encoding": "JW",
        "unit": "Angstrom",
        "basis": "3-21g",
        "charge": 0,
        "multiplicity": 1,
        "spin": 0,