{
    "hamiltonian": {
        "IIIIIIII": 2.3639968246093908,
        "IIIIIIIZ": -0.9323328315380547,
        "IIIIIIZI": -0.9323328315380547,
        "IIIIIZII": -0.9057053369752596,
        "IIIIZIII": -0.9057053369752596,
        "IIZIIIII": -0.37411162163702866,
        "IIIZIIII": -0.3741116216370286,
        "ZIIIIIII": -0.29317319960757726,
        "IZIIIIII": -0.29317319960757704,
        "IIIIIIZZ": 0.1339977291464351,
        "IIIIZZII": 0.13273802194489256,
        "IIIIIZZI": 0.1323520133853437,
        "IIIIZIIZ": 0.1323520133853437,
        "ZIIIIIIZ": 0.12175579108508568,
        "IZIIIIZI": 0.12175579108508568,
        "ZZIIIIII": 0.12169508072720307,
        "ZIIIIZII": 0.12008719127635425,
        "IZIIZIII": 0.12008719127635425,
        "IIZIIIIZ": 0.1138368883766174,
        "IIIZIIZI": 0.1138368883766174,
        "IIZIIZII": 0.11367482125704102,
        "IIIZZIII": 0.11367482125704102,
        "IZZIIIII": 0.11127868707513651,
        "ZIIZIIII": 0.11127868707513651,
        "IIZZIIII": 0.10818662320136475,
        "ZIIIIIZI": 0.10278937365765282,
        "IZIIIIIZ": 0.10278937365765282,
        "ZIIIZIII": 0.10079745181299324,
        "IZIIIZII": 0.10079745181299324,
        "IIZIIIZI": 0.09632829290701443,
        "IIIZIIIZ": 0.09632829290701443,
        "IIIZIZII": 0.09204643708662065,
        "IIZIZIII": 0.09204643708662065,
        "ZIZIIIII": 0.07455920310342036,
        "IZIZIIII": 0.07455920310342036,
        "IIIIIZIZ": 0.07394819734190039,
        "IIIIZIZI": 0.07394819734190039,
        "XZZZZZXI": 0.0697593038083432,
        "YZZZZZYI": 0.0697593038083432,
        "IXZZZZZX": 0.0697593038083432,
        "IYZZZZZY": 0.0697593038083432,
        "IIXZXIII": -0.06347425963986532,
        "IIYZYIII": -0.06347425963986532,
        "IIIXZXII": -0.0634742596398653,
        "IIIYZYII": -0.0634742596398653,
        "IIIIXYYX": 0.0584038160434433,
        "IIIIXXYY": -0.0584038160434433,
        "IIIIYYXX": -0.0584038160434433,
        "IIIIYXXY": 0.0584038160434433,
        "IYZYYZYI": -0.04192712971279976,
        "XZXIIXZX": -0.04192712971279976,
        "XZXIIYZY": -0.04192712971279976,
        "IYZYXZXI": -0.04192712971279976,
        "IXZXYZYI": -0.04192712971279976,
        "YZYIIXZX": -0.04192712971279976,
        "YZYIIYZY": -0.04192712971279976,
        "IXZXXZXI": -0.04192712971279976,
        "XYYXIIII": 0.03671948397171615,
        "XXYYIIII": -0.03671948397171615,
        "YYXXIIII": -0.03671948397171615,
        "YXXYIIII": 0.03671948397171615,
        "IIXZXIIZ": 0.035366983615837344,
        "IIYZYIIZ": 0.035366983615837344,
        "IIIXZXZI": 0.035366983615837344,
        "IIIYZYZI": 0.035366983615837344,
        "IIXZXZII": 0.034810162444344456,
        "IIIYIYII": 0.034810162444344456,
        "IIYZYZII": 0.034810162444344456,
        "IIIXIXII": 0.034810162444344456,
        "IYZZIZZY": -0.03204201405433281,
        "YZZZZIYI": -0.03204201405433281,
        "XZZZZIXI": -0.03204201405433281,
        "IXZZIZZX": -0.03204201405433281,
        "YZZZZZYZ": -0.030814353016920315,
        "IYZZZZIY": -0.030814353016920315,
        "IXZZZZIX": -0.030814353016920315,
        "XZZZZZXZ": -0.030814353016920315,
        "IYZZYXXI": -0.02808055084310614,
        "IYZZXXYI": 0.02808055084310614,
        "IXZZYYXI": 0.02808055084310614,
        "YZZZYYZY": 0.02808055084310614,
        "YZZZYXZX": 0.02808055084310614,
        "XZZZXYZY": 0.02808055084310614,
        "XZZZXXZX": 0.02808055084310614,
        "IXZZXYYI": -0.02808055084310614,
        "IZYZYIII": 0.027761505848069766,
        "IZXZXIII": 0.027761505848069766,
        "ZIIYZYII": 0.027761505848069766,
        "ZIIXZXII": 0.027761505848069766,
        "IIXZZYYX": -0.02657036868725103,
        "IIXZZXYY": 0.02657036868725103,
        "IIYZZYXX": 0.02657036868725103,
        "IIYZZXXY": -0.02657036868725103,
        "IIIYYIYY": 0.026570368687251027,
        "IIIXXIXX": 0.026570368687251027,
        "IIIYXIXY": 0.026570368687251027,
        "IIIXYIYX": 0.026570368687251027,
        "XZXIYZYI": -0.023936563641765784,
        "IXZXIYZY": -0.023936563641765784,
        "IYZYIXZX": -0.023936563641765784,
        "YZYIXZXI": -0.023936563641765784,
        "YZYIYZYI": -0.023018967513288455,
        "XZXIXZXI": -0.023018967513288455,
        "IXZXIXZX": -0.023018967513288455,
        "IYZYIYZY": -0.023018967513288455,
        "IIYIYIII": 0.022471401128335382,
        "IIXIXIII": 0.022471401128335382,
        "IIZYZYII": 0.022471401128335382,
        "IIZXZXII": 0.022471401128335382,
        "XIZZZZXI": -0.022045031738159436,
        "YIZZZZYI": -0.022045031738159436,
        "ZYZZZZZY": -0.022045031738159436,
        "ZXZZZZZX": -0.022045031738159436,
        "IIYXXYII": 0.02162838417042037,
        "IIYYXXII": -0.02162838417042037,
        "IIXXYYII": -0.02162838417042037,
        "IIXYYXII": 0.02162838417042037,
        "YZZIZZYI": -0.020743756588570042,
        "XZZIZZXI": -0.020743756588570042,
        "IYIZZZZY": -0.020743756588570042,
        "IXIZZZZX": -0.020743756588570042,
        "XYIIYXII": 0.019289739463361016,
        "XXIIYYII": -0.019289739463361016,
        "YYIIXXII": -0.019289739463361016,
        "YXIIXYII": 0.019289739463361016,
        "YYIIIIXX": -0.01896641742743285,
        "YXIIIIXY": 0.01896641742743285,
        "XXIIIIYY": -0.01896641742743285,
        "XYIIIIYX": 0.01896641742743285,
        "IYXIXZZY": 0.018908162199511303,
        "IYYIYZZY": 0.018908162199511303,
        "IXXIXZZX": 0.018908162199511303,
        "IXYIYZZX": 0.018908162199511303,
        "YZZXIXYI": 0.018908162199511303,
        "YZZYIYYI": 0.018908162199511303,
        "XZZXIXXI": 0.018908162199511303,
        "XZZYIYXI": 0.018908162199511303,
        "XZZYYZZX": -0.017990566071033973,
        "XZZXYZZY": 0.017990566071033973,
        "IXYIIYXI": -0.017990566071033973,
        "IXXIIYYI": 0.017990566071033973,
        "IYYIIXXI": 0.017990566071033973,
        "IYXIIXYI": -0.017990566071033973,
        "YZZYXZZX": 0.017990566071033973,
        "YZZXXZZY": -0.017990566071033973,
        "XYIYXIII": 0.01755211945795153,
        "XYYZZXII": -0.01755211945795153,
        "XXYZZYII": 0.01755211945795153,
        "YXIXYIII": 0.01755211945795153,
        "YXXZZYII": -0.01755211945795153,
        "YYXZZXII": 0.01755211945795153,
        "YYIYYIII": 0.01755211945795153,
        "XXIXXIII": 0.01755211945795153,
        "IIYYIIXX": -0.017508595469602952,
        "IIYXIIXY": 0.017508595469602952,
        "IIXYIIYX": 0.017508595469602952,
        "IIXXIIYY": -0.017508595469602952,
        "IYXXZZYI": 0.016501050170273472,
        "IYYXZZXI": -0.016501050170273472,
        "IXXYZZYI": -0.016501050170273472,
        "IXYYZZXI": 0.016501050170273472,
        "XZXXZZZX": 0.016501050170273472,
        "YZYYZZZY": 0.016501050170273472,
        "YZYXZZZX": 0.016501050170273472,
        "XZXYZZZY": 0.016501050170273472,
        "IZIYZYII": 0.010209386390118237,
        "ZIYZYIII": 0.010209386390118237,
        "ZIXZXIII": 0.010209386390118237,
        "IZIXZXII": 0.010209386390118237,
        "IIIXZXIZ": 0.008796614928586318,
        "IIIYZYIZ": 0.008796614928586318,
        "IIYZYIZI": 0.008796614928586318,
        "IIXZXIZI": 0.008796614928586318,
        "IXZIZZZX": -0.004242706418296572,
        "XZIZZZXI": -0.004242706418296572,
        "YZIZZZYI": -0.004242706418296572,
        "IYZIZZZY": -0.004242706418296572,
        "YZZZIZYI": -0.00396146321122667,
        "IYZZZIZY": -0.00396146321122667,
        "IXZZZIZX": -0.00396146321122667,
        "XZZZIZXI": -0.00396146321122667,
        "XZYIYZXI": 0.0009175961284773257,
        "YZXIXZYI": 0.0009175961284773257,
        "IYZXIXZY": 0.0009175961284773257,
        "IXZYIYZX": 0.0009175961284773257
    },
    "data": {
        "molecule_id": "DH_singlet_Coov",
        "qubit_encoding": "JW",
        "unit": "Angstrom",
        "basis": "3-21g",
        "charge": 0,
        "multiplicity": 1,
        "spin": 0,