{"n_qubits": 3, "qubits": [1, 2, 3], "fci_energy": -1.1130566081729196, "hf_energy": -1.0444769699385288, "CS_SRE": [0.28017857029432786, 0.42498969661457353, 0.4249896966145929], "CS_energy": [-1.0851905431386522, -1.1130566081729198, -1.1130566081729203], "overlaps": [0.9390582819671369, 0.9156947239378486, 0.9156947239378439], "solver": "scipy", "data": {"molecule_id": "H3+_singlet_D3h", "qubit_encoding": "JW", "unit": "Angstrom", "basis": "sto-3g", "charge": 1, "multiplicity": 1, "spin": 0, "geometry": "H 0.0000000000 0.9889263333 0.0000000000\nH 0.8564360000 -0.4944636667 0.0000000000\nH -0.8564360000 -0.4944636667 0.0000000000", "n_qubits": 6, "n_particles": {"total": 2, "alpha": 1, "beta": 1}, "hf_array": [1, 1, 0, 0, 0, 0], "hf_method": "pyscf.scf.hf_symm.SymAdaptedRHF", "convergence_threshold": 1e-06, "point_group": {"groupname": "C2v", "topgroup": "D3h"}, "alpha": 2.0, "calculated_properties": {"HF": {"energy": -1.0444769699385288, "converged": true}, "MP2": {"energy": -1.0915791811303537, "converged": null}, "CISD": {"energy": -1.1130566081729216, "converged": true}, "CCSD": {"energy": -1.113056608190242, "converged": true, "t1_diagnostic": 4.184202570364897e-08}, "FCI": {"energy": -1.1130566081729196, "converged": true, "spin_matches_target": true, "multiplicity": 1.0, "oscillatory_converged": false, "oscillation_energy_change": null}}, "auxiliary_operators": {"number_operator": {"IIIIII": 3.0, "ZIIIII": -0.5, "IZIIII": -0.5, "IIZIII": -0.5, "IIIZII": -0.5, "IIIIZI": -0.5, "IIIIIZ": -0.5}, "N_alpha": {"IIIIII": 1.5, "ZIIIII": -0.5, "IIZIII": -0.5, "IIIIZI": -0.5}, "N_beta": {"IIIIII": 1.5, "IZIIII": -0.5, "IIIZII": -0.5, "IIIIIZ": -0.5}, "S^2_operator": {"IIIIII": 1.125, "ZZIIII": -0.375, "IIIIZZ": -0.375, "IIZZII": -0.375, "IIXXXX": 0.125, "IIYYYY": 0.125, "IIYYXX": 0.125, "IIXYYX": -0.125, "IIXYXY": 0.125, "ZIZIII": 0.125, "ZIIIZI": 0.125, "ZIIIIZ": -0.125, "IZZIII": -0.125, "IZIZII": 0.125, "IZIIZI": -0.125, "IZIIIZ": 0.125, "IIZIZI": 0.125, "IIZIIZ": -0.125, "ZIIZII": -0.125, "IIXXYY": 0.125, "IIYXYX": 0.125, "IIIZZI": -0.125, "YXYXII": 0.125, "YXXYII": -0.125, "XXYYII": 0.125, "XXXXII": 0.125, "YYYYII": 0.125, "YYXXII": 0.125, "XYYXII": -0.125, "IIYXXY": -0.125, "XYXYII": 0.125, "YXIIXY": -0.125, "XXIIYY": 0.125, "XXIIXX": 0.125, "YYIIYY": 0.125, "YYIIXX": 0.125, "XYIIYX": -0.125, "XYIIXY": 0.125, "YXIIYX": 0.125, "IIIZIZ": 0.125}, "UCCSD_operator": {"XYXXII": -0.026819279758839475, "YYXYII": -0.026819279758839475, "XXXYII": 0.026819279758839475, "YXXXII": -0.026819279758839475, "XYYYII": 0.026819279758839475, "YXYYII": 0.026819279758839475, "YYYXII": -0.026819279758839475, "XXYXII": 0.026819279758839475, "YXIIYY": 0.026819270648194005, "XYIIYY": 0.026819270648194005, "YXIIXX": -0.026819270648194005, "XYIIXX": -0.026819270648194005, "XXIIXY": 0.026819270648194005, "XXIIYX": 0.026819270648194005, "YYIIXY": -0.026819270648194005, "YYIIYX": -0.026819270648194005, "IXZZZY": 2.9574005939721872e-08, "IYZZZX": -2.9574005939721872e-08, "XZZZYI": 2.9574005939721872e-08, "YZZZXI": -2.9574005939721872e-08}}, "hf_method_fallback": "standard", "generation_time_s": 1.605, "timestamp": "2026-03-10T21:40:05.684970+00:00", "formula_latex": "$\\mathrm{H_{3}^{+}}$"}}