{"n_qubits": 5, "qubits": [1, 2, 3, 4, 5], "fci_energy": -1.0525292597333742, "hf_energy": -0.9955009967684536, "CS_SRE": [0.34471500279041584, 0.3694678742116131, 0.3865714371754162, 0.398120253667041, 0.40515771201048856], "CS_energy": [-1.0398636908071082, -1.0448210836355991, -1.0501940336275917, -1.051149232919018, -1.052529259733377], "overlaps": [0.9163997344004827, 0.9109459914727225, 0.9082933419071003, 0.9052649574781744, 0.9038534619340584], "solver": "scipy", "data": {"molecule_id": "H2_singlet_Dooh", "qubit_encoding": "JW", "unit": "Angstrom", "basis": "3-21g", "charge": 0, "multiplicity": 1, "spin": 0, "geometry": "H 0.0000000000 0.0000000000 -0.3707000000\nH 0.0000000000 0.0000000000 1.1121000000", "n_qubits": 8, "n_particles": {"total": 2, "alpha": 1, "beta": 1}, "hf_array": [1, 1, 0, 0, 0, 0, 0, 0], "hf_method": "pyscf.scf.hf_symm.SymAdaptedRHF", "convergence_threshold": 1e-06, "point_group": {"groupname": "Dooh", "topgroup": "Dooh"}, "alpha": 2.0, "calculated_properties": {"HF": {"energy": -0.9955009967684536, "converged": true}, "MP2": {"energy": -1.0251851007728356, "converged": null}, "CISD": {"energy": -1.052529259733375, "converged": true}, "CCSD": {"energy": -1.0525292298863718, "converged": true, "t1_diagnostic": 0.01969310495289092}, "FCI": {"energy": -1.0525292597333742, "converged": true, "spin_matches_target": true, "multiplicity": 1.0, "oscillatory_converged": false, "oscillation_energy_change": null}}, "auxiliary_operators": {"number_operator": {"IIIIIIII": 4.0, "ZIIIIIII": -0.5, "IZIIIIII": -0.5, "IIZIIIII": -0.5, "IIIZIIII": -0.5, "IIIIZIII": -0.5, "IIIIIZII": -0.5, "IIIIIIZI": -0.5, "IIIIIIIZ": -0.5}, "N_alpha": {"IIIIIIII": 2.0, "ZIIIIIII": -0.5, "IIZIIIII": -0.5, "IIIIZIII": -0.5, "IIIIIIZI": -0.5}, "N_beta": {"IIIIIIII": 2.0, "IZIIIIII": -0.5, "IIIZIIII": -0.5, "IIIIIZII": -0.5, "IIIIIIIZ": -0.5}, "S^2_operator": {"IIIIIIII": 1.5, "ZZIIIIII": -0.375, "IIIIZZII": -0.375, "IIIIIIZZ": -0.375, "IIZZIIII": -0.375, "ZIIZIIII": -0.125, "ZIZIIIII": 0.125, "IIIIXYXY": 0.125, "IIIIXYYX": -0.125, "IIIIYYXX": 0.125, "IIIIYYYY": 0.125, "IIIIXXXX": 0.125, "IIIIXXYY": 0.125, "IIIIYXXY": -0.125, "IIIIYXYX": 0.125, "IIXYIIXY": 0.125, "IIXYIIYX": -0.125, "ZIIIZIII": 0.125, "ZIIIIZII": -0.125, "ZIIIIIZI": 0.125, "ZIIIIIIZ": -0.125, "IIIIZIIZ": -0.125, "IIIIZIZI": 0.125, "IIIZIIIZ": 0.125, "IIIZIIZI": -0.125, "IIIZIZII": 0.125, "IIIZZIII": -0.125, "IIZIIIIZ": -0.125, "IIYYIIXX": 0.125, "IIZIIIZI": 0.125, "IIZIZIII": 0.125, "IZIIIIIZ": 0.125, "IZIIIIZI": -0.125, "IZIIIZII": 0.125, "IZIIZIII": -0.125, "IZIZIIII": 0.125, "IZZIIIII": -0.125, "IIZIIZII": -0.125, "IIYYIIYY": 0.125, "IIXXIIXX": 0.125, "IIXXIIYY": 0.125, "XYIIYXII": -0.125, "YYIIXXII": 0.125, "YYIIYYII": 0.125, "XXIIXXII": 0.125, "XXIIYYII": 0.125, "YXIIXYII": -0.125, "YXIIYXII": 0.125, "XYXYIIII": 0.125, "XYYXIIII": -0.125, "YYXXIIII": 0.125, "YYYYIIII": 0.125, "XXXXIIII": 0.125, "XXYYIIII": 0.125, "YXXYIIII": -0.125, "YXYXIIII": 0.125, "XYIIXYII": 0.125, "IIIIIZZI": -0.125, "YXIIIIYX": 0.125, "XXIIIIYY": 0.125, "IIYXIIXY": -0.125, "IIYXIIYX": 0.125, "IIXYXYII": 0.125, "IIXYYXII": -0.125, "IIYYXXII": 0.125, "IIYYYYII": 0.125, "IIXXXXII": 0.125, "IIXXYYII": 0.125, "IIYXXYII": -0.125, "IIYXYXII": 0.125, "XYIIIIXY": 0.125, "XYIIIIYX": -0.125, "YYIIIIXX": 0.125, "YYIIIIYY": 0.125, "XXIIIIXX": 0.125, "YXIIIIXY": -0.125, "IIIIIZIZ": 0.125}, "UCCSD_operator": {"XYXXIIII": -0.03887536763508144, "YYXYIIII": -0.03887536763508144, "XXXYIIII": 0.03887536763508144, "YXXXIIII": -0.03887536763508144, "XXYXIIII": 0.03887536763508144, "YYYXIIII": -0.03887536763508144, "YXYYIIII": 0.03887536763508144, "XYYYIIII": 0.03887536763508144, "YZZZZZXI": 0.013925097890243572, "IYZZZZZX": 0.013925097890243572, "XZZZZZYI": -0.013925097890243572, "IXZZZZZY": -0.013925097890243572, "YYIYXIII": -0.007606118358650485, "YXIYYIII": 0.007606118358650485, "XYIYYIII": 0.007606118358650485, "YXIXXIII": -0.007606118358650485, "XYIXXIII": -0.007606118358650485, "XXIXYIII": 0.007606118358650485, "YYIXYIII": -0.007606118358650485, "XXIYXIII": 0.007606118358650485, "YYXZZYII": 0.007606118358650485, "XXYZZXII": -0.007606118358650485, "YYYZZXII": 0.007606118358650485, "XYYZZYII": -0.007606118358650485, "YXYZZYII": -0.007606118358650485, "XYXZZXII": 0.007606118358650485, "XXXZZYII": -0.007606118358650485, "YXXZZXII": 0.007606118358650485, "YXIIXXII": -0.0027293295332581112, "YYIIXYII": -0.0027293295332581112, "XXIIXYII": 0.0027293295332581112, "XYIIXXII": -0.0027293295332581112, "XYIIYYII": 0.0027293295332581112, "YXIIYYII": 0.0027293295332581112, "YYIIYXII": -0.0027293295332581112, "XXIIYXII": 0.0027293295332581112, "XXIIIIXY": 0.0019420017032228368, "XYIIIIXX": -0.0019420017032228368, "YXIIIIXX": -0.0019420017032228368, "XYIIIIYY": 0.0019420017032228368, "YXIIIIYY": 0.0019420017032228368, "YYIIIIYX": -0.0019420017032228368, "XXIIIIYX": 0.0019420017032228368, "YYIIIIXY": -0.0019420017032228368}}, "hf_method_fallback": "standard", "generation_time_s": 3.184, "timestamp": "2026-03-10T21:18:08.641669+00:00", "formula_latex": "$\\mathrm{H_{2}}$"}}