{"n_qubits": 5, "qubits": [1, 2, 3, 4, 5], "fci_energy": -1.1057758885781732, "hf_energy": -1.0696261843111619, "CS_SRE": [0.1474684965407558, 0.17661100068196264, 0.20040932967739822, 0.19909843485421497, 0.20658079772646518], "CS_energy": [-1.0906404569035186, -1.0959931822904994, -1.1034126416038408, -1.105186637338781, -1.1057758885781739], "overlaps": [0.9719478178506241, 0.9665350817610211, 0.9623904571592519, 0.9627773821522358, 0.9614161593414933], "solver": "scipy", "data": {"molecule_id": "H2_singlet_Dooh", "qubit_encoding": "JW", "unit": "Angstrom", "basis": "3-21g", "charge": 0, "multiplicity": 1, "spin": 0, "geometry": "H 0.0000000000 0.0000000000 -0.1853500000\nH 0.0000000000 0.0000000000 0.9267500000", "n_qubits": 8, "n_particles": {"total": 2, "alpha": 1, "beta": 1}, "hf_array": [1, 1, 0, 0, 0, 0, 0, 0], "hf_method": "pyscf.scf.hf_symm.SymAdaptedRHF", "convergence_threshold": 1e-06, "point_group": {"groupname": "Dooh", "topgroup": "Dooh"}, "alpha": 1.5, "calculated_properties": {"HF": {"energy": -1.0696261843111619, "converged": true}, "MP2": {"energy": -1.091441389335482, "converged": null}, "CISD": {"energy": -1.105775888578175, "converged": true}, "CCSD": {"energy": -1.105775851982901, "converged": true, "t1_diagnostic": 0.01092298331750698}, "FCI": {"energy": -1.1057758885781732, "converged": true, "spin_matches_target": true, "multiplicity": 0.9999999999999998, "oscillatory_converged": false, "oscillation_energy_change": null}}, "auxiliary_operators": {"number_operator": {"IIIIIIII": 4.0, "ZIIIIIII": -0.5, "IZIIIIII": -0.5, "IIZIIIII": -0.5, "IIIZIIII": -0.5, "IIIIZIII": -0.5, "IIIIIZII": -0.5, "IIIIIIZI": -0.5, "IIIIIIIZ": -0.5}, "N_alpha": {"IIIIIIII": 2.0, "ZIIIIIII": -0.5, "IIZIIIII": -0.5, "IIIIZIII": -0.5, "IIIIIIZI": -0.5}, "N_beta": {"IIIIIIII": 2.0, "IZIIIIII": -0.5, "IIIZIIII": -0.5, "IIIIIZII": -0.5, "IIIIIIIZ": -0.5}, "S^2_operator": {"IIIIIIII": 1.5, "ZZIIIIII": -0.375, "IIIIZZII": -0.375, "IIIIIIZZ": -0.375, "IIZZIIII": -0.375, "ZIIZIIII": -0.125, "ZIZIIIII": 0.125, "IIIIXYXY": 0.125, "IIIIXYYX": -0.125, "IIIIYYXX": 0.125, "IIIIYYYY": 0.125, "IIIIXXXX": 0.125, "IIIIXXYY": 0.125, "IIIIYXXY": -0.125, "IIIIYXYX": 0.125, "IIXYIIXY": 0.125, "IIXYIIYX": -0.125, "ZIIIZIII": 0.125, "ZIIIIZII": -0.125, "ZIIIIIZI": 0.125, "ZIIIIIIZ": -0.125, "IIIIZIIZ": -0.125, "IIIIZIZI": 0.125, "IIIZIIIZ": 0.125, "IIIZIIZI": -0.125, "IIIZIZII": 0.125, "IIIZZIII": -0.125, "IIZIIIIZ": -0.125, "IIYYIIXX": 0.125, "IIZIIIZI": 0.125, "IIZIZIII": 0.125, "IZIIIIIZ": 0.125, "IZIIIIZI": -0.125, "IZIIIZII": 0.125, "IZIIZIII": -0.125, "IZIZIIII": 0.125, "IZZIIIII": -0.125, "IIZIIZII": -0.125, "IIYYIIYY": 0.125, "IIXXIIXX": 0.125, "IIXXIIYY": 0.125, "XYIIYXII": -0.125, "YYIIXXII": 0.125, "YYIIYYII": 0.125, "XXIIXXII": 0.125, "XXIIYYII": 0.125, "YXIIXYII": -0.125, "YXIIYXII": 0.125, "XYXYIIII": 0.125, "XYYXIIII": -0.125, "YYXXIIII": 0.125, "YYYYIIII": 0.125, "XXXXIIII": 0.125, "XXYYIIII": 0.125, "YXXYIIII": -0.125, "YXYXIIII": 0.125, "XYIIXYII": 0.125, "IIIIIZZI": -0.125, "YXIIIIYX": 0.125, "XXIIIIYY": 0.125, "IIYXIIXY": -0.125, "IIYXIIYX": 0.125, "IIXYXYII": 0.125, "IIXYYXII": -0.125, "IIYYXXII": 0.125, "IIYYYYII": 0.125, "IIXXXXII": 0.125, "IIXXYYII": 0.125, "IIYXXYII": -0.125, "IIYXYXII": 0.125, "XYIIIIXY": 0.125, "XYIIIIYX": -0.125, "YYIIIIXX": 0.125, "YYIIIIYY": 0.125, "XXIIIIXX": 0.125, "YXIIIIXY": -0.125, "IIIIIZIZ": 0.125}, "UCCSD_operator": {"XYXXIIII": -0.022227898163799997, "YYXYIIII": -0.022227898163799997, "XXXYIIII": 0.022227898163799997, "YXXXIIII": -0.022227898163799997, "XXYXIIII": 0.022227898163799997, "YYYXIIII": -0.022227898163799997, "YXYYIIII": 0.022227898163799997, "XYYYIIII": 0.022227898163799997, "YZZZXIII": 0.007723713245149436, "IYZZZXII": 0.007723713245149436, "XZZZYIII": -0.007723713245149436, "IXZZZYII": -0.007723713245149436, "YYIYZZXI": -0.007027101689267368, "YXIYZZYI": 0.007027101689267368, "XYIYZZYI": 0.007027101689267368, "YXIXZZXI": -0.007027101689267368, "XYIXZZXI": -0.007027101689267368, "XXIXZZYI": 0.007027101689267368, "YYIXZZYI": -0.007027101689267368, "XXIYZZXI": 0.007027101689267368, "YYXZZZZY": 0.007027101689267368, "YYYZZZZX": 0.007027101689267368, "YXYZZZZY": -0.007027101689267368, "XXYZZZZX": -0.007027101689267368, "YXXZZZZX": 0.007027101689267368, "XYXZZZZX": 0.007027101689267368, "XXXZZZZY": -0.007027101689267368, "XYYZZZZY": -0.007027101689267368, "YYIIIIYX": -0.003887498784206322, "YXIIIIYY": 0.003887498784206322, "YXIIIIXX": -0.003887498784206322, "XYIIIIXX": -0.003887498784206322, "XXIIIIYX": 0.003887498784206322, "XXIIIIXY": 0.003887498784206322, "XYIIIIYY": 0.003887498784206322, "YYIIIIXY": -0.003887498784206322, "XXIIYXII": 0.003443954506992082, "YYIIYXII": -0.003443954506992082, "YXIIYYII": 0.003443954506992082, "YYIIXYII": -0.003443954506992082, "YXIIXXII": -0.003443954506992082, "XYIIXXII": -0.003443954506992082, "XXIIXYII": 0.003443954506992082, "XYIIYYII": 0.003443954506992082}}, "hf_method_fallback": "standard", "generation_time_s": 3.391, "timestamp": "2026-03-10T21:18:05.443522+00:00", "formula_latex": "$\\mathrm{H_{2}}$"}}