{"n_qubits": 5, "qubits": [1, 2, 3, 4, 5], "fci_energy": -1.147830318923511, "hf_energy": -1.1229283281271774, "CS_SRE": [0.03456934715808095, 0.047684656329297, 0.06321069908849226, 0.08212701419235136, 0.08280367682596311], "CS_energy": [-1.1299131099716688, -1.1355652863024681, -1.1395416557139557, -1.1477517969157054, -1.1478303189235166], "overlaps": [0.9938963283943946, 0.9916291684756222, 0.9889151383218506, 0.9856448590305562, 0.9855294697590283], "solver": "scipy", "data": {"molecule_id": "H2_singlet_Dooh", "qubit_encoding": "JW", "unit": "Angstrom", "basis": "3-21g", "charge": 0, "multiplicity": 1, "spin": 0, "geometry": "H 0.0000000000 0.0000000000 0.0000000000\nH 0.0000000000 0.0000000000 0.7414000000", "n_qubits": 8, "n_particles": {"total": 2, "alpha": 1, "beta": 1}, "hf_array": [1, 1, 0, 0, 0, 0, 0, 0], "hf_method": "pyscf.scf.hf_symm.SymAdaptedRHF", "convergence_threshold": 1e-06, "point_group": {"groupname": "Dooh", "topgroup": "Dooh"}, "alpha": 1.0, "calculated_properties": {"HF": {"energy": -1.1229283281271774, "converged": true}, "MP2": {"energy": -1.1402545258067034, "converged": null}, "CISD": {"energy": -1.1478303189235115, "converged": true}, "CCSD": {"energy": -1.147830494331691, "converged": true, "t1_diagnostic": 0.004095157496877815}, "FCI": {"energy": -1.147830318923511, "converged": true, "spin_matches_target": true, "multiplicity": 1.0000000000000002, "oscillatory_converged": false, "oscillation_energy_change": null}}, "auxiliary_operators": {"number_operator": {"IIIIIIII": 4.0, "ZIIIIIII": -0.5, "IZIIIIII": -0.5, "IIZIIIII": -0.5, "IIIZIIII": -0.5, "IIIIZIII": -0.5, "IIIIIZII": -0.5, "IIIIIIZI": -0.5, "IIIIIIIZ": -0.5}, "N_alpha": {"IIIIIIII": 2.0, "ZIIIIIII": -0.5, "IIZIIIII": -0.5, "IIIIZIII": -0.5, "IIIIIIZI": -0.5}, "N_beta": {"IIIIIIII": 2.0, "IZIIIIII": -0.5, "IIIZIIII": -0.5, "IIIIIZII": -0.5, "IIIIIIIZ": -0.5}, "S^2_operator": {"IIIIIIII": 1.5, "ZZIIIIII": -0.375, "IIIIZZII": -0.375, "IIIIIIZZ": -0.375, "IIZZIIII": -0.375, "ZIIZIIII": -0.125, "ZIZIIIII": 0.125, "IIIIXYXY": 0.125, "IIIIXYYX": -0.125, "IIIIYYXX": 0.125, "IIIIYYYY": 0.125, "IIIIXXXX": 0.125, "IIIIXXYY": 0.125, "IIIIYXXY": -0.125, "IIIIYXYX": 0.125, "IIXYIIXY": 0.125, "IIXYIIYX": -0.125, "ZIIIZIII": 0.125, "ZIIIIZII": -0.125, "ZIIIIIZI": 0.125, "ZIIIIIIZ": -0.125, "IIIIZIIZ": -0.125, "IIIIZIZI": 0.125, "IIIZIIIZ": 0.125, "IIIZIIZI": -0.125, "IIIZIZII": 0.125, "IIIZZIII": -0.125, "IIZIIIIZ": -0.125, "IIYYIIXX": 0.125, "IIZIIIZI": 0.125, "IIZIZIII": 0.125, "IZIIIIIZ": 0.125, "IZIIIIZI": -0.125, "IZIIIZII": 0.125, "IZIIZIII": -0.125, "IZIZIIII": 0.125, "IZZIIIII": -0.125, "IIZIIZII": -0.125, "IIYYIIYY": 0.125, "IIXXIIXX": 0.125, "IIXXIIYY": 0.125, "XYIIYXII": -0.125, "YYIIXXII": 0.125, "YYIIYYII": 0.125, "XXIIXXII": 0.125, "XXIIYYII": 0.125, "YXIIXYII": -0.125, "YXIIYXII": 0.125, "XYXYIIII": 0.125, "XYYXIIII": -0.125, "YYXXIIII": 0.125, "YYYYIIII": 0.125, "XXXXIIII": 0.125, "XXYYIIII": 0.125, "YXXYIIII": -0.125, "YXYXIIII": 0.125, "XYIIXYII": 0.125, "IIIIIZZI": -0.125, "YXIIIIYX": 0.125, "XXIIIIYY": 0.125, "IIYXIIXY": -0.125, "IIYXIIYX": 0.125, "IIXYXYII": 0.125, "IIXYYXII": -0.125, "IIYYXXII": 0.125, "IIYYYYII": 0.125, "IIXXXXII": 0.125, "IIXXYYII": 0.125, "IIYXXYII": -0.125, "IIYXYXII": 0.125, "XYIIIIXY": 0.125, "XYIIIIYX": -0.125, "YYIIIIXX": 0.125, "YYIIIIYY": 0.125, "XXIIIIXX": 0.125, "YXIIIIXY": -0.125, "IIIIIZIZ": 0.125}, "UCCSD_operator": {"XXXYIIII": 0.01054148139142987, "YYXYIIII": -0.01054148139142987, "XYXXIIII": -0.01054148139142987, "YXXXIIII": -0.01054148139142987, "XYYYIIII": 0.01054148139142987, "YXYYIIII": 0.01054148139142987, "YYYXIIII": -0.01054148139142987, "XXYXIIII": 0.01054148139142987, "XXIIYXII": 0.0059691185094495405, "YYIIYXII": -0.0059691185094495405, "YXIIYYII": 0.0059691185094495405, "XYIIYYII": 0.0059691185094495405, "YXIIXXII": -0.0059691185094495405, "YYIIXYII": -0.0059691185094495405, "XXIIXYII": 0.0059691185094495405, "XYIIXXII": -0.0059691185094495405, "XYIYZZYI": 0.0054472904673198656, "YXIXZZXI": -0.0054472904673198656, "XYIXZZXI": -0.0054472904673198656, "XXIXZZYI": 0.0054472904673198656, "YYIXZZYI": -0.0054472904673198656, "XXXZZZZY": -0.0054472904673198656, "XXYZZZZX": -0.0054472904673198656, "YYYZZZZX": 0.0054472904673198656, "YXYZZZZY": -0.0054472904673198656, "YXIYZZYI": 0.0054472904673198656, "XYYZZZZY": -0.0054472904673198656, "YXXZZZZX": 0.0054472904673198656, "XYXZZZZX": 0.0054472904673198656, "YYXZZZZY": 0.0054472904673198656, "XXIYZZXI": 0.0054472904673198656, "YYIYZZXI": -0.0054472904673198656, "XXIIIIXY": 0.004725354192674087, "XYIIIIXX": -0.004725354192674087, "YXIIIIXX": -0.004725354192674087, "XYIIIIYY": 0.004725354192674087, "YXIIIIYY": 0.004725354192674087, "XXIIIIYX": 0.004725354192674087, "YYIIIIXY": -0.004725354192674087, "YYIIIIYX": -0.004725354192674087, "IXZZZYII": -0.002895713636069141, "IYZZZXII": 0.002895713636069141, "XZZZYIII": -0.002895713636069141, "YZZZXIII": 0.002895713636069141}}, "hf_method_fallback": "standard", "generation_time_s": 2.568, "timestamp": "2026-03-10T21:17:59.014474+00:00", "formula_latex": "$\\mathrm{H_{2}}$"}}