{"n_qubits": 5, "qubits": [1, 2, 3, 4, 5], "fci_energy": -1.1424932063606015, "hf_energy": -1.119053380960408, "CS_SRE": [0.02418057001529314, 0.0395477908268565, 0.052201741416851626, 0.06949149474947934, 0.06976692541424982], "CS_energy": [-1.1243486842375523, -1.1306694078974087, -1.1342162431620397, -1.1424551520044448, -1.1424932063606064], "overlaps": [0.995755268059115, 0.99308409518646, 0.9908810830576067, 0.9878951944959363, 0.9878484383075254], "solver": "scipy", "data": {"molecule_id": "H2_singlet_Dooh", "qubit_encoding": "JW", "unit": "Angstrom", "basis": "3-21g", "charge": 0, "multiplicity": 1, "spin": 0, "geometry": "H 0.0000000000 0.0000000000 0.0370700000\nH 0.0000000000 0.0000000000 0.7043300000", "n_qubits": 8, "n_particles": {"total": 2, "alpha": 1, "beta": 1}, "hf_array": [1, 1, 0, 0, 0, 0, 0, 0], "hf_method": "pyscf.scf.hf_symm.SymAdaptedRHF", "convergence_threshold": 1e-06, "point_group": {"groupname": "Dooh", "topgroup": "Dooh"}, "alpha": 0.9, "calculated_properties": {"HF": {"energy": -1.119053380960408, "converged": true}, "MP2": {"energy": -1.1356945083671177, "converged": null}, "CISD": {"energy": -1.142493206359858, "converged": true}, "CCSD": {"energy": -1.1424932087981572, "converged": true, "t1_diagnostic": 0.002864485784559494}, "FCI": {"energy": -1.1424932063606015, "converged": true, "spin_matches_target": true, "multiplicity": 1.0000000000000002, "oscillatory_converged": false, "oscillation_energy_change": null}}, "auxiliary_operators": {"number_operator": {"IIIIIIII": 4.0, "ZIIIIIII": -0.5, "IZIIIIII": -0.5, "IIZIIIII": -0.5, "IIIZIIII": -0.5, "IIIIZIII": -0.5, "IIIIIZII": -0.5, "IIIIIIZI": -0.5, "IIIIIIIZ": -0.5}, "N_alpha": {"IIIIIIII": 2.0, "ZIIIIIII": -0.5, "IIZIIIII": -0.5, "IIIIZIII": -0.5, "IIIIIIZI": -0.5}, "N_beta": {"IIIIIIII": 2.0, "IZIIIIII": -0.5, "IIIZIIII": -0.5, "IIIIIZII": -0.5, "IIIIIIIZ": -0.5}, "S^2_operator": {"IIIIIIII": 1.5, "ZZIIIIII": -0.375, "IIIIZZII": -0.375, "IIIIIIZZ": -0.375, "IIZZIIII": -0.375, "ZIIZIIII": -0.125, "ZIZIIIII": 0.125, "IIIIXYXY": 0.125, "IIIIXYYX": -0.125, "IIIIYYXX": 0.125, "IIIIYYYY": 0.125, "IIIIXXXX": 0.125, "IIIIXXYY": 0.125, "IIIIYXXY": -0.125, "IIIIYXYX": 0.125, "IIXYIIXY": 0.125, "IIXYIIYX": -0.125, "ZIIIZIII": 0.125, "ZIIIIZII": -0.125, "ZIIIIIZI": 0.125, "ZIIIIIIZ": -0.125, "IIIIZIIZ": -0.125, "IIIIZIZI": 0.125, "IIIZIIIZ": 0.125, "IIIZIIZI": -0.125, "IIIZIZII": 0.125, "IIIZZIII": -0.125, "IIZIIIIZ": -0.125, "IIYYIIXX": 0.125, "IIZIIIZI": 0.125, "IIZIZIII": 0.125, "IZIIIIIZ": 0.125, "IZIIIIZI": -0.125, "IZIIIZII": 0.125, "IZIIZIII": -0.125, "IZIZIIII": 0.125, "IZZIIIII": -0.125, "IIZIIZII": -0.125, "IIYYIIYY": 0.125, "IIXXIIXX": 0.125, "IIXXIIYY": 0.125, "XYIIYXII": -0.125, "YYIIXXII": 0.125, "YYIIYYII": 0.125, "XXIIXXII": 0.125, "XXIIYYII": 0.125, "YXIIXYII": -0.125, "YXIIYXII": 0.125, "XYXYIIII": 0.125, "XYYXIIII": -0.125, "YYXXIIII": 0.125, "YYYYIIII": 0.125, "XXXXIIII": 0.125, "XXYYIIII": 0.125, "YXXYIIII": -0.125, "YXYXIIII": 0.125, "XYIIXYII": 0.125, "IIIIIZZI": -0.125, "YXIIIIYX": 0.125, "XXIIIIYY": 0.125, "IIYXIIXY": -0.125, "IIYXIIYX": 0.125, "IIXYXYII": 0.125, "IIXYYXII": -0.125, "IIYYXXII": 0.125, "IIYYYYII": 0.125, "IIXXXXII": 0.125, "IIXXYYII": 0.125, "IIYXXYII": -0.125, "IIYXYXII": 0.125, "XYIIIIXY": 0.125, "XYIIIIYX": -0.125, "YYIIIIXX": 0.125, "YYIIIIYY": 0.125, "XXIIIIXX": 0.125, "YXIIIIXY": -0.125, "IIIIIZIZ": 0.125}, "UCCSD_operator": {"XXXYIIII": 0.00881240633535015, "YYXYIIII": -0.00881240633535015, "XYXXIIII": -0.00881240633535015, "YXXXIIII": -0.00881240633535015, "XYYYIIII": 0.00881240633535015, "YXYYIIII": 0.00881240633535015, "YYYXIIII": -0.00881240633535015, "XXYXIIII": 0.00881240633535015, "XXIIYXII": 0.006444607591960396, "YYIIYXII": -0.006444607591960396, "YXIIYYII": 0.006444607591960396, "XYIIYYII": 0.006444607591960396, "YXIIXXII": -0.006444607591960396, "YYIIXYII": -0.006444607591960396, "XXIIXYII": 0.006444607591960396, "XYIIXXII": -0.006444607591960396, "XYIYZZYI": 0.004993448356074999, "YXIXZZXI": -0.004993448356074999, "XYIXZZXI": -0.004993448356074999, "XXIXZZYI": 0.004993448356074999, "YYIXZZYI": -0.004993448356074999, "XXXZZZZY": -0.004993448356074999, "XXYZZZZX": -0.004993448356074999, "YYYZZZZX": 0.004993448356074999, "YXYZZZZY": -0.004993448356074999, "YXIYZZYI": 0.004993448356074999, "XYYZZZZY": -0.004993448356074999, "YXXZZZZX": 0.004993448356074999, "XYXZZZZX": 0.004993448356074999, "YYXZZZZY": 0.004993448356074999, "XXIYZZXI": 0.004993448356074999, "YYIYZZXI": -0.004993448356074999, "XXIIIIXY": 0.004759924506130572, "XYIIIIXX": -0.004759924506130572, "YXIIIIXX": -0.004759924506130572, "XYIIIIYY": 0.004759924506130572, "YXIIIIYY": 0.004759924506130572, "XXIIIIYX": 0.004759924506130572, "YYIIIIXY": -0.004759924506130572, "YYIIIIYX": -0.004759924506130572, "IXZZZYII": -0.0020254507921513296, "IYZZZXII": 0.0020254507921513296, "XZZZYIII": -0.0020254507921513296, "YZZZXIII": 0.0020254507921513296}}, "hf_method_fallback": "standard", "generation_time_s": 3.594, "timestamp": "2026-03-10T21:18:19.661462+00:00", "formula_latex": "$\\mathrm{H_{2}}$"}}