{
    "hamiltonian": {
        "IIIIIIII": 2.3081999731579046,
        "IIIIIZII": -0.904308677383755,
        "IIIIZIII": -0.904308677383755,
        "IIIIIIIZ": -0.9023074634179452,
        "IIIIIIZI": -0.9023074634179452,
        "IIZIIIII": -0.3442485474739489,
        "IIIZIIII": -0.3442485474739489,
        "ZIIIIIII": -0.28513348385740706,
        "IZIIIIII": -0.285133483857407,
        "IIIIZZII": 0.1337190589304204,
        "IIIIIZZI": 0.12753962767162014,
        "IIIIZIIZ": 0.12753962767162014,
        "IIIIIIZZ": 0.12337579713322452,
        "IZIIZIII": 0.11559248440874456,
        "ZIIIIZII": 0.11559248440874456,
        "IIIZZIII": 0.11372042968542649,
        "IIZIIZII": 0.11372042968542649,
        "ZZIIIIII": 0.11109180808572418,
        "ZIIIIIIZ": 0.11004624250217898,
        "IZIIIIZI": 0.11004624250217898,
        "IIIZIIZI": 0.10998504758116548,
        "IIZIIIIZ": 0.10998504758116548,
        "ZIIZIIII": 0.10706494235668605,
        "IZZIIIII": 0.10706494235668605,
        "IIZZIIII": 0.10695182646125487,
        "IZIIIZII": 0.09731838696101125,
        "ZIIIZIII": 0.09731838696101125,
        "ZIIIIIZI": 0.09314191988423084,
        "IZIIIIIZ": 0.09314191988423084,
        "IIIZIZII": 0.09277424132816764,
        "IIZIZIII": 0.09277424132816764,
        "IIIZIIIZ": 0.08940466526002432,
        "IIZIIIZI": 0.08940466526002432,
        "ZIZIIIII": 0.06587160879037897,
        "IZIZIIII": 0.06587160879037897,
        "IIIIIZIZ": 0.06460089093176674,
        "IIIIZIZI": 0.06460089093176674,
        "IXZZZXII": 0.06437028442654283,
        "YZZZYIII": 0.06437028442654283,
        "XZZZXIII": 0.06437028442654283,
        "IYZZZYII": 0.06437028442654283,
        "IIIIXXYY": -0.06293873673985338,
        "IIIIYYXX": -0.06293873673985338,
        "IIIIYXXY": 0.06293873673985338,
        "IIIIXYYX": 0.06293873673985338,
        "IIXZZZXI": -0.06229243168014823,
        "IIYZZZYI": -0.06229243168014823,
        "IIIXZZZX": -0.06229243168014822,
        "IIIYZZZY": -0.06229243168014822,
        "YZYIIXZX": -0.046384723477819995,
        "YZYIIYZY": -0.046384723477819995,
        "IYZYYZYI": -0.046384723477819995,
        "IYZYXZXI": -0.046384723477819995,
        "IXZXYZYI": -0.046384723477819995,
        "IXZXXZXI": -0.046384723477819995,
        "XZXIIYZY": -0.046384723477819995,
        "XZXIIXZX": -0.046384723477819995,
        "YXXYIIII": 0.04119333356630709,
        "YYXXIIII": -0.04119333356630709,
        "XXYYIIII": -0.04119333356630709,
        "XYYXIIII": 0.04119333356630709,
        "IIIYIZZY": 0.03515208255804528,
        "IIYZZIYI": 0.03515208255804528,
        "IIXZZIXI": 0.03515208255804528,
        "IIIXIZZX": 0.03515208255804528,
        "IIIYZZIY": 0.03208102571164674,
        "IIIXZZIX": 0.03208102571164674,
        "IIXZZZXZ": 0.03208102571164674,
        "IIYZZZYZ": 0.03208102571164674,
        "IIIXXYYI": 0.031825322949583706,
        "IIXZXXZX": -0.031825322949583706,
        "IIIYYXXI": 0.031825322949583706,
        "IIIYXXYI": -0.031825322949583706,
        "IIYZYXZX": -0.031825322949583706,
        "IIYZYYZY": -0.031825322949583706,
        "IIIXYYXI": -0.031825322949583706,
        "IIXZXYZY": -0.031825322949583706,
        "XZZZXZII": -0.030371967555144607,
        "IXZZIXII": -0.030371967555144607,
        "IYZZIYII": -0.030371967555144607,
        "YZZZYZII": -0.030371967555144607,
        "XZZZXIIZ": -0.02927038475984989,
        "YZZZYIIZ": -0.02927038475984989,
        "IYZZZYZI": -0.02927038475984989,
        "IXZZZXZI": -0.02927038475984989,
        "YZYIXZXI": -0.028292692569992946,
        "IYZYIXZX": -0.028292692569992946,
        "XZXIYZYI": -0.028292692569992946,
        "IXZXIYZY": -0.028292692569992946,
        "IXZXIXZX": -0.02796064928307659,
        "IYZYIYZY": -0.02796064928307659,
        "YZYIYZYI": -0.02796064928307659,
        "XZXIXZXI": -0.02796064928307659,
        "IYZZYIYY": -0.02635375745305341,
        "IXZZYIYX": -0.02635375745305341,
        "IYZZXIXY": -0.02635375745305341,
        "XZZZZYYX": 0.02635375745305341,
        "XZZZZXYY": -0.02635375745305341,
        "YZZZZYXX": -0.02635375745305341,
        "YZZZZXXY": 0.02635375745305341,
        "IXZZXIXX": -0.02635375745305341,
        "IZYZZZYI": 0.023821327247657408,
        "IZXZZZXI": 0.023821327247657408,
        "ZIIXZZZX": 0.023821327247657408,
        "ZIIYZZZY": 0.023821327247657408,
        "IIYIZZYI": 0.022939229865901925,
        "IIXIZZXI": 0.022939229865901925,
        "IIZYZZZY": 0.022939229865901925,
        "IIZXZZZX": 0.022939229865901925,
        "IYYXXIII": -0.021166105689588516,
        "XZXXZXII": 0.021166105689588516,
        "IYXXYIII": 0.021166105689588516,
        "IXXYYIII": -0.021166105689588516,
        "XZXYZYII": 0.021166105689588516,
        "YZYXZXII": 0.021166105689588516,
        "YZYYZYII": 0.021166105689588516,
        "IXYYXIII": 0.021166105689588516,
        "IIYYXXII": -0.020946188357258852,
        "IIXXYYII": -0.020946188357258852,
        "IIXYYXII": 0.020946188357258852,
        "IIYXXYII": 0.020946188357258852,
        "YZZIYIII": -0.0208109955164891,
        "XZZIXIII": -0.0208109955164891,
        "IXIZZXII": -0.0208109955164891,
        "IYIZZYII": -0.0208109955164891,
        "IIXXIIYY": -0.020580382321141153,
        "IIYYIIXX": -0.020580382321141153,
        "IIYXIIXY": 0.020580382321141153,
        "IIXYIIYX": 0.020580382321141153,
        "ZYZZZYII": -0.018644604610002263,
        "ZXZZZXII": -0.018644604610002263,
        "XIZZXIII": -0.01864460461000226,
        "YIZZYIII": -0.01864460461000226,
        "YZZXIXYI": 0.0184240741947434,
        "YZZYIYYI": 0.0184240741947434,
        "XZZXIXXI": 0.0184240741947434,
        "IXYIYZZX": 0.0184240741947434,
        "XZZYIYXI": 0.0184240741947434,
        "IYXIXZZY": 0.0184240741947434,
        "IYYIYZZY": 0.0184240741947434,
        "IXXIXZZX": 0.0184240741947434,
        "XYIIYXII": 0.018274097447733326,
        "XXIIYYII": -0.018274097447733326,
        "YYIIXXII": -0.018274097447733326,
        "YXIIXYII": 0.018274097447733326,
        "YZZXXZZY": -0.01809203090782705,
        "IXXIIYYI": 0.01809203090782705,
        "IYYIIXXI": 0.01809203090782705,
        "IXYIIYXI": -0.01809203090782705,
        "IYXIIXYI": -0.01809203090782705,
        "XZZYYZZX": -0.01809203090782705,
        "XZZXYZZY": 0.01809203090782705,
        "YZZYXZZX": 0.01809203090782705,
        "YXIIIIXY": 0.01690432261794815,
        "YYIIIIXX": -0.01690432261794815,
        "XXIIIIYY": -0.01690432261794815,
        "XYIIIIYX": 0.01690432261794815,
        "XYIYZZXI": 0.016435991425693484,
        "YYXZZZZX": 0.016435991425693484,
        "YXXZZZZY": -0.016435991425693484,
        "YXIXZZYI": 0.016435991425693484,
        "YYIYZZYI": 0.016435991425693484,
        "XXIXZZXI": 0.016435991425693484,
        "XYYZZZZX": -0.016435991425693484,
        "XXYZZZZY": 0.016435991425693484,
        "IZIXZZZX": 0.007385335821963925,
        "IZIYZZZY": 0.007385335821963925,
        "ZIYZZZYI": 0.007385335821963925,
        "ZIXZZZXI": 0.007385335821963925,
        "IIYZIZYI": 0.0033267596084615783,
        "IIIYZIZY": 0.0033267596084615783,
        "IIIXZIZX": 0.0033267596084615783,
        "IIXZIZXI": 0.0033267596084615783,
        "IXZZZXIZ": -0.0029166273067964777,
        "IYZZZYIZ": -0.0029166273067964777,
        "YZZZYIZI": -0.0029166273067964777,
        "XZZZXIZI": -0.0029166273067964777,
        "IYZIZYII": 0.00035511017309941724,
        "YZIZYIII": 0.00035511017309941724,
        "XZIZXIII": 0.00035511017309941724,
        "IXZIZXII": 0.00035511017309941724,
        "IXZYIYZX": 0.0003320432869163524,
        "XZYIYZXI": 0.0003320432869163524,
        "YZXIXZYI": 0.0003320432869163524,
        "IYZXIXZY": 0.0003320432869163524
    },
    "data": {
        "molecule_id": "D2_singlet_Dooh",
        "qubit_encoding": "JW",
        "unit": "Angstrom",
        "basis": "3-21g",
        "charge": 0,
        "multiplicity": 1,
        "spin": 0,