{
    "hamiltonian": {
        "IIII": -0.3851603193223718,
        "IIZZ": 0.1589063683810484,
        "ZZII": 0.15178393916892613,
        "ZIIZ": 0.1514109918182845,
        "IZZI": 0.1514109918182845,
        "ZIII": 0.1253157957794908,
        "IZII": 0.1253157957794908,
        "IIIZ": -0.10201156859786098,
        "IIZI": -0.10201156859786097,
        "ZIZI": 0.10040569874063354,
        "IZIZ": 0.10040569874063354,
        "YXXY": 0.051005293077650955,
        "YYXX": -0.051005293077650955,
        "XXYY": -0.051005293077650955,
        "XYYX": 0.051005293077650955
    },
    "data": {
        "molecule_id": "D2_singlet_Dooh",
        "qubit_encoding": "JW",
        "unit": "Angstrom",
        "basis": "sto-3g",
        "charge": 0,
        "multiplicity": 1,
        "spin": 0,
        "geometry": "H 0.0000000000 0.0000000000 -0.1853750000\nH 0.0000000000 0.0000000000 0.9268750000",
        "n_qubits": 4,
        "n_particles": {
            "total": 2,
            "alpha": 1,
            "beta": 1
        },
        "hf_array": [
            1,
            1,
            0,
            0
        ],
        "hf_method": "pyscf.scf.hf_symm.SymAdaptedRHF",
        "convergence_threshold": 1e-06,
        "point_group": {
            "groupname": "Dooh",
            "topgroup": "Dooh"
        },
        "alpha": 1.5,
        "calculated_properties": {
            "HF": {
                "energy": -1.0327581216449366,
                "converged": true
            },
            "MP2": {
                "energy": -1.05751874896535,
                "converged": null
            },
            "CISD": {
                "energy": -1.0764361744027542,
                "converged": true
            },
            "CCSD": {
                "energy": -1.0764361744611166,
                "converged": true,
                "t1_diagnostic": 1.6653424104907165e-17
            },
            "FCI": {
                "energy": -1.0764361744027542,
                "converged": true,
                "spin_matches_target": true,
                "multiplicity": 1.0,
                "oscillatory_converged": false,
                "oscillation_energy_change": null
            }
        },
        "auxiliary_operators": {
            "number_operator": {
                "IIII": 2.0,
                "ZIII": -0.5,
                "IZII": -0.5,
                "IIZI": -0.5,
                "IIIZ": -0.5
            },
            "N_alpha": {
                "IIII": 1.0,
                "ZIII": -0.5,
                "IIZI": -0.5
            },
            "N_beta": {
                "IIII": 1.0,
                "IZII": -0.5,
                "IIIZ": -0.5
            },
            "S^2_operator": {
                "IIII": 0.75,
                "ZZII": -0.375,
                "IIZZ": -0.375,
                "YXYX": 0.125,
                "YXXY": -0.125,
                "XXYY": 0.125,
                "XXXX": 0.125,
                "YYYY": 0.125,
                "YYXX": 0.125,
                "XYYX": -0.125,
                "XYXY": 0.125,
                "ZIZI": 0.125,
                "ZIIZ": -0.125,
                "IZZI": -0.125,
                "IZIZ": 0.125
            },
            "UCCSD_operator": {
                "XXYX": 0.02676073536971209,
                "YYYX": -0.02676073536971209,
                "YXYY": 0.02676073536971209,
                "XYYY": 0.02676073536971209,
                "YXXX": -0.02676073536971209,
                "XYXX": -0.02676073536971209,
                "XXXY": 0.02676073536971209,
                "YYXY": -0.02676073536971209
            }
        },
        "hf_method_fallback": "standard",
        "generation_time_s": 0.823,
        "timestamp": "2026-03-10T21:59:16.022160+00:00",
        "formula_latex": "$\\mathrm{D_{2}}$"
    }
}