{
    "hamiltonian": {
        "IIIIIIII": 2.8107033981290948,
        "IIIIIIZI": -1.2354744740699954,
        "IIIIIIIZ": -1.2354744740699952,
        "IIIIIZII": -0.7503615743326963,
        "IIIIZIII": -0.7503615743326962,
        "IIZIIIII": -0.4524432012804003,
        "IIIZIIII": -0.4524432012804003,
        "IZIIIIII": -0.2949280422739843,
        "ZIIIIIII": -0.2949280422739842,
        "IIIIIIZZ": 0.20281811331290883,
        "ZIIIIIIZ": 0.18183091352550756,
        "IZIIIIZI": 0.18183091352550756,
        "ZZIIIIII": 0.17761208226925576,
        "IIIIIZZI": 0.14940295276042845,
        "IIIIZIIZ": 0.14940295276042845,
        "ZIIIIIZI": 0.14533130430027857,
        "IZIIIIIZ": 0.14533130430027857,
        "ZIIIIZII": 0.14490171037999605,
        "IZIIZIII": 0.14490171037999605,
        "IIIIZZII": 0.12596735980935092,
        "IIIIZIZI": 0.12119629442358762,
        "IIIIIZIZ": 0.12119629442358762,
        "IIZIIIIZ": 0.11576333297145472,
        "IIIZIIZI": 0.11576333297145472,
        "ZIIIZIII": 0.11401824283463564,
        "IZIIIZII": 0.11401824283463564,
        "ZIIZIIII": 0.11287846624286002,
        "IZZIIIII": 0.11287846624286002,
        "IIZZIIII": 0.10093245204714188,
        "IIZIIIZI": 0.1002659055996939,
        "IIIZIIIZ": 0.1002659055996939,
        "IIZIIZII": 0.10004675584793794,
        "IIIZZIII": 0.10004675584793794,
        "IXZZZXII": 0.09653834066690692,
        "IYZZZYII": 0.09653834066690692,
        "XZZZXIII": 0.09653834066690692,
        "YZZZYIII": 0.09653834066690692,
        "IZIZIIII": 0.09460857912797646,
        "ZIZIIIII": 0.09460857912797646,
        "IIZIZIII": 0.08998221588574748,
        "IIIZIZII": 0.08998221588574748,
        "IXZZZXZI": -0.05495274302280952,
        "XZZZXIIZ": -0.05495274302280952,
        "IYZZZYZI": -0.05495274302280952,
        "YZZZYIIZ": -0.05495274302280952,
        "IIIYZZZY": -0.05124094258327193,
        "IIIXZZZX": -0.05124094258327193,
        "IIXZZZXI": -0.05124094258327192,
        "IIYZZZYI": -0.05124094258327192,
        "ZYZZZYII": -0.04697590152527646,
        "ZXZZZXII": -0.04697590152527646,
        "YIZZYIII": -0.04697590152527646,
        "XIZZXIII": -0.04697590152527646,
        "IIIYZZIY": 0.0420144243032574,
        "IIIXZZIX": 0.0420144243032574,
        "IIXZZZXZ": 0.0420144243032574,
        "IIYZZZYZ": 0.0420144243032574,
        "YYIIIIXX": -0.03649960922522897,
        "XXIIIIYY": -0.03649960922522897,
        "XYIIIIYX": 0.03649960922522897,
        "YXIIIIXY": 0.03649960922522897,
        "IZYZZZYI": 0.03604800508277278,
        "IZXZZZXI": 0.03604800508277278,
        "ZIIYZZZY": 0.03604800508277278,
        "ZIIXZZZX": 0.03604800508277278,
        "IYZZIYII": -0.03341015928257653,
        "IXZZIXII": -0.03341015928257653,
        "XZZZXZII": -0.03341015928257653,
        "YZZZYZII": -0.03341015928257653,
        "XXIIYYII": -0.030883467545360397,
        "XYIIYXII": 0.030883467545360397,
        "YYIIXXII": -0.030883467545360397,
        "YXIIXYII": 0.030883467545360397,
        "XZZZZXYY": -0.029729260899240235,
        "YZZZZXXY": 0.029729260899240235,
        "YZZZZYXX": -0.029729260899240235,
        "XZZZZYYX": 0.029729260899240235,
        "IYZZXIXY": -0.02972926089924023,
        "IYZZYIYY": -0.02972926089924023,
        "IXZZYIYX": -0.02972926089924023,
        "IXZZXIXX": -0.02972926089924023,
        "IIIIYXXY": 0.028206658336840836,
        "IIIIXYYX": 0.028206658336840836,
        "IIIIXXYY": -0.028206658336840836,
        "IIIIYYXX": -0.028206658336840836,
        "IIIXZIZX": 0.025703745987818185,
        "IIIYZIZY": 0.025703745987818185,
        "IIYZIZYI": 0.025703745987818185,
        "IIXZIZXI": 0.025703745987818185,
        "XZZZXIZI": -0.025223482123569282,
        "IYZZZYIZ": -0.025223482123569282,
        "IXZZZXIZ": -0.025223482123569282,
        "YZZZYIZI": -0.025223482123569282,
        "IIIXIZZX": 0.02395804582768601,
        "IIYZZIYI": 0.02395804582768601,
        "IIIYIZZY": 0.02395804582768601,
        "IIXZZIXI": 0.02395804582768601,
        "YXXZZZZY": -0.019220460622124947,
        "XXIXZZXI": 0.019220460622124947,
        "XYIYZZXI": 0.019220460622124947,
        "YYXZZZZX": 0.019220460622124947,
        "YXIXZZYI": 0.019220460622124947,
        "XXYZZZZY": 0.019220460622124947,
        "XYYZZZZX": -0.019220460622124947,
        "YYIYZZYI": 0.019220460622124947,
        "YZIZYIII": -0.018596795423115525,
        "IXZIZXII": -0.018596795423115525,
        "IYZIZYII": -0.018596795423115525,
        "XZIZXIII": -0.018596795423115525,
        "YXXYIIII": 0.018269887114883546,
        "YYXXIIII": -0.018269887114883546,
        "XYYXIIII": 0.018269887114883546,
        "XXYYIIII": -0.018269887114883546,
        "YZYIIYZY": -0.01787150849270433,
        "YZYIIXZX": -0.01787150849270433,
        "IXZXXZXI": -0.01787150849270433,
        "IXZXYZYI": -0.01787150849270433,
        "XZXIIYZY": -0.01787150849270433,
        "XZXIIXZX": -0.01787150849270433,
        "IYZYYZYI": -0.01787150849270433,
        "IYZYXZXI": -0.01787150849270433,
        "IXYIIYXI": -0.017623991515468736,
        "XZZXYZZY": 0.017623991515468736,
        "IXXIIYYI": 0.017623991515468736,
        "IYYIIXXI": 0.017623991515468736,
        "IYXIIXYI": -0.017623991515468736,
        "XZZYYZZX": -0.017623991515468736,
        "YZZXXZZY": -0.017623991515468736,
        "YZZYXZZX": 0.017623991515468736,
        "IZIXZZZX": 0.016827544460647836,
        "IZIYZZZY": 0.016827544460647836,
        "ZIXZZZXI": 0.016827544460647836,
        "ZIYZZZYI": 0.016827544460647836,
        "IIYXIIXY": 0.015497427371760823,
        "IIXXIIYY": -0.015497427371760823,
        "IIXYIIYX": 0.015497427371760823,
        "IIYYIIXX": -0.015497427371760823,
        "IXZXIXZX": -0.01529438123418866,
        "XZXIXZXI": -0.01529438123418866,
        "IYZYIYZY": -0.01529438123418866,
        "YZYIYZYI": -0.01529438123418866,
        "XZYIYZXI": -0.01504686425695307,
        "YZXIXZYI": -0.01504686425695307,
        "IXZYIYZX": -0.01504686425695307,
        "IYZXIXZY": -0.01504686425695307,
        "IIZXZZZX": 0.012440263831167392,
        "IIYIZZYI": 0.012440263831167392,
        "IIXIZZXI": 0.012440263831167392,
        "IIZYZZZY": 0.012440263831167392,
        "IYIZZYII": -0.011331075053113659,
        "XZZIXIII": -0.011331075053113659,
        "YZZIYIII": -0.011331075053113659,
        "IXIZZXII": -0.011331075053113659,
        "IIYYXXII": -0.010064539962190464,
        "IIXXYYII": -0.010064539962190464,
        "IIXYYXII": 0.010064539962190464,
        "IIYXXYII": 0.010064539962190464,
        "XZXYZYII": -0.007265720370001867,
        "YZYXZXII": -0.007265720370001867,
        "YZYYZYII": -0.007265720370001867,
        "XZXXZXII": -0.007265720370001867,
        "IYYXXIII": 0.007265720370001866,
        "IYXXYIII": -0.007265720370001866,
        "IXXYYIII": 0.007265720370001866,
        "IXYYXIII": -0.007265720370001866,
        "IYXIXZZY": 0.0025771272585156627,
        "YZZXIXYI": 0.0025771272585156627,
        "YZZYIYYI": 0.0025771272585156627,
        "XZZXIXXI": 0.0025771272585156627,
        "XZZYIYXI": 0.0025771272585156627,
        "IYYIYZZY": 0.0025771272585156627,
        "IXXIXZZX": 0.0025771272585156627,
        "IXYIYZZX": 0.0025771272585156627,
        "IIXZXXZX": 0.0017457001601321744,
        "IIYZYYZY": 0.0017457001601321744,
        "IIIXYYXI": 0.0017457001601321744,
        "IIIXXYYI": -0.0017457001601321744,
        "IIIYYXXI": -0.0017457001601321744,
        "IIIYXXYI": 0.0017457001601321744,
        "IIYZYXZX": 0.0017457001601321744,
        "IIXZXYZY": 0.0017457001601321744,
        "IYZYIXZX": -0.0002475169772355948,
        "IXZXIYZY": -0.0002475169772355948,
        "XZXIYZYI": -0.0002475169772355948,
        "YZYIXZXI": -0.0002475169772355948
    },
    "data": {
        "molecule_id": "D2_singlet_Dooh",
        "qubit_encoding": "JW",
        "unit": "Angstrom",
        "basis": "3-21g",
        "charge": 0,
        "multiplicity": 1,