{
    "hamiltonian": {
        "IIIIIIII": 2.9973226932272303,
        "IIIIIIZI": -1.3113945887699574,
        "IIIIIIIZ": -1.3113945887699572,
        "IIIIZIII": -0.7311354527749719,
        "IIIIIZII": -0.7311354527749718,
        "IIZIIIII": -0.4577959159938759,
        "IIIZIIII": -0.4577959159938759,
        "ZIIIIIII": -0.29117628402168316,
        "IZIIIIII": -0.291176284021683,
        "IIIIIIZZ": 0.21093503188028775,
        "IZIIIIZI": 0.19005493050186403,
        "ZIIIIIIZ": 0.19005493050186403,
        "ZZIIIIII": 0.18597531101484055,
        "IZIIIIIZ": 0.15178381449913084,
        "ZIIIIIZI": 0.15178381449913084,
        "IIIIIZZI": 0.1503884821564327,
        "IIIIZIIZ": 0.1503884821564327,
        "IZIIZIII": 0.1469186028379163,
        "ZIIIIZII": 0.1469186028379163,
        "IIIIZIZI": 0.12559189925068462,
        "IIIIIZIZ": 0.12559189925068462,
        "IIIIZZII": 0.1250012907704978,
        "ZIIIZIII": 0.11523556373730325,
        "IZIIIZII": 0.11523556373730325,
        "IIIZIIZI": 0.1150824162189869,
        "IIZIIIIZ": 0.1150824162189869,
        "IZZIIIII": 0.11233927301327695,
        "ZIIZIIII": 0.11233927301327695,
        "IIIZIIIZ": 0.10085667400163084,
        "IIZIIIZI": 0.10085667400163084,
        "IIZZIIII": 0.10026779198629789,
        "IIZIIZII": 0.09911734495450741,
        "IIIZZIII": 0.09911734495450741,
        "YZZZYIII": 0.09682273291599379,
        "XZZZXIII": 0.09682273291599379,
        "IXZZZXII": 0.09682273291599378,
        "IYZZZYII": 0.09682273291599378,
        "IZIZIIII": 0.09602616876010807,
        "ZIZIIIII": 0.09602616876010807,
        "IIIZIZII": 0.08811153759124633,
        "IIZIZIII": 0.08811153759124633,
        "IYZZZYZI": -0.056720466727588265,
        "IXZZZXZI": -0.056720466727588265,
        "XZZZXIIZ": -0.056720466727588265,
        "YZZZYIIZ": -0.056720466727588265,
        "XIZZXIII": -0.04959384372376549,
        "ZYZZZYII": -0.04959384372376549,
        "YIZZYIII": -0.04959384372376549,
        "ZXZZZXII": -0.04959384372376549,
        "IIXZZZXI": -0.0470705433404729,
        "IIYZZZYI": -0.0470705433404729,
        "IIIYZZZY": -0.047070543340472885,
        "IIIXZZZX": -0.047070543340472885,
        "IIYZZZYZ": 0.041289188894974405,
        "IIXZZZXZ": 0.041289188894974405,
        "IIIYZZIY": 0.041289188894974405,
        "IIIXZZIX": 0.041289188894974405,
        "YYIIIIXX": -0.038271116002733176,
        "YXIIIIXY": 0.038271116002733176,
        "XYIIIIYX": 0.038271116002733176,
        "XXIIIIYY": -0.038271116002733176,
        "IZXZZZXI": 0.03586183794589759,
        "ZIIYZZZY": 0.03586183794589759,
        "ZIIXZZZX": 0.03586183794589759,
        "IZYZZZYI": 0.03586183794589759,
        "IXZZIXII": -0.03295839347730932,
        "IYZZIYII": -0.03295839347730932,
        "XZZZXZII": -0.03295839347730932,
        "YZZZYZII": -0.03295839347730932,
        "YXIIXYII": 0.03168303910061306,
        "YYIIXXII": -0.03168303910061306,
        "XYIIYXII": 0.03168303910061306,
        "XXIIYYII": -0.03168303910061306,
        "IYZZXIXY": -0.028493597201975744,
        "IYZZYIYY": -0.028493597201975744,
        "IXZZYIYX": -0.028493597201975744,
        "XZZZZXYY": -0.028493597201975744,
        "YZZZZXXY": 0.028493597201975744,
        "YZZZZYXX": -0.028493597201975744,
        "IXZZXIXX": -0.028493597201975744,
        "XZZZZYYX": 0.028493597201975744,
        "XZZZXIZI": -0.028226869525612517,
        "YZZZYIZI": -0.028226869525612517,
        "IYZZZYIZ": -0.028226869525612517,
        "IXZZZXIZ": -0.028226869525612517,
        "IIYZIZYI": 0.02521541120802828,
        "IIXZIZXI": 0.02521541120802828,
        "IIIXZIZX": 0.02521541120802828,
        "IIIYZIZY": 0.02521541120802828,
        "IIIIXYYX": 0.024796582905748068,
        "IIIIXXYY": -0.024796582905748068,
        "IIIIYYXX": -0.024796582905748068,
        "IIIIYXXY": 0.024796582905748068,
        "IIIYIZZY": 0.02229804913669723,
        "IIXZZIXI": 0.02229804913669723,
        "IIYZZIYI": 0.02229804913669723,
        "IIIXIZZX": 0.02229804913669723,
        "XXIXZZXI": 0.01858258861319564,
        "YYIYZZYI": 0.01858258861319564,
        "YXXZZZZY": -0.01858258861319564,
        "YYXZZZZX": 0.01858258861319564,
        "XXYZZZZY": 0.01858258861319564,
        "XYYZZZZX": -0.01858258861319564,
        "YXIXZZYI": 0.01858258861319564,
        "XYIYZZXI": 0.01858258861319564,
        "XZIZXIII": -0.018409514449609414,
        "IYZIZYII": -0.018409514449609414,
        "IXZIZXII": -0.018409514449609414,
        "YZIZYIII": -0.018409514449609414,
        "ZIXZZZXI": 0.017279249332701946,
        "ZIYZZZYI": 0.017279249332701946,
        "IZIYZZZY": 0.017279249332701946,
        "IZIXZZZX": 0.017279249332701946,
        "IXXIIYYI": 0.01649697927167964,
        "XZZYYZZX": -0.01649697927167964,
        "YZZYXZZX": 0.01649697927167964,
        "IXYIIYXI": -0.01649697927167964,
        "YZZXXZZY": -0.01649697927167964,
        "XZZXYZZY": 0.01649697927167964,
        "IYYIIXXI": 0.01649697927167964,
        "IYXIIXYI": -0.01649697927167964,
        "YXXYIIII": 0.01631310425316888,
        "YYXXIIII": -0.01631310425316888,
        "XXYYIIII": -0.01631310425316888,
        "XYYXIIII": 0.01631310425316888,
        "YZXIXZYI": -0.01592578487655692,
        "XZYIYZXI": -0.01592578487655692,
        "IYZXIXZY": -0.01592578487655692,
        "IXZYIYZX": -0.01592578487655692,
        "IXZXYZYI": -0.015271684747236235,
        "XZXIIXZX": -0.015271684747236235,
        "XZXIIYZY": -0.015271684747236235,
        "IYZYXZXI": -0.015271684747236235,
        "IYZYYZYI": -0.015271684747236235,
        "YZYIIXZX": -0.015271684747236235,
        "YZYIIYZY": -0.015271684747236235,
        "IXZXXZXI": -0.015271684747236235,
        "IXZXIXZX": -0.014700490352113516,
        "XZXIXZXI": -0.014700490352113516,
        "YZYIYZYI": -0.014700490352113516,
        "IYZYIYZY": -0.014700490352113516,
        "IIYXIIXY": 0.014225742217356067,
        "IIYYIIXX": -0.014225742217356067,
        "IIXXIIYY": -0.014225742217356067,
        "IIXYIIYX": 0.014225742217356067,
        "IIYIZZYI": 0.011408964419837249,
        "IIZYZZZY": 0.011408964419837249,
        "IIZXZZZX": 0.011408964419837249,
        "IIXIZZXI": 0.011408964419837249,
        "IIXXYYII": -0.011005807363261092,
        "IIXYYXII": 0.011005807363261092,
        "IIYYXXII": -0.011005807363261092,
        "IIYXXYII": 0.011005807363261092,
        "IYIZZYII": -0.010101350002399236,
        "XZZIXIII": -0.010101350002399236,
        "YZZIYIII": -0.010101350002399236,
        "IXIZZXII": -0.010101350002399236,
        "IYYXXIII": 0.008308164447210177,
        "IXXYYIII": 0.008308164447210177,
        "YZYYZYII": -0.008308164447210177,
        "YZYXZXII": -0.008308164447210177,
        "XZXYZYII": -0.008308164447210177,
        "XZXXZXII": -0.008308164447210177,
        "IYXXYIII": -0.008308164447210177,
        "IXYYXIII": -0.008308164447210177,
        "IIXZXXZX": 0.0029173620713310476,
        "IIIXYYXI": 0.0029173620713310476,
        "IIXZXYZY": 0.0029173620713310476,
        "IIIYYXXI": -0.0029173620713310476,
        "IIIYXXYI": 0.0029173620713310476,
        "IIYZYXZX": 0.0029173620713310476,
        "IIYZYYZY": 0.0029173620713310476,
        "IIIXXYYI": -0.0029173620713310476,
        "YZYIXZXI": 0.0012252945244434015,
        "XZXIYZYI": 0.0012252945244434015,
        "IXZXIYZY": 0.0012252945244434015,
        "IYZYIXZX": 0.0012252945244434015,
        "IYYIYZZY": 0.0005711943951227211,
        "YZZXIXYI": 0.0005711943951227211,
        "XZZXIXXI": 0.0005711943951227211,
        "XZZYIYXI": 0.0005711943951227211,
        "IXYIYZZX": 0.0005711943951227211,
        "IYXIXZZY": 0.0005711943951227211,
        "YZZYIYYI": 0.0005711943951227211,
        "IXXIXZZX": 0.0005711943951227211
    },
    "data": {
        "molecule_id": "D2_singlet_Dooh",
        "qubit_encoding": "JW",
        "unit": "Angstrom",
        "basis": "3-21g",
        "charge": 0,
        "multiplicity": 1,