{
    "hamiltonian": {
        "IIIZ": -0.22273989123651228,
        "IIZI": -0.22273989123651222,
        "IIZZ": 0.17434384143022655,
        "IZII": 0.1711824002751663,
        "ZIII": 0.17118240027516626,
        "ZZII": 0.16861742098065222,
        "ZIIZ": 0.16586268100207213,
        "IZZI": 0.16586268100207213,
        "ZIZI": 0.12053907927200047,
        "IZIZ": 0.12053907927200047,
        "IIII": -0.09899206547328386,
        "YXXY": 0.04532360173007166,
        "YYXX": -0.04532360173007166,
        "XXYY": -0.04532360173007166,
        "XYYX": 0.04532360173007166
    },
    "data": {
        "molecule_id": "D2_singlet_Dooh",
        "qubit_encoding": "JW",
        "unit": "Angstrom",
        "basis": "sto-3g",
        "charge": 0,
        "multiplicity": 1,
        "spin": 0,
        "geometry": "H 0.0000000000 0.0000000000 0.0000000000\nH 0.0000000000 0.0000000000 0.7415000000",
        "n_qubits": 4,
        "n_particles": {
            "total": 2,
            "alpha": 1,
            "beta": 1
        },
        "hf_array": [
            1,
            1,
            0,
            0
        ],
        "hf_method": "pyscf.scf.hf_symm.SymAdaptedRHF",
        "convergence_threshold": 1e-06,
        "point_group": {
            "groupname": "Dooh",
            "topgroup": "Dooh"
        },
        "alpha": 1.0,
        "calculated_properties": {
            "HF": {
                "energy": -1.1166789066339076,
                "converged": true
            },
            "MP2": {
                "energy": -1.129852010972346,
                "converged": null
            },
            "CISD": {
                "energy": -1.1372690760673123,
                "converged": true
            },
            "CCSD": {
                "energy": -1.1372692421807755,
                "converged": true,
                "t1_diagnostic": 1.2272056096641555e-16
            },
            "FCI": {
                "energy": -1.1372690760673128,
                "converged": true,
                "spin_matches_target": true,
                "multiplicity": 1.0,
                "oscillatory_converged": false,
                "oscillation_energy_change": null
            }
        },
        "auxiliary_operators": {
            "number_operator": {
                "IIII": 2.0,
                "ZIII": -0.5,
                "IZII": -0.5,
                "IIZI": -0.5,
                "IIIZ": -0.5
            },
            "N_alpha": {
                "IIII": 1.0,
                "ZIII": -0.5,
                "IIZI": -0.5
            },
            "N_beta": {
                "IIII": 1.0,
                "IZII": -0.5,
                "IIIZ": -0.5
            },
            "S^2_operator": {
                "IIII": 0.75,
                "ZZII": -0.375,
                "IIZZ": -0.375,
                "YXYX": 0.125,
                "YXXY": -0.125,
                "XXYY": 0.125,
                "XXXX": 0.125,
                "YYYY": 0.125,
                "YYXX": 0.125,
                "XYYX": -0.125,
                "XYXY": 0.125,
                "ZIZI": 0.125,
                "ZIIZ": -0.125,
                "IZZI": -0.125,
                "IZIZ": 0.125
            },
            "UCCSD_operator": {
                "XXYX": 0.014196753154608673,
                "YYYX": -0.014196753154608673,
                "YXYY": 0.014196753154608673,
                "XYYY": 0.014196753154608673,
                "YXXX": -0.014196753154608673,
                "XYXX": -0.014196753154608673,
                "XXXY": 0.014196753154608673,
                "YYXY": -0.014196753154608673
            }
        },
        "hf_method_fallback": "standard",
        "generation_time_s": 0.615,
        "timestamp": "2026-03-10T21:59:14.311142+00:00",
        "formula_latex": "$\\mathrm{D_{2}}$"
    }
}