{
    "hamiltonian": {
        "IIII": -0.25089988717380757,
        "IIZZ": 0.16780193712512603,
        "IIIZ": -0.1641350308748948,
        "IIZI": -0.16413503087489478,
        "ZZII": 0.16161116655917004,
        "ZIIZ": 0.15967617824539604,
        "IZZI": 0.15967617824539604,
        "IZII": 0.15037142825461783,
        "ZIII": 0.1503714282546177,
        "ZIZI": 0.11218820593757348,
        "IZIZ": 0.11218820593757348,
        "YXXY": 0.0474879723078226,
        "YYXX": -0.0474879723078226,
        "XXYY": -0.0474879723078226,
        "XYYX": 0.0474879723078226
    },
    "data": {
        "molecule_id": "D2_singlet_Dooh",
        "qubit_encoding": "JW",
        "unit": "Angstrom",
        "basis": "sto-3g",
        "charge": 0,
        "multiplicity": 1,
        "spin": 0,
        "geometry": "H 0.0000000000 0.0000000000 -0.0741500000\nH 0.0000000000 0.0000000000 0.8156500000",
        "n_qubits": 4,
        "n_particles": {
            "total": 2,
            "alpha": 1,
            "beta": 1
        },
        "hf_array": [
            1,
            1,
            0,
            0
        ],
        "hf_method": "pyscf.scf.hf_symm.SymAdaptedRHF",
        "convergence_threshold": 1e-06,
        "point_group": {
            "groupname": "Dooh",
            "topgroup": "Dooh"
        },
        "alpha": 1.2,
        "calculated_properties": {
            "HF": {
                "energy": -1.0942284701144755,
                "converged": true
            },
            "MP2": {
                "energy": -1.1112860583837125,
                "converged": null
            },
            "CISD": {
                "energy": -1.1222840197941208,
                "converged": true
            },
            "CCSD": {
                "energy": -1.1222840197958592,
                "converged": true,
                "t1_diagnostic": 2.5326838730369365e-17
            },
            "FCI": {
                "energy": -1.1222840197941206,
                "converged": true,
                "spin_matches_target": true,
                "multiplicity": 1.0,
                "oscillatory_converged": false,
                "oscillation_energy_change": null
            }
        },
        "auxiliary_operators": {
            "number_operator": {
                "IIII": 2.0,
                "ZIII": -0.5,
                "IZII": -0.5,
                "IIZI": -0.5,
                "IIIZ": -0.5
            },
            "N_alpha": {
                "IIII": 1.0,
                "ZIII": -0.5,
                "IIZI": -0.5
            },
            "N_beta": {
                "IIII": 1.0,
                "IZII": -0.5,
                "IIIZ": -0.5
            },
            "S^2_operator": {
                "IIII": 0.75,
                "ZZII": -0.375,
                "IIZZ": -0.375,
                "YXYX": 0.125,
                "YXXY": -0.125,
                "XXYY": 0.125,
                "XXXX": 0.125,
                "YYYY": 0.125,
                "YYXX": 0.125,
                "XYYX": -0.125,
                "XYXY": 0.125,
                "ZIZI": 0.125,
                "ZIIZ": -0.125,
                "IZZI": -0.125,
                "IZIZ": 0.125
            },
            "UCCSD_operator": {
                "XXYX": 0.018462273391252296,
                "YYYX": -0.018462273391252296,
                "YXYY": 0.018462273391252296,
                "XYYY": 0.018462273391252296,
                "YXXX": -0.018462273391252296,
                "XYXX": -0.018462273391252296,
                "XXXY": 0.018462273391252296,
                "YYXY": -0.018462273391252296
            }
        },
        "hf_method_fallback": "standard",
        "generation_time_s": 0.852,
        "timestamp": "2026-03-10T21:59:15.165640+00:00",
        "formula_latex": "$\\mathrm{D_{2}}$"
    }
}