{
    "hamiltonian": {
        "IIIIIIII": 3.6203098318792657,
        "IIIIIIIZ": -1.5163515632736269,
        "IIIIIIZI": -1.5163515632736269,
        "IIIIIZII": -0.6927648379144865,
        "IIIIZIII": -0.6927648379144865,
        "IIIZIIII": -0.46710342131490623,
        "IIZIIIII": -0.4671034213149061,
        "IZIIIIII": -0.2788138729825809,
        "ZIIIIIII": -0.27881387298258076,
        "IIIIIIZZ": 0.2269082981338859,
        "IZIIIIZI": 0.20742956041755634,
        "ZIIIIIIZ": 0.20742956041755634,
        "ZZIIIIII": 0.20475163661812026,
        "IZIIIIIZ": 0.16603430526389745,
        "ZIIIIIZI": 0.16603430526389745,
        "IIIIIZZI": 0.15096751427601762,
        "IIIIZIIZ": 0.15096751427601762,
        "ZIIIIZII": 0.14971056403842514,
        "IZIIZIII": 0.14971056403842514,
        "IIIIZIZI": 0.13225316253851163,
        "IIIIIZIZ": 0.13225316253851163,
        "IIIIZZII": 0.1218409646573699,
        "ZIIIZIII": 0.1175290261907264,
        "IZIIIZII": 0.1175290261907264,
        "IIIZIIZI": 0.11385061669346153,
        "IIZIIIIZ": 0.11385061669346153,
        "ZIIZIIII": 0.11148382141511542,
        "IZZIIIII": 0.11148382141511542,
        "IIZIIIZI": 0.10193252765479593,
        "IIIZIIIZ": 0.10193252765479593,
        "IIZZIIII": 0.09930714548896204,
        "IZIZIIII": 0.09872282880944926,
        "ZIZIIIII": 0.09872282880944926,
        "IIZIIZII": 0.09768808716883462,
        "IIIZZIII": 0.09768808716883462,
        "XZZZXIII": -0.09481879114709031,
        "YZZZYIII": -0.09481879114709031,
        "IYZZZYII": -0.09481879114709028,
        "IXZZZXII": -0.09481879114709028,
        "IIZIZIII": 0.08453047819305463,
        "IIIZIZII": 0.08453047819305463,
        "YZZZYIIZ": 0.05923534975352351,
        "XZZZXIIZ": 0.05923534975352351,
        "IYZZZYZI": 0.05923534975352351,
        "IXZZZXZI": 0.05923534975352351,
        "ZYZZZYII": 0.05423004698380022,
        "XIZZXIII": 0.05423004698380022,
        "YIZZYIII": 0.05423004698380022,
        "ZXZZZXII": 0.05423004698380022,
        "XXIIIIYY": -0.041395255153658855,
        "YYIIIIXX": -0.041395255153658855,
        "YXIIIIXY": 0.041395255153658855,
        "XYIIIIYX": 0.041395255153658855,
        "IIIYZZIY": 0.03935674326152375,
        "IIYZZZYZ": 0.03935674326152375,
        "IIIXZZIX": 0.03935674326152375,
        "IIXZZZXZ": 0.03935674326152375,
        "IIIYZZZY": -0.038063210107033146,
        "IIIXZZZX": -0.038063210107033146,
        "IIYZZZYI": -0.03806321010703313,
        "IIXZZZXI": -0.03806321010703313,
        "IZYZZZYI": 0.03516221331618736,
        "IZXZZZXI": 0.03516221331618736,
        "ZIIYZZZY": 0.03516221331618736,
        "ZIIXZZZX": 0.03516221331618736,
        "XZZZXIZI": 0.03380450617025966,
        "YZZZYIZI": 0.03380450617025966,
        "IXZZZXIZ": 0.03380450617025966,
        "IYZZZYIZ": 0.03380450617025966,
        "YXIIXYII": 0.032181537847698755,
        "YYIIXXII": -0.032181537847698755,
        "XYIIYXII": 0.032181537847698755,
        "XXIIYYII": -0.032181537847698755,
        "IYZZIYII": 0.030708636233286325,
        "IXZZIXII": 0.030708636233286325,
        "YZZZYZII": 0.030708636233286322,
        "XZZZXZII": 0.030708636233286322,
        "IXZZYIYX": 0.02543084358326385,
        "IXZZXIXX": 0.02543084358326385,
        "IYZZYIYY": 0.02543084358326385,
        "IYZZXIXY": 0.02543084358326385,
        "XZZZZYYX": -0.02543084358326385,
        "XZZZZXYY": 0.02543084358326385,
        "YZZZZYXX": 0.02543084358326385,
        "YZZZZXXY": -0.02543084358326385,
        "IIXZIZXI": 0.02320940260015336,
        "IIYZIZYI": 0.02320940260015336,
        "IIIXZIZX": 0.02320940260015336,
        "IIIYZIZY": 0.02320940260015336,
        "IIYZZIYI": 0.0190661387301012,
        "IIIYIZZY": 0.0190661387301012,
        "IIIXIZZX": 0.0190661387301012,
        "IIXZZIXI": 0.0190661387301012,
        "IIIIYXXY": 0.018714351737506,
        "IIIIYYXX": -0.018714351737506,
        "IIIIXXYY": -0.018714351737506,
        "IIIIXYYX": 0.018714351737506,
        "ZIXZZZXI": 0.018143302006748255,
        "ZIYZZZYI": 0.018143302006748255,
        "IZIXZZZX": 0.018143302006748255,
        "IZIYZZZY": 0.018143302006748255,
        "XZIZXIII": 0.017355114471586313,
        "IXZIZXII": 0.017355114471586313,
        "IYZIZYII": 0.017355114471586313,
        "YZIZYIII": 0.017355114471586313,
        "YYXZZZZX": 0.017018911309439104,
        "YXXZZZZY": -0.017018911309439104,
        "XYIYZZXI": 0.017018911309439104,
        "XXIXZZXI": 0.017018911309439104,
        "XYYZZZZX": -0.017018911309439104,
        "YYIYZZYI": 0.017018911309439104,
        "YXIXZZYI": 0.017018911309439104,
        "XXYZZZZY": 0.017018911309439104,
        "YZXIXZYI": 0.016966296336132648,
        "IYZXIXZY": 0.016966296336132648,
        "IXZYIYZX": 0.016966296336132648,
        "XZYIYZXI": 0.016966296336132648,
        "XZZXYZZY": -0.014028592249396225,
        "XZZYYZZX": 0.014028592249396225,
        "YZZYXZZX": -0.014028592249396225,
        "YZZXXZZY": 0.014028592249396225,
        "IYXIIXYI": 0.014028592249396225,
        "IXXIIYYI": -0.014028592249396225,
        "IXYIIYXI": 0.014028592249396225,
        "IYYIIXXI": -0.014028592249396225,
        "IYZYIYZY": 0.01365469776600863,
        "YZYIYZYI": 0.01365469776600863,
        "IXZXIXZX": 0.01365469776600863,
        "XZXIXZXI": 0.01365469776600863,
        "IIYYXXII": -0.013157608975779968,
        "IIXYYXII": 0.013157608975779968,
        "IIXXYYII": -0.013157608975779968,
        "IIYXXYII": 0.013157608975779968,
        "YXXYIIII": 0.01276099260566618,
        "XYYXIIII": 0.01276099260566618,
        "XXYYIIII": -0.01276099260566618,
        "YYXXIIII": -0.01276099260566618,
        "IIXXIIYY": -0.011918089038665591,
        "IIYXIIXY": 0.011918089038665591,
        "IIYYIIXX": -0.011918089038665591,
        "IIXYIIYX": 0.011918089038665591,
        "XZXIIYZY": 0.010716993679272207,
        "XZXIIXZX": 0.010716993679272207,
        "IYZYYZYI": 0.010716993679272207,
        "IXZXXZXI": 0.010716993679272207,
        "YZYIIXZX": 0.010716993679272207,
        "YZYIIYZY": 0.010716993679272207,
        "IXZXYZYI": 0.010716993679272207,
        "IYZYXZXI": 0.010716993679272207,
        "IIZYZZZY": 0.00973633028484193,
        "IIXIZZXI": 0.00973633028484193,
        "IIZXZZZX": 0.00973633028484193,
        "IIYIZZYI": 0.00973633028484193,
        "IYYXXIII": -0.009409761366792864,
        "YZYYZYII": 0.009409761366792864,
        "YZYXZXII": 0.009409761366792864,
        "XZXYZYII": 0.009409761366792864,
        "XZXXZXII": 0.009409761366792864,
        "IXYYXIII": 0.009409761366792864,
        "IXXYYIII": -0.009409761366792864,
        "IYXXYIII": 0.009409761366792864,
        "IXIZZXII": 0.00794535310479345,
        "YZZIYIII": 0.00794535310479345,
        "XZZIXIII": 0.00794535310479345,
        "IYIZZYII": 0.00794535310479345,
        "IIYZYYZY": 0.004143263870052161,
        "IIIXYYXI": 0.004143263870052161,
        "IIYZYXZX": 0.004143263870052161,
        "IIIYYXXI": -0.004143263870052161,
        "IIIYXXYI": 0.004143263870052161,
        "IIXZXYZY": 0.004143263870052161,
        "IIXZXXZX": 0.004143263870052161,
        "IIIXXYYI": -0.004143263870052161,
        "YZYIXZXI": -0.003311598570124018,
        "XZXIYZYI": -0.003311598570124018,
        "IXZXIYZY": -0.003311598570124018,
        "IYZYIXZX": -0.003311598570124018,
        "IXYIYZZX": 0.0029377040867364225,
        "YZZXIXYI": 0.0029377040867364225,
        "YZZYIYYI": 0.0029377040867364225,
        "XZZXIXXI": 0.0029377040867364225,
        "XZZYIYXI": 0.0029377040867364225,
        "IYXIXZZY": 0.0029377040867364225,
        "IYYIYZZY": 0.0029377040867364225,
        "IXXIXZZX": 0.0029377040867364225
    },
    "data": {
        "molecule_id": "D2_singlet_Dooh",
        "qubit_encoding": "JW",
        "unit": "Angstrom",
        "basis": "3-21g",
        "charge": 0,
        "multiplicity": 1,
        "spin": 0,