{
    "hamiltonian": {
        "IIIIIIII": 2.2512754067862537,
        "IIIIIIIZ": -0.9055512796127272,
        "IIIIIIZI": -0.9055512796127272,
        "IIIIIZII": -0.8639459931536597,
        "IIIIZIII": -0.8639459931536597,
        "IIZIIIII": -0.3186269399230998,
        "IIIZIIII": -0.3186269399230998,
        "ZIIIIIII": -0.27587543250777147,
        "IZIIIIII": -0.27587543250777136,
        "IIIIZZII": 0.1294337467657829,
        "IIIIIZZI": 0.12379495922477163,
        "IIIIZIIZ": 0.12379495922477163,
        "IIIIIIZZ": 0.11987249229082085,
        "IIIZZIII": 0.11065558191438489,
        "IIZIIZII": 0.11065558191438489,
        "IZIIZIII": 0.10967664696761664,
        "ZIIIIZII": 0.10967664696761664,
        "IIZIIIIZ": 0.10691280777687828,
        "IIIZIIZI": 0.10691280777687828,
        "IZIIIIZI": 0.10465755525484713,
        "ZIIIIIIZ": 0.10465755525484713,
        "IIZZIIII": 0.10412119353070184,
        "ZZIIIIII": 0.10339742859928082,
        "IZZIIIII": 0.10275277762818083,
        "ZIIZIIII": 0.10275277762818083,
        "IZIIIZII": 0.09138543893661744,
        "ZIIIZIII": 0.09138543893661744,
        "IIZIZIII": 0.08886877484528094,
        "IIIZIZII": 0.08886877484528094,
        "ZIIIIIZI": 0.08850041646776581,
        "IZIIIIIZ": 0.08850041646776581,
        "IIZIIIZI": 0.0872367275832585,
        "IIIZIIIZ": 0.0872367275832585,
        "IIIIYXXY": 0.06703810574703646,
        "IIIIYYXX": -0.06703810574703646,
        "IIIIXXYY": -0.06703810574703646,
        "IIIIXYYX": 0.06703810574703646,
        "XZZZXIII": 0.06264375164373077,
        "YZZZYIII": 0.06264375164373077,
        "IXZZZXII": 0.06264375164373077,
        "IYZZZYII": 0.06264375164373077,
        "IIYZZZYI": 0.06106708660470894,
        "IIXZZZXI": 0.06106708660470894,
        "IIIXZZZX": 0.061067086604708935,
        "IIIYZZZY": 0.061067086604708935,
        "IZIZIIII": 0.057693927060675866,
        "ZIZIIIII": 0.057693927060675866,
        "IIIIZIZI": 0.056756853477735174,
        "IIIIIZIZ": 0.056756853477735174,
        "IXZXYZYI": 0.050279088934827715,
        "XZXIIXZX": 0.050279088934827715,
        "XZXIIYZY": 0.050279088934827715,
        "YZYIIXZX": 0.050279088934827715,
        "YZYIIYZY": 0.050279088934827715,
        "IYZYXZXI": 0.050279088934827715,
        "IYZYYZYI": 0.050279088934827715,
        "IXZXXZXI": 0.050279088934827715,
        "XYYXIIII": 0.045058850567504964,
        "XXYYIIII": -0.045058850567504964,
        "YYXXIIII": -0.045058850567504964,
        "YXXYIIII": 0.045058850567504964,
        "IIXZZIXI": -0.03371177223776635,
        "IIIXIZZX": -0.03371177223776635,
        "IIIYIZZY": -0.03371177223776635,
        "IIYZZIYI": -0.03371177223776635,
        "IIIYXXYI": 0.03370237339222001,
        "IIXZXXZX": 0.03370237339222001,
        "IIXZXYZY": 0.03370237339222001,
        "IIYZYXZX": 0.03370237339222001,
        "IIIYYXXI": -0.03370237339222001,
        "IIYZYYZY": 0.03370237339222001,
        "IIIXYYXI": 0.03370237339222001,
        "IIIXXYYI": -0.03370237339222001,
        "IXZXIYZY": 0.032160052123442154,
        "XZXIYZYI": 0.032160052123442154,
        "YZYIXZXI": 0.032160052123442154,
        "IYZYIXZX": 0.032160052123442154,
        "IXZXIXZX": 0.03187296140596751,
        "XZXIXZXI": 0.03187296140596751,
        "YZYIYZYI": 0.03187296140596751,
        "IYZYIYZY": 0.03187296140596751,
        "IIXZZZXZ": -0.03114659358973585,
        "IIIYZZIY": -0.03114659358973585,
        "IIYZZZYZ": -0.03114659358973585,
        "IIIXZZIX": -0.03114659358973585,
        "IXZZIXII": -0.030003015574737585,
        "IYZZIYII": -0.030003015574737585,
        "YZZZYZII": -0.030003015574737585,
        "XZZZXZII": -0.030003015574737585,
        "YZZZYIIZ": -0.02901437014847876,
        "IYZZZYZI": -0.02901437014847876,
        "IXZZZXZI": -0.02901437014847876,
        "XZZZXIIZ": -0.02901437014847876,
        "IYZZXIXY": -0.026155040649415005,
        "IYZZYIYY": -0.026155040649415005,
        "IXZZXIXX": -0.026155040649415005,
        "IXZZYIYX": -0.026155040649415005,
        "YZZZZXXY": 0.026155040649415,
        "XZZZZYYX": 0.026155040649415,
        "YZZZZYXX": -0.026155040649415,
        "XZZZZXYY": -0.026155040649415,
        "IYYXXIII": -0.02281500395454321,
        "IXYYXIII": 0.02281500395454321,
        "IYXXYIII": 0.02281500395454321,
        "IXXYYIII": -0.02281500395454321,
        "YZYYZYII": 0.02281500395454321,
        "YZYXZXII": 0.02281500395454321,
        "XZXYZYII": 0.02281500395454321,
        "XZXXZXII": 0.02281500395454321,
        "IIXIZZXI": -0.02238518204901514,
        "IIZYZZZY": -0.02238518204901514,
        "IIZXZZZX": -0.02238518204901514,
        "IIYIZZYI": -0.02238518204901514,
        "IIYYXXII": -0.021786807069103957,
        "IIXYYXII": 0.021786807069103957,
        "IIXXYYII": -0.021786807069103957,
        "IIYXXYII": 0.021786807069103957,
        "IZYZZZYI": -0.0211858599573046,
        "ZIIYZZZY": -0.0211858599573046,
        "IZXZZZXI": -0.0211858599573046,
        "ZIIXZZZX": -0.0211858599573046,
        "XZZIXIII": -0.02073585876431213,
        "YZZIYIII": -0.02073585876431213,
        "IXIZZXII": -0.02073585876431213,
        "IYIZZYII": -0.02073585876431213,
        "IIYXIIXY": 0.01967608019361979,
        "IIYYIIXX": -0.01967608019361979,
        "IIXXIIYY": -0.01967608019361979,
        "IIXYIIYX": 0.01967608019361979,
        "YZZXIXYI": -0.018406127528860197,
        "YZZYIYYI": -0.018406127528860197,
        "IXYIYZZX": -0.018406127528860197,
        "XZZXIXXI": -0.018406127528860197,
        "XZZYIYXI": -0.018406127528860197,
        "IXXIXZZX": -0.018406127528860197,
        "IYYIYZZY": -0.018406127528860197,
        "IYXIXZZY": -0.018406127528860197,
        "YXIIXYII": 0.018291208030999203,
        "XYIIYXII": 0.018291208030999203,
        "XXIIYYII": -0.018291208030999203,
        "YYIIXXII": -0.018291208030999203,
        "IXXIIYYI": -0.018119036811385547,
        "IXYIIYXI": 0.018119036811385547,
        "IYYIIXXI": -0.018119036811385547,
        "YZZYXZZX": -0.018119036811385547,
        "YZZXXZZY": 0.018119036811385547,
        "IYXIIXYI": 0.018119036811385547,
        "XZZXYZZY": -0.018119036811385547,
        "XZZYYZZX": 0.018119036811385547,
        "YIZZYIII": -0.017889688569004823,
        "ZYZZZYII": -0.017889688569004823,
        "ZXZZZXII": -0.017889688569004823,
        "XIZZXIII": -0.017889688569004823,
        "XXYZZZZY": -0.016185860586968217,
        "XYYZZZZX": 0.016185860586968217,
        "YYIYZZYI": -0.016185860586968217,
        "YYXZZZZX": -0.016185860586968217,
        "XYIYZZXI": -0.016185860586968217,
        "XXIXZZXI": -0.016185860586968217,
        "YXIXZZYI": -0.016185860586968217,
        "YXXZZZZY": 0.016185860586968217,
        "XYIIIIYX": 0.01615713878708133,
        "XXIIIIYY": -0.01615713878708133,
        "YYIIIIXX": -0.01615713878708133,
        "YXIIIIXY": 0.01615713878708133,
        "IZIXZZZX": -0.004999999370336389,
        "ZIXZZZXI": -0.004999999370336389,
        "ZIYZZZYI": -0.004999999370336389,
        "IZIYZZZY": -0.004999999370336389,
        "IYZZZYIZ": -0.002859329499063757,
        "XZZZXIZI": -0.002859329499063757,
        "YZZZYIZI": -0.002859329499063757,
        "IXZZZXIZ": -0.002859329499063757,
        "XZIZXIII": 0.002079145190231075,
        "IYZIZYII": 0.002079145190231075,
        "IXZIZXII": 0.002079145190231075,
        "YZIZYIII": 0.002079145190231075,
        "YZXIXZYI": -0.000287090717474652,
        "XZYIYZXI": -0.000287090717474652,
        "IYZXIXZY": -0.000287090717474652,
        "IXZYIYZX": -0.000287090717474652,
        "IIIXZIZX": -9.398845546342016e-06,
        "IIXZIZXI": -9.398845546342016e-06,
        "IIYZIZYI": -9.398845546342016e-06,
        "IIIYZIZY": -9.398845546342016e-06
    },
    "data": {
        "molecule_id": "D2_singlet_Dooh",
        "qubit_encoding": "JW",
        "unit": "Angstrom",
        "basis": "3-21g",
        "charge": 0,
        "multiplicity": 1,
        "spin": 0,