{
    "hamiltonian": {
        "IIII": -0.4890618220224613,
        "IIZZ": 0.1463594231031926,
        "ZIIZ": 0.14035093052957623,
        "IZZI": 0.14035093052957623,
        "ZZII": 0.13866753013428687,
        "ZIII": 0.09461056796285723,
        "IZII": 0.09461056796285722,
        "ZIZI": 0.08324152361109236,
        "IZIZ": 0.08324152361109236,
        "YXXY": 0.05710940691848387,
        "YYXX": -0.05710940691848387,
        "XXYY": -0.05710940691848387,
        "XYYX": 0.05710940691848387,
        "IIZI": -0.03777115382027289,
        "IIIZ": -0.037771153820272886
    },
    "data": {
        "molecule_id": "D2_singlet_Dooh",
        "qubit_encoding": "JW",
        "unit": "Angstrom",
        "basis": "sto-3g",
        "charge": 0,
        "multiplicity": 1,
        "spin": 0,
        "geometry": "H 0.0000000000 0.0000000000 -0.3707500000\nH 0.0000000000 0.0000000000 1.1122500000",
        "n_qubits": 4,
        "n_particles": {
            "total": 2,
            "alpha": 1,
            "beta": 1
        },
        "hf_array": [
            1,
            1,
            0,
            0
        ],
        "hf_method": "pyscf.scf.hf_symm.SymAdaptedRHF",
        "convergence_threshold": 1e-06,
        "point_group": {
            "groupname": "Dooh",
            "topgroup": "Dooh"
        },
        "alpha": 2.0,
        "calculated_properties": {
            "HF": {
                "energy": -0.9159832206325798,
                "converged": true
            },
            "MP2": {
                "energy": -0.9602758523583457,
                "converged": null
            },
            "CISD": {
                "energy": -1.0009102556132194,
                "converged": true
            },
            "CCSD": {
                "energy": -1.0009102558114211,
                "converged": true,
                "t1_diagnostic": 5.3567301367280696e-17
            },
            "FCI": {
                "energy": -1.0009102556132192,
                "converged": true,
                "spin_matches_target": true,
                "multiplicity": 1.0,
                "oscillatory_converged": false,
                "oscillation_energy_change": null
            }
        },
        "auxiliary_operators": {
            "number_operator": {
                "IIII": 2.0,
                "ZIII": -0.5,
                "IZII": -0.5,
                "IIZI": -0.5,
                "IIIZ": -0.5
            },
            "N_alpha": {
                "IIII": 1.0,
                "ZIII": -0.5,
                "IIZI": -0.5
            },
            "N_beta": {
                "IIII": 1.0,
                "IZII": -0.5,
                "IIIZ": -0.5
            },
            "S^2_operator": {
                "IIII": 0.75,
                "ZZII": -0.375,
                "IIZZ": -0.375,
                "YXYX": 0.125,
                "YXXY": -0.125,
                "XXYY": 0.125,
                "XXXX": 0.125,
                "YYYY": 0.125,
                "YYXX": 0.125,
                "XYYX": -0.125,
                "XYXY": 0.125,
                "ZIZI": 0.125,
                "ZIIZ": -0.125,
                "IZZI": -0.125,
                "IZIZ": 0.125
            },
            "UCCSD_operator": {
                "XXYX": 0.0464716759031832,
                "YYYX": -0.0464716759031832,
                "YXYY": 0.0464716759031832,
                "XYYY": 0.0464716759031832,
                "YXXX": -0.0464716759031832,
                "XYXX": -0.0464716759031832,
                "XXXY": 0.0464716759031832,
                "YYXY": -0.0464716759031832
            }
        },
        "hf_method_fallback": "standard",
        "generation_time_s": 0.591,
        "timestamp": "2026-03-10T21:59:16.614669+00:00",
        "formula_latex": "$\\mathrm{D_{2}}$"
    }
}