{
    "hamiltonian": {
        "IIIIIIII": 2.5798394452578797,
        "IIIIIIIZ": -1.1216936839316003,
        "IIIIIIZI": -1.1216936839316003,
        "IIIIIZII": -0.788922955762052,
        "IIIIZIII": -0.7889229557620518,
        "IIZIIIII": -0.4406042506113363,
        "IIIZIIII": -0.4406042506113363,
        "IZIIIIII": -0.2988662894672397,
        "ZIIIIIII": -0.29886628946723964,
        "IIIIIIZZ": 0.18695152012437333,
        "ZIIIIIIZ": 0.16676198420608623,
        "IZIIIIZI": 0.16676198420608623,
        "ZZIIIIII": 0.16305854616945728,
        "IIIIZIIZ": 0.14651512029256372,
        "IIIIIZZI": 0.14651512029256372,
        "ZIIIIZII": 0.14014995310919898,
        "IZIIZIII": 0.14014995310919898,
        "ZIIIIIZI": 0.13399182855067263,
        "IZIIIIIZ": 0.13399182855067263,
        "IIIIZZII": 0.1267445142967288,
        "IIZIIIIZ": 0.1169428946483499,
        "IIIZIIZI": 0.1169428946483499,
        "IZZIIIII": 0.11389394809929376,
        "ZIIZIIII": 0.11389394809929376,
        "IZIIIZII": 0.11160628705535662,
        "ZIIIZIII": 0.11160628705535662,
        "IIIIZIZI": 0.11113215891062592,
        "IIIIIZIZ": 0.11113215891062592,
        "IIZZIIII": 0.10254684133585282,
        "IIZIIZII": 0.10229424598826355,
        "IIIZZIII": 0.10229424598826355,
        "IIIZIIIZ": 0.09899855533682336,
        "IIZIIIZI": 0.09899855533682336,
        "YZZZYIII": 0.09380110115502457,
        "XZZZXIII": 0.09380110115502457,
        "IYZZZYII": 0.09380110115502456,
        "IXZZZXII": 0.09380110115502456,
        "IIIZIZII": 0.0934500730485491,
        "IIZIZIII": 0.0934500730485491,
        "ZIZIIIII": 0.0916085647158223,
        "IZIZIIII": 0.0916085647158223,
        "IIXZZZXI": -0.057971050896041584,
        "IIYZZZYI": -0.057971050896041584,
        "IIIYZZZY": -0.057971050896041584,
        "IIIXZZZX": -0.057971050896041584,
        "IYZZZYZI": -0.0508216105590123,
        "YZZZYIIZ": -0.0508216105590123,
        "XZZZXIIZ": -0.0508216105590123,
        "IXZZZXZI": -0.0508216105590123,
        "IIYZZZYZ": 0.04262881634886822,
        "IIXZZZXZ": 0.04262881634886822,
        "IIIYZZIY": 0.04262881634886821,
        "IIIXZZIX": 0.04262881634886821,
        "ZYZZZYII": -0.041606105627885914,
        "XIZZXIII": -0.041606105627885914,
        "YIZZYIII": -0.041606105627885914,
        "ZXZZZXII": -0.041606105627885914,
        "IZXZZZXI": 0.035861967891672196,
        "ZIIXZZZX": 0.035861967891672196,
        "ZIIYZZZY": 0.035861967891672196,
        "IZYZZZYI": 0.035861967891672196,
        "IIIIYYXX": -0.03538296138193781,
        "IIIIXXYY": -0.03538296138193781,
        "IIIIXYYX": 0.03538296138193781,
        "IIIIYXXY": 0.03538296138193781,
        "IXZZIXII": -0.03317370276940232,
        "YZZZYZII": -0.03317370276940232,
        "XZZZXZII": -0.03317370276940232,
        "IYZZIYII": -0.03317370276940232,
        "YYIIIIXX": -0.032770155655413614,
        "YXIIIIXY": 0.032770155655413614,
        "XYIIIIYX": 0.032770155655413614,
        "XXIIIIYY": -0.032770155655413614,
        "XZZZZXYY": -0.03141815218164764,
        "YZZZZYXX": -0.03141815218164764,
        "YZZZZXXY": 0.03141815218164764,
        "IXZZYIYX": -0.03141815218164764,
        "IYZZYIYY": -0.03141815218164764,
        "IXZZXIXX": -0.03141815218164764,
        "XZZZZYYX": 0.03141815218164764,
        "IYZZXIXY": -0.03141815218164764,
        "YXIIXYII": 0.028543666053842377,
        "YYIIXXII": -0.028543666053842377,
        "XXIIYYII": -0.028543666053842377,
        "XYIIYXII": 0.028543666053842377,
        "IIIXIZZX": 0.027077529510456784,
        "IIYZZIYI": 0.027077529510456784,
        "IIXZZIXI": 0.027077529510456784,
        "IIIYIZZY": 0.027077529510456784,
        "IIYZIZYI": 0.025235956016349405,
        "IIXZIZXI": 0.025235956016349405,
        "IIIXZIZX": 0.025235956016349405,
        "IIIYZIZY": 0.025235956016349405,
        "IYZYXZXI": -0.023353067999789253,
        "IXZXYZYI": -0.023353067999789253,
        "YZYIIYZY": -0.023353067999789253,
        "XZXIIYZY": -0.023353067999789253,
        "XZXIIXZX": -0.023353067999789253,
        "IYZYYZYI": -0.023353067999789253,
        "YZYIIXZX": -0.023353067999789253,
        "IXZXXZXI": -0.023353067999789253,
        "XXYYIIII": -0.022285383383471465,
        "XYYXIIII": 0.022285383383471465,
        "YXXYIIII": 0.022285383383471465,
        "YYXXIIII": -0.022285383383471465,
        "XYYZZZZX": -0.020025481286111757,
        "XXIXZZXI": 0.020025481286111757,
        "XYIYZZXI": 0.020025481286111757,
        "YXXZZZZY": -0.020025481286111757,
        "YXIXZZYI": 0.020025481286111757,
        "YYXZZZZX": 0.020025481286111757,
        "XXYZZZZY": 0.020025481286111757,
        "YYIYZZYI": 0.020025481286111757,
        "IXXIIYYI": 0.019404281100320435,
        "IXYIIYXI": -0.019404281100320435,
        "IYYIIXXI": 0.019404281100320435,
        "IYXIIXYI": -0.019404281100320435,
        "YZZYXZZX": 0.019404281100320435,
        "XZZXYZZY": 0.019404281100320435,
        "XZZYYZZX": -0.019404281100320435,
        "YZZXXZZY": -0.019404281100320435,
        "IYZZZYIZ": -0.01940345837736466,
        "IXZZZXIZ": -0.01940345837736466,
        "YZZZYIZI": -0.01940345837736466,
        "XZZZXIZI": -0.01940345837736466,
        "IXZIZXII": -0.018084122660649626,
        "IYZIZYII": -0.018084122660649626,
        "YZIZYIII": -0.018084122660649626,
        "XZIZXIII": -0.018084122660649626,
        "IIXYIIYX": 0.01794433931152653,
        "IIXXIIYY": -0.01794433931152653,
        "IIYYIIXX": -0.01794433931152653,
        "IIYXIIXY": 0.01794433931152653,
        "IXZXIXZX": -0.016595781206115684,
        "IYZYIYZY": -0.016595781206115684,
        "YZYIYZYI": -0.016595781206115684,
        "XZXIXZXI": -0.016595781206115684,
        "ZIXZZZXI": 0.01583648660556044,
        "ZIYZZZYI": 0.01583648660556044,
        "IZIXZZZX": 0.01583648660556044,
        "IZIYZZZY": 0.01583648660556044,
        "IIZYZZZY": 0.014727166244243087,
        "IIZXZZZX": 0.014727166244243087,
        "IIXIZZXI": 0.014727166244243087,
        "IIYIZZYI": 0.014727166244243087,
        "YZZIYIII": -0.013924355191529549,
        "XZZIXIII": -0.013924355191529549,
        "IYIZZYII": -0.013924355191529549,
        "IXIZZXII": -0.013924355191529549,
        "IXZYIYZX": -0.012646994306646868,
        "IYZXIXZY": -0.012646994306646868,
        "XZYIYZXI": -0.012646994306646868,
        "YZXIXZYI": -0.012646994306646868,
        "IIXXYYII": -0.008844172939714444,
        "IIYXXYII": 0.008844172939714444,
        "IIYYXXII": -0.008844172939714444,
        "IIXYYXII": 0.008844172939714444,
        "IXXIXZZX": 0.006757286793673571,
        "IXYIYZZX": 0.006757286793673571,
        "YZZXIXYI": 0.006757286793673571,
        "YZZYIYYI": 0.006757286793673571,
        "XZZXIXXI": 0.006757286793673571,
        "XZZYIYXI": 0.006757286793673571,
        "IYYIYZZY": 0.006757286793673571,
        "IYXIXZZY": 0.006757286793673571,
        "IXXYYIII": 0.004159767469120078,
        "YZYYZYII": -0.004159767469120078,
        "YZYXZXII": -0.004159767469120078,
        "XZXYZYII": -0.004159767469120078,
        "XZXXZXII": -0.004159767469120078,
        "IYXXYIII": -0.004159767469120078,
        "IYYXXIII": 0.004159767469120078,
        "IXYYXIII": -0.004159767469120078,
        "IYZYIXZX": -0.003948786899468817,
        "IXZXIYZY": -0.003948786899468817,
        "XZXIYZYI": -0.003948786899468817,
        "YZYIXZXI": -0.003948786899468817,
        "IIIXYYXI": -0.0018415734941073748,
        "IIIXXYYI": 0.0018415734941073748,
        "IIIYYXXI": 0.0018415734941073748,
        "IIIYXXYI": -0.0018415734941073748,
        "IIYZYYZY": -0.0018415734941073748,
        "IIYZYXZX": -0.0018415734941073748,
        "IIXZXXZX": -0.0018415734941073748,
        "IIXZXYZY": -0.0018415734941073748
    },
    "data": {
        "molecule_id": "D2_singlet_Dooh",
        "qubit_encoding": "JW",
        "unit": "Angstrom",
        "basis": "3-21g",
        "charge": 0,
        "multiplicity": 1,