{
    "hamiltonian": {
        "IIIIIIII": 2.363971198033322,
        "IIIIIIIZ": -0.9323318646006167,
        "IIIIIIZI": -0.9323318646006167,
        "IIIIZIII": -0.9056939841955719,
        "IIIIIZII": -0.9056939841955718,
        "IIZIIIII": -0.3740944815060115,
        "IIIZIIII": -0.3740944815060115,
        "IZIIIIII": -0.2931696479496987,
        "ZIIIIIII": -0.2931696479496986,
        "IIIIIIZZ": 0.13399938663720498,
        "IIIIZZII": 0.13273033572398077,
        "IIIIIZZI": 0.13234911815418848,
        "IIIIZIIZ": 0.13234911815418848,
        "ZIIIIIIZ": 0.1217524201923594,
        "IZIIIIZI": 0.1217524201923594,
        "ZZIIIIII": 0.12168835721306523,
        "ZIIIIZII": 0.12008001169063759,
        "IZIIZIII": 0.12008001169063759,
        "IIZIIIIZ": 0.1138380659444634,
        "IIIZIIZI": 0.1138380659444634,
        "IIZIIZII": 0.1136727232653534,
        "IIIZZIII": 0.1136727232653534,
        "IZZIIIII": 0.11127662610497639,
        "ZIIZIIII": 0.11127662610497639,
        "IIZZIIII": 0.10818661331384831,
        "ZIIIIIZI": 0.1027868341263184,
        "IZIIIIIZ": 0.1027868341263184,
        "ZIIIZIII": 0.10079215764378563,
        "IZIIIZII": 0.10079215764378563,
        "IIZIIIZI": 0.0963267103128924,
        "IIIZIIIZ": 0.0963267103128924,
        "IIIZIZII": 0.0920447858535552,
        "IIZIZIII": 0.0920447858535552,
        "ZIZIIIII": 0.07455448715206543,
        "IZIZIIII": 0.07455448715206543,
        "IIIIIZIZ": 0.07394252624135492,
        "IIIIZIZI": 0.07394252624135492,
        "XZZZZZXI": 0.06975495652008379,
        "YZZZZZYI": 0.06975495652008379,
        "IXZZZZZX": 0.06975495652008379,
        "IYZZZZZY": 0.06975495652008379,
        "IIXZXIII": -0.06347364436592005,
        "IIIXZXII": -0.06347364436592005,
        "IIIYZYII": -0.06347364436592005,
        "IIYZYIII": -0.06347364436592005,
        "IIIIXYYX": 0.05840659191283355,
        "IIIIXXYY": -0.05840659191283355,
        "IIIIYYXX": -0.05840659191283355,
        "IIIIYXXY": 0.05840659191283355,
        "IYZYYZYI": -0.041929853688529764,
        "XZXIIXZX": -0.041929853688529764,
        "XZXIIYZY": -0.041929853688529764,
        "IYZYXZXI": -0.041929853688529764,
        "IXZXYZYI": -0.041929853688529764,
        "YZYIIXZX": -0.041929853688529764,
        "YZYIIYZY": -0.041929853688529764,
        "IXZXXZXI": -0.041929853688529764,
        "XYYXIIII": 0.03672213895291096,
        "XXYYIIII": -0.03672213895291096,
        "YYXXIIII": -0.03672213895291096,
        "YXXYIIII": 0.03672213895291096,
        "IIXZXIIZ": 0.035367509064561826,
        "IIYZYIIZ": 0.035367509064561826,
        "IIIXZXZI": 0.035367509064561826,
        "IIIYZYZI": 0.035367509064561826,
        "IIXZXZII": 0.034808016593439225,
        "IIIYIYII": 0.034808016593439225,
        "IIYZYZII": 0.034808016593439225,
        "IIIXIXII": 0.034808016593439225,
        "IYZZIZZY": -0.03203932862803517,
        "YZZZZIYI": -0.03203932862803517,
        "XZZZZIXI": -0.03203932862803517,
        "IXZZIZZX": -0.03203932862803517,
        "IYZZZZIY": -0.030814294276495468,
        "IXZZZZIX": -0.030814294276495468,
        "YZZZZZYZ": -0.030814294276495464,
        "XZZZZZXZ": -0.030814294276495464,
        "IYZZYXXI": -0.02807913116696885,
        "IYZZXXYI": 0.02807913116696885,
        "IXZZYYXI": 0.02807913116696885,
        "YZZZYYZY": 0.02807913116696885,
        "YZZZYXZX": 0.02807913116696885,
        "XZZZXYZY": 0.02807913116696885,
        "XZZZXXZX": 0.02807913116696885,
        "IXZZXYYI": -0.02807913116696885,
        "IZYZYIII": 0.027759104965824705,
        "IZXZXIII": 0.027759104965824705,
        "ZIIYZYII": 0.027759104965824705,
        "ZIIXZXII": 0.027759104965824705,
        "IIIYXIXY": 0.02657456589127604,
        "IIXZZYYX": -0.02657456589127604,
        "IIXZZXYY": 0.02657456589127604,
        "IIYZZYXX": 0.02657456589127604,
        "IIYZZXXY": -0.02657456589127604,
        "IIIXYIYX": 0.02657456589127604,
        "IIIXXIXX": 0.02657456589127604,
        "IIIYYIYY": 0.02657456589127604,
        "YZYIXZXI": -0.023938664969987727,
        "XZXIYZYI": -0.023938664969987727,
        "IXZXIYZY": -0.023938664969987727,
        "IYZYIXZX": -0.023938664969987727,
        "IYZYIYZY": -0.023022446694883833,
        "XZXIXZXI": -0.023022446694883833,
        "YZYIYZYI": -0.023022446694883833,
        "IXZXIXZX": -0.023022446694883833,
        "IIZXZXII": 0.02247211076259883,
        "IIZYZYII": 0.02247211076259883,
        "IIYIYIII": 0.022472110762598828,
        "IIXIXIII": 0.022472110762598828,
        "XIZZZZXI": -0.022042167838020495,
        "YIZZZZYI": -0.022042167838020495,
        "ZXZZZZZX": -0.022042167838020495,
        "ZYZZZZZY": -0.022042167838020495,
        "IIYXXYII": 0.02162793741179819,
        "IIYYXXII": -0.02162793741179819,
        "IIXXYYII": -0.02162793741179819,
        "IIXYYXII": 0.02162793741179819,
        "XZZIZZXI": -0.020743992614098507,
        "IYIZZZZY": -0.020743992614098507,
        "IXIZZZZX": -0.020743992614098507,
        "YZZIZZYI": -0.020743992614098507,
        "XYIIYXII": 0.019287854046851963,
        "YXIIXYII": 0.019287854046851963,
        "XXIIYYII": -0.019287854046851963,
        "YYIIXXII": -0.019287854046851963,
        "YXIIIIXY": 0.018965586066041023,
        "YYIIIIXX": -0.018965586066041023,
        "XXIIIIYY": -0.018965586066041023,
        "XYIIIIYX": 0.018965586066041023,
        "IYXIXZZY": 0.018907406993645938,
        "IYYIYZZY": 0.018907406993645938,
        "IXXIXZZX": 0.018907406993645938,
        "IXYIYZZX": 0.018907406993645938,
        "YZZXIXYI": 0.018907406993645938,
        "YZZYIYYI": 0.018907406993645938,
        "XZZXIXXI": 0.018907406993645938,
        "XZZYIYXI": 0.018907406993645938,
        "XZZYYZZX": -0.017991188718542044,
        "XZZXYZZY": 0.017991188718542044,
        "IXYIIYXI": -0.017991188718542044,
        "IXXIIYYI": 0.017991188718542044,
        "IYYIIXXI": 0.017991188718542044,
        "IYXIIXYI": -0.017991188718542044,
        "YZZYXZZX": 0.017991188718542044,
        "YZZXXZZY": -0.017991188718542044,
        "XYIYXIII": 0.017551284940245743,
        "XYYZZXII": -0.017551284940245743,
        "XXYZZYII": 0.017551284940245743,
        "YXIXYIII": 0.017551284940245743,
        "YXXZZYII": -0.017551284940245743,
        "YYXZZXII": 0.017551284940245743,
        "YYIYYIII": 0.017551284940245743,
        "XXIXXIII": 0.017551284940245743,
        "IIYYIIXX": -0.017511355631570993,
        "IIYXIIXY": 0.017511355631570993,
        "IIXYIIYX": 0.017511355631570993,
        "IIXXIIYY": -0.017511355631570993,
        "IYXXZZYI": 0.016504723499130625,
        "IYYXZZXI": -0.016504723499130625,
        "IXXYZZYI": -0.016504723499130625,
        "IXYYZZXI": 0.016504723499130625,
        "XZXXZZZX": 0.016504723499130625,
        "YZYYZZZY": 0.016504723499130625,
        "YZYXZZZX": 0.016504723499130625,
        "XZXYZZZY": 0.016504723499130625,
        "IZIYZYII": 0.010207820025578958,
        "ZIYZYIII": 0.010207820025578958,
        "ZIXZXIII": 0.010207820025578958,
        "IZIXZXII": 0.010207820025578958,
        "IIIXZXIZ": 0.00879294317328579,
        "IIIYZYIZ": 0.00879294317328579,
        "IIYZYIZI": 0.00879294317328579,
        "IIXZXIZI": 0.00879294317328579,
        "IXZIZZZX": -0.004239269114967883,
        "XZIZZZXI": -0.004239269114967883,
        "YZIZZZYI": -0.004239269114967883,
        "IYZIZZZY": -0.004239269114967883,
        "YZZZIZYI": -0.003960197461066329,
        "IYZZZIZY": -0.003960197461066329,
        "IXZZZIZX": -0.003960197461066329,
        "XZZZIZXI": -0.003960197461066329,
        "XZYIYZXI": 0.0009162182751038944,
        "YZXIXZYI": 0.0009162182751038944,
        "IYZXIXZY": 0.0009162182751038944,
        "IXZYIYZX": 0.0009162182751038944
    },
    "data": {
        "molecule_id": "D2_singlet_Dooh",
        "qubit_encoding": "JW",
        "unit": "Angstrom",
        "basis": "3-21g",
        "charge": 0,
        "multiplicity": 1,
        "spin": 0,