{"n_qubits": 2, "qubits": [1, 2], "fci_energy": -0.4085011030934403, "hf_energy": -0.4004201980346854, "CS_SRE": [0.019268258943066593, 0.01989274425456256], "CS_energy": [-0.40843461942134535, -0.4085011030934409], "overlaps": [0.996626673097749, 0.9965174807013123], "solver": "scipy", "data": {"molecule_id": "H-_singlet_Kh", "qubit_encoding": "JW", "unit": "Angstrom", "basis": "3-21g", "charge": -1, "multiplicity": 1, "spin": 0, "geometry": "H 0.0000000000 0.0000000000 0.0000000000", "n_qubits": 4, "n_particles": {"total": 2, "alpha": 1, "beta": 1}, "hf_array": [1, 1, 0, 0], "hf_method": "pyscf.scf.hf_symm.SymAdaptedRHF", "convergence_threshold": 1e-06, "point_group": {"groupname": "SO3", "topgroup": "SO3"}, "alpha": 1.0, "calculated_properties": {"HF": {"energy": -0.4004201980346854, "converged": true}, "MP2": {"energy": -0.40637457587415604, "converged": null}, "CISD": {"energy": -0.40850110309344007, "converged": true}, "CCSD": {"energy": -0.4085011010780534, "converged": true, "t1_diagnostic": 0.0036578440797576657}, "FCI": {"energy": -0.4085011030934403, "converged": true, "spin_matches_target": true, "multiplicity": 1.0, "oscillatory_converged": false, "oscillation_energy_change": null}}, "auxiliary_operators": {"number_operator": {"IIII": 2.0, "ZIII": -0.5, "IZII": -0.5, "IIZI": -0.5, "IIIZ": -0.5}, "N_alpha": {"IIII": 1.0, "ZIII": -0.5, "IIZI": -0.5}, "N_beta": {"IIII": 1.0, "IZII": -0.5, "IIIZ": -0.5}, "S^2_operator": {"IIII": 0.75, "ZZII": -0.375, "IIZZ": -0.375, "YXYX": 0.125, "YXXY": -0.125, "XXYY": 0.125, "XXXX": 0.125, "YYYY": 0.125, "YYXX": 0.125, "XYYX": -0.125, "XYXY": 0.125, "ZIZI": 0.125, "ZIIZ": -0.125, "IZZI": -0.125, "IZIZ": 0.125}, "UCCSD_operator": {"XXXY": 0.007336028604060919, "XYXX": -0.007336028604060919, "YXXX": -0.007336028604060919, "XYYY": 0.007336028604060919, "YXYY": 0.007336028604060919, "YYYX": -0.007336028604060919, "XXYX": 0.007336028604060919, "YYXY": -0.007336028604060919, "IXZY": -0.0025864863532944577, "IYZX": 0.0025864863532944577, "XZYI": -0.0025864863532944577, "YZXI": 0.0025864863532944577}}, "hf_method_fallback": "standard", "generation_time_s": 2.425, "timestamp": "2026-03-10T21:08:08.649893+00:00", "formula_latex": "$\\mathrm{H^{-}}$"}}