{"n_qubits": 5, "qubits": [1, 2, 3, 4, 5], "fci_energy": -0.46985677669236325, "hf_energy": -0.4488237259300478, "CS_SRE": [0.045455240069185096, 0.05008778851634323, 0.05441428205547148, 0.05845700876155996, 0.06269263741260625], "CS_energy": [-0.4599751347382698, -0.463257130839115, -0.4664376271951143, -0.4695215110794101, -0.4698567766923547], "overlaps": [0.9919240975177045, 0.991139679113771, 0.9904075798672598, 0.9897239394299554, 0.9889861971476395], "solver": "scipy", "data": {"molecule_id": "H-_singlet_Kh", "qubit_encoding": "JW", "unit": "Angstrom", "basis": "cc-pvdz", "charge": -1, "multiplicity": 1, "spin": 0, "geometry": "H 0.0000000000 0.0000000000 0.0000000000", "n_qubits": 10, "n_particles": {"total": 2, "alpha": 1, "beta": 1}, "hf_array": [1, 1, 0, 0, 0, 0, 0, 0, 0, 0], "hf_method": "pyscf.scf.hf_symm.SymAdaptedRHF", "convergence_threshold": 1e-06, "point_group": {"groupname": "SO3", "topgroup": "SO3"}, "alpha": 1.0, "calculated_properties": {"HF": {"energy": -0.4488237259300478, "converged": true}, "MP2": {"energy": -0.4648313443303486, "converged": null}, "CISD": {"energy": -0.46985677669236336, "converged": true}, "CCSD": {"energy": -0.46985678366293465, "converged": true, "t1_diagnostic": 0.010438704874988436}, "FCI": {"energy": -0.46985677669236325, "converged": true, "spin_matches_target": true, "multiplicity": 1.0000000000000002, "oscillatory_converged": false, "oscillation_energy_change": null}}, "auxiliary_operators": {"number_operator": {"IIIIIIIIII": 5.0, "ZIIIIIIIII": -0.5, "IZIIIIIIII": -0.5, "IIZIIIIIII": -0.5, "IIIZIIIIII": -0.5, "IIIIZIIIII": -0.5, "IIIIIZIIII": -0.5, "IIIIIIZIII": -0.5, "IIIIIIIZII": -0.5, "IIIIIIIIZI": -0.5, "IIIIIIIIIZ": -0.5}, "N_alpha": {"IIIIIIIIII": 2.5, "ZIIIIIIIII": -0.5, "IIZIIIIIII": -0.5, "IIIIZIIIII": -0.5, "IIIIIIZIII": -0.5, "IIIIIIIIZI": -0.5}, "N_beta": {"IIIIIIIIII": 2.5, "IZIIIIIIII": -0.5, "IIIZIIIIII": -0.5, "IIIIIZIIII": -0.5, "IIIIIIIZII": -0.5, "IIIIIIIIIZ": -0.5}, "S^2_operator": {"IIIIIIIIII": 1.875, "ZZIIIIIIII": -0.375, "IIZZIIIIII": -0.375, "IIIIZZIIII": -0.375, "IIIIIIZZII": -0.375, "IIIIIIIIZZ": -0.375, "IIIIIIYYXX": 0.125, "IIIIIIXYYX": -0.125, "IIIIIIXYXY": 0.125, "ZIIZIIIIII": -0.125, "IIIIIIYYYY": 0.125, "ZIIIZIIIII": 0.125, "ZIIIIZIIII": -0.125, "ZIIIIIZIII": 0.125, "ZIIIIIIZII": -0.125, "ZIZIIIIIII": 0.125, "IIIIIIXXXX": 0.125, "IIIIIIYXXY": -0.125, "ZIIIIIIIZI": 0.125, "IIIIIIYXYX": 0.125, "IIIIXYIIXY": 0.125, "IIIIXYIIYX": -0.125, "IIIIYYIIXX": 0.125, "IIIIYYIIYY": 0.125, "IIIIXXIIXX": 0.125, "IIIIXXIIYY": 0.125, "IIIIYXIIXY": -0.125, "IIIIYXIIYX": 0.125, "IIIIXYXYII": 0.125, "IIIIXYYXII": -0.125, "IIIIIIXXYY": 0.125, "ZIIIIIIIIZ": -0.125, "IZZIIIIIII": -0.125, "IZIZIIIIII": 0.125, "IIIIIIZIIZ": -0.125, "IIIIIIZIZI": 0.125, "IIIIIZIIIZ": 0.125, "IIIIIZIIZI": -0.125, "IIIIIZIZII": 0.125, "IIIIIZZIII": -0.125, "IIIIZIIIIZ": -0.125, "IIIIZIIIZI": 0.125, "IIIIZIIZII": -0.125, "IIIIZIZIII": 0.125, "IIIZIIIIIZ": 0.125, "IIIZIIIIZI": -0.125, "IIIZIIIZII": 0.125, "IIIIYYXXII": 0.125, "IIIZIIZIII": -0.125, "IIIZZIIIII": -0.125, "IIZIIIIIIZ": -0.125, "IIZIIIIIZI": 0.125, "IIZIIIIZII": -0.125, "IIZIIIZIII": 0.125, "IIZIIZIIII": -0.125, "IIZIZIIIII": 0.125, "IZIIIIIIIZ": 0.125, "IZIIIIIIZI": -0.125, "IZIIIIIZII": 0.125, "IZIIIIZIII": -0.125, "IZIIIZIIII": 0.125, "IZIIZIIIII": -0.125, "IIIZIZIIII": 0.125, "IIIIYYYYII": 0.125, "IIIIXXYYII": 0.125, "IIIIIIIZZI": -0.125, "XXIIIIIIYY": 0.125, "YXIIIIIIXY": -0.125, "YXIIIIIIYX": 0.125, "XYIIIIXYII": 0.125, "XYIIIIYXII": -0.125, "YYIIIIXXII": 0.125, "YYIIIIYYII": 0.125, "XXIIIIXXII": 0.125, "XXIIIIYYII": 0.125, "YXIIIIXYII": -0.125, "YXIIIIYXII": 0.125, "XYIIXYIIII": 0.125, "XYIIYXIIII": -0.125, "YYIIXXIIII": 0.125, "YYIIYYIIII": 0.125, "XXIIXXIIII": 0.125, "XXIIYYIIII": 0.125, "YXIIXYIIII": -0.125, "YXIIYXIIII": 0.125, "XYXYIIIIII": 0.125, "XYYXIIIIII": -0.125, "YYXXIIIIII": 0.125, "YYYYIIIIII": 0.125, "XXXXIIIIII": 0.125, "XXYYIIIIII": 0.125, "YXXYIIIIII": -0.125, "YXYXIIIIII": 0.125, "XXIIIIIIXX": 0.125, "IIIIXXXXII": 0.125, "YYIIIIIIYY": 0.125, "XYIIIIIIYX": -0.125, "IIIIYXXYII": -0.125, "IIIIYXYXII": 0.125, "IIXYIIIIXY": 0.125, "IIXYIIIIYX": -0.125, "IIYYIIIIXX": 0.125, "IIYYIIIIYY": 0.125, "IIXXIIIIXX": 0.125, "IIXXIIIIYY": 0.125, "IIYXIIIIXY": -0.125, "IIYXIIIIYX": 0.125, "IIXYIIXYII": 0.125, "IIXYIIYXII": -0.125, "IIYYIIXXII": 0.125, "IIYYIIYYII": 0.125, "IIXXIIXXII": 0.125, "IIXXIIYYII": 0.125, "IIYXIIXYII": -0.125, "IIYXIIYXII": 0.125, "IIXYXYIIII": 0.125, "IIXYYXIIII": -0.125, "IIYYXXIIII": 0.125, "IIYYYYIIII": 0.125, "IIXXXXIIII": 0.125, "IIXXYYIIII": 0.125, "IIYXXYIIII": -0.125, "IIYXYXIIII": 0.125, "XYIIIIIIXY": 0.125, "YYIIIIIIXX": 0.125, "IIIIIIIZIZ": 0.125}, "UCCSD_operator": {"XYXXIIIIII": -0.010884609042048786, "YYXYIIIIII": -0.010884609042048786, "XXXYIIIIII": 0.010884609042048786, "YXXXIIIIII": -0.010884609042048786, "XXYXIIIIII": 0.010884609042048786, "YYYXIIIIII": -0.010884609042048786, "YXYYIIIIII": 0.010884609042048786, "XYYYIIIIII": 0.010884609042048786, "YZXIIIIIII": 0.007381279004196906, "IYZXIIIIII": 0.007381279004196906, "XZYIIIIIII": -0.007381279004196906, "IXZYIIIIII": -0.007381279004196906, "XXIIIIIIYX": 0.004054402279316872, "YYIIIIIIYX": -0.004054402279316872, "YXIIIIIIYY": 0.004054402279316872, "YXIIIIIIXX": -0.004054402279316872, "XYIIIIIIXX": -0.004054402279316872, "XXIIIIIIXY": 0.004054402279316872, "XYIIIIIIYY": 0.004054402279316872, "XYIIXXIIII": -0.004054402279316872, "XXIIYXIIII": 0.004054402279316872, "YYIIYXIIII": -0.004054402279316872, "YXIIYYIIII": 0.004054402279316872, "XYIIYYIIII": 0.004054402279316872, "YXIIXXIIII": -0.004054402279316872, "YYIIIIIIXY": -0.004054402279316872, "XXIIXYIIII": 0.004054402279316872, "YYIIXYIIII": -0.004054402279316872, "XXIIIIXYII": 0.004054402279316871, "XYIIIIXXII": -0.004054402279316871, "YXIIIIXXII": -0.004054402279316871, "XYIIIIYYII": 0.004054402279316871, "YXIIIIYYII": 0.004054402279316871, "YYIIIIYXII": -0.004054402279316871, "XXIIIIYXII": 0.004054402279316871, "YYIIIIXYII": -0.004054402279316871}}, "hf_method_fallback": "standard", "generation_time_s": 4.662, "timestamp": "2026-03-10T21:08:24.518171+00:00", "formula_latex": "$\\mathrm{H^{-}}$"}}