{
    "hamiltonian": {
        "IIIIIIIIII": -4.122427433045914,
        "ZIIIIIIIII": 1.0042749844309014,
        "IZIIIIIIII": 1.0042749844309014,
        "ZZIIIIIIII": 0.4146486111051398,
        "IIIIIIIIZI": -0.23356336736397604,
        "IIIIZIIIII": -0.23356336736397604,
        "IIIIIIZIII": -0.23356336736397598,
        "IIIIIIIZII": -0.23356336736397593,
        "IIIIIIIIIZ": -0.2335633673639759,
        "IIIIIZIIII": -0.23356336736397587,
        "IIIZIIIIII": -0.17098834885631245,
        "IIZIIIIIII": -0.17098834885631237,
        "ZIIZIIIIII": 0.10013038715154501,
        "IZZIIIIIII": 0.10013038715154501,
        "ZIIIIZIIII": 0.09908220451140877,
        "ZIIIIIIZII": 0.09908220451140877,
        "ZIIIIIIIIZ": 0.09908220451140877,
        "IZIIZIIIII": 0.09908220451140877,
        "IZIIIIIIZI": 0.09908220451140877,
        "IZIIIIZIII": 0.09908220451140877,
        "IZIIIZIIII": 0.0966241111783873,
        "IZIIIIIZII": 0.0966241111783873,
        "ZIIIIIIIZI": 0.0966241111783873,
        "IZIIIIIIIZ": 0.0966241111783873,
        "ZIIIIIZIII": 0.0966241111783873,
        "ZIIIZIIIII": 0.0966241111783873,
        "IZIZIIIIII": 0.09231413002259517,
        "ZIZIIIIIII": 0.09231413002259517,
        "IIIIIIZZII": 0.0782363777898523,
        "IIIIZZIIII": 0.0782363777898523,
        "IIIIIIIIZZ": 0.0782363777898523,
        "IIIZIIIIZI": 0.07141754529855633,
        "IIZIIIIIIZ": 0.07141754529855633,
        "IIIZZIIIII": 0.07141754529855633,
        "IIZIIZIIII": 0.07141754529855633,
        "IIIZIIZIII": 0.07141754529855632,
        "IIZIIIIZII": 0.07141754529855632,
        "IIZZIIIIII": 0.07060621265096563,
        "IIIIZIIZII": 0.06980180803300681,
        "IIIIZIIIIZ": 0.06980180803300681,
        "IIIIIZZIII": 0.06980180803300681,
        "IIIIIZIIZI": 0.06980180803300681,
        "IIIIIIZIIZ": 0.06980180803300681,
        "IIIIIIIZZI": 0.06980180803300681,
        "IIIIZIIIZI": 0.06558452315458405,
        "IIIIZIZIII": 0.06558452315458405,
        "IIIIIZIZII": 0.06558452315458405,
        "IIIIIIIZIZ": 0.06558452315458405,
        "IIIIIIZIZI": 0.06558452315458405,
        "IIIIIZIIIZ": 0.06558452315458405,
        "IIZIZIIIII": 0.0562200369251671,
        "IIZIIIIIZI": 0.0562200369251671,
        "IIIZIIIIIZ": 0.0562200369251671,
        "IIIZIZIIII": 0.0562200369251671,
        "IIZIIIZIII": 0.05622003692516708,
        "IIIZIIIZII": 0.05622003692516708,
        "XIXIIIIIII": 0.046142564804810715,
        "YIYIIIIIII": 0.046142564804810715,
        "ZXZXIIIIII": 0.04614256480481071,
        "ZYZYIIIIII": 0.04614256480481071,
        "YZYIIIIIII": 0.028650267876787587,
        "XZXIIIIIII": 0.028650267876787587,
        "IXZXIIIIII": 0.028650267876787587,
        "IYZYIIIIII": 0.028650267876787587,
        "IIYYIIXXII": -0.015197508373389233,
        "IIYXIIXYII": 0.015197508373389233,
        "IIXXIIYYII": -0.015197508373389233,
        "IIXYIIYXII": 0.015197508373389233,
        "IIXYYXIIII": 0.015197508373389231,
        "IIYXIIIIXY": 0.015197508373389231,
        "IIYYIIIIXX": -0.015197508373389231,
        "IIYYXXIIII": -0.015197508373389231,
        "IIYXXYIIII": 0.015197508373389231,
        "IIXXYYIIII": -0.015197508373389231,
        "IIXYIIIIYX": 0.015197508373389231,
        "IIXXIIIIYY": -0.015197508373389231,
        "YYXXIIIIII": -0.007816257128949842,
        "YXXYIIIIII": 0.007816257128949842,
        "XYYXIIIIII": 0.007816257128949842,
        "XXYYIIIIII": -0.007816257128949842,
        "IYZYIZIIII": 0.005055180475032214,
        "IXZXIZIIII": 0.005055180475032214,
        "IXZXIIIIIZ": 0.005055180475032214,
        "IYZYIIIIIZ": 0.005055180475032214,
        "XZXIIIIIZI": 0.005055180475032214,
        "YZYIIIIIZI": 0.005055180475032214,
        "XZXIZIIIII": 0.005055180475032214,
        "YZYIZIIIII": 0.005055180475032214,
        "XZXIIIZIII": 0.005055180475032211,
        "YZYIIIZIII": 0.005055180475032211,
        "IXZXIIIZII": 0.005055180475032211,
        "IYZYIIIZII": 0.005055180475032211,
        "IIIIIIXYYX": 0.00421728487842276,
        "IIIIXXYYII": -0.00421728487842276,
        "IIIIXYYXII": 0.00421728487842276,
        "IIIIIIXXYY": -0.00421728487842276,
        "IIIIYYIIXX": -0.00421728487842276,
        "IIIIYXIIXY": 0.00421728487842276,
        "IIIIYXXYII": 0.00421728487842276,
        "IIIIIIYXXY": 0.00421728487842276,
        "IIIIXXIIYY": -0.00421728487842276,
        "IIIIXYIIYX": 0.00421728487842276,
        "IIIIIIYYXX": -0.00421728487842276,
        "IIIIYYXXII": -0.00421728487842276,
        "IYXIIIXYII": -0.0034234042364125615,
        "IXXIIIIIXX": -0.0034234042364125615,
        "YZZXXYIIII": 0.0034234042364125615,
        "YZZYXXIIII": -0.0034234042364125615,
        "XZZXYYIIII": -0.0034234042364125615,
        "XZZYYXIIII": 0.0034234042364125615,
        "YZZXIIXYII": 0.0034234042364125615,
        "YZZYIIXXII": -0.0034234042364125615,
        "XZZXIIYYII": -0.0034234042364125615,
        "XZZYIIYXII": 0.0034234042364125615,
        "YZZXIIIIXY": 0.0034234042364125615,
        "IXYIIIIIYX": -0.0034234042364125615,
        "XZZXIIIIYY": -0.0034234042364125615,
        "YZZYIIIIXX": -0.0034234042364125615,
        "IYXIXYIIII": -0.0034234042364125615,
        "IYYIYYIIII": -0.0034234042364125615,
        "IXXIXXIIII": -0.0034234042364125615,
        "IXYIYXIIII": -0.0034234042364125615,
        "IYYIIIYYII": -0.0034234042364125615,
        "IXXIIIXXII": -0.0034234042364125615,
        "IXYIIIYXII": -0.0034234042364125615,
        "IYYIIIIIYY": -0.0034234042364125615,
        "XZZYIIIIYX": 0.0034234042364125615,
        "IYXIIIIIXY": -0.0034234042364125615,
        "IYIYIIIIII": 0.002568573212932676,
        "IXIXIIIIII": 0.002568573212932676,
        "XZXZIIIIII": 0.0025685732129326756,
        "YZYZIIIIII": 0.0025685732129326756,
        "XYIIIIYXII": 0.0024580933330214795,
        "YXIIIIIIXY": 0.0024580933330214795,
        "XXIIIIYYII": -0.0024580933330214795,
        "YYIIIIIIXX": -0.0024580933330214795,
        "XXIIIIIIYY": -0.0024580933330214795,
        "XYIIIIIIYX": 0.0024580933330214795,
        "YYIIIIXXII": -0.0024580933330214795,
        "YXIIIIXYII": 0.0024580933330214795,
        "XYIIYXIIII": 0.0024580933330214795,
        "YXIIXYIIII": 0.0024580933330214795,
        "YYIIXXIIII": -0.0024580933330214795,
        "XXIIYYIIII": -0.0024580933330214795,
        "IYZYIIIIZI": 0.0016317762386196526,
        "XZXIIZIIII": 0.0016317762386196526,
        "IXZXIIIIZI": 0.0016317762386196526,
        "YZYIIIIIIZ": 0.0016317762386196526,
        "XZXIIIIIIZ": 0.0016317762386196526,
        "IYZYZIIIII": 0.0016317762386196526,
        "IXZXZIIIII": 0.0016317762386196526,
        "YZYIIZIIII": 0.0016317762386196526,
        "YZYIIIIZII": 0.0016317762386196494,
        "XZXIIIIZII": 0.0016317762386196494,
        "IXZXIIZIII": 0.0016317762386196494,
        "IYZYIIZIII": 0.0016317762386196494
    },
    "data": {
        "molecule_id": "Li-_singlet_Kh",
        "qubit_encoding": "JW",
        "unit": "Angstrom",
        "basis": "sto-3g",
        "charge": -1,
        "multiplicity": 1,
        "spin": 0,
        "geometry": "Li 0.0000000000 0.0000000000 0.0000000000",
        "n_qubits": 10,
        "n_particles": {
            "total": 4,
            "alpha": 2,
            "beta": 2
        },
        "hf_array": [
            1,
            1,
            1,
            1,
            0,
            0,
            0,
            0,
            0,
            0
        ],
        "hf_method": "pyscf.scf.hf_symm.SymAdaptedRHF",
        "convergence_threshold": 1e-06,
        "point_group": {
            "groupname": "SO3",
            "topgroup": "SO3"
        },
        "alpha": 1.0,
        "calculated_properties": {
            "HF": {
                "energy": -7.213273317260593,
                "converged": true
            },
            "MP2": {
                "energy": -7.2314301583601,
                "converged": null
            },