{"n_qubits": 2, "qubits": [1, 2], "fci_energy": -2.850576699649739, "hf_energy": -2.8356798736271407, "CS_SRE": [0.018411919106163695, 0.0184190977896688], "CS_energy": [-2.850575178038257, -2.8505766996497393], "overlaps": [0.9967780940794881, 0.9967768391760417], "solver": "scipy", "data": {"molecule_id": "He_singlet_Kh", "qubit_encoding": "JW", "unit": "Angstrom", "basis": "3-21g", "charge": 0, "multiplicity": 1, "spin": 0, "geometry": "He 0.0000000000 0.0000000000 0.0000000000", "n_qubits": 4, "n_particles": {"total": 2, "alpha": 1, "beta": 1}, "hf_array": [1, 1, 0, 0], "hf_method": "pyscf.scf.hf_symm.SymAdaptedRHF", "convergence_threshold": 1e-06, "point_group": {"groupname": "SO3", "topgroup": "SO3"}, "alpha": 1.0, "calculated_properties": {"HF": {"energy": -2.8356798736271407, "converged": true}, "MP2": {"energy": -2.847176489249972, "converged": null}, "CISD": {"energy": -2.850576699649738, "converged": true}, "CCSD": {"energy": -2.8505766946412434, "converged": true, "t1_diagnostic": 0.00038747454469367695}, "FCI": {"energy": -2.850576699649739, "converged": true, "spin_matches_target": true, "multiplicity": 1.0, "oscillatory_converged": false, "oscillation_energy_change": null}}, "auxiliary_operators": {"number_operator": {"IIII": 2.0, "ZIII": -0.5, "IZII": -0.5, "IIZI": -0.5, "IIIZ": -0.5}, "N_alpha": {"IIII": 1.0, "ZIII": -0.5, "IIZI": -0.5}, "N_beta": {"IIII": 1.0, "IZII": -0.5, "IIIZ": -0.5}, "S^2_operator": {"IIII": 0.75, "ZZII": -0.375, "IIZZ": -0.375, "YXYX": 0.125, "YXXY": -0.125, "XXYY": 0.125, "XXXX": 0.125, "YYYY": 0.125, "YYXX": 0.125, "XYYX": -0.125, "XYXY": 0.125, "ZIZI": 0.125, "ZIIZ": -0.125, "IZZI": -0.125, "IZIZ": 0.125}, "UCCSD_operator": {"XXXY": 0.007107450540927727, "XYXX": -0.007107450540927727, "YXXX": -0.007107450540927727, "XYYY": 0.007107450540927727, "YXYY": 0.007107450540927727, "YYYX": -0.007107450540927727, "XXYX": 0.007107450540927727, "YYXY": -0.007107450540927727, "IXZY": -0.0002739858780900631, "IYZX": 0.0002739858780900631, "XZYI": -0.0002739858780900631, "YZXI": 0.0002739858780900631}}, "hf_method_fallback": "standard", "generation_time_s": 0.257, "timestamp": "2026-03-10T22:08:10.740827+00:00", "formula_latex": "$\\mathrm{He}$"}}