{"n_qubits": 5, "qubits": [1, 2, 3, 4, 5], "fci_energy": -1.1383419936038222, "hf_energy": -1.1098861253690122, "CS_SRE": [0.06627529331704893, 0.0887254084895982, 0.11254034075063156, 0.11718286189428301, 0.11943163013662124], "CS_energy": [-1.1213560532112559, -1.1261712098530128, -1.1346548904738851, -1.1381285182890895, -1.1383419936038197], "overlaps": [0.9880779682328195, 0.9840889867268171, 0.9799575544280356, 0.97920798517787, 0.9788207298603401], "solver": "scipy", "data": {"molecule_id": "DH_singlet_Coov", "qubit_encoding": "JW", "unit": "Angstrom", "basis": "3-21g", "charge": 0, "multiplicity": 1, "spin": 0, "geometry": "H 0.0000000000 0.0000000000 -0.0741400000\nH 0.0000000000 0.0000000000 0.8155400000", "n_qubits": 8, "n_particles": {"total": 2, "alpha": 1, "beta": 1}, "hf_array": [1, 1, 0, 0, 0, 0, 0, 0], "hf_method": "pyscf.scf.hf_symm.SymAdaptedRHF", "convergence_threshold": 1e-06, "point_group": {"groupname": "Dooh", "topgroup": "Dooh"}, "alpha": 1.2, "calculated_properties": {"HF": {"energy": -1.1098861253690122, "converged": true}, "MP2": {"energy": -1.128717706082332, "converged": null}, "CISD": {"energy": -1.1383419936038228, "converged": true}, "CCSD": {"energy": -1.1383419779468664, "converged": true, "t1_diagnostic": 0.006674676831278234}, "FCI": {"energy": -1.1383419936038222, "converged": true, "spin_matches_target": true, "multiplicity": 1.0000000000000007, "oscillatory_converged": false, "oscillation_energy_change": null}}, "auxiliary_operators": {"number_operator": {"IIIIIIII": 4.0, "ZIIIIIII": -0.5, "IZIIIIII": -0.5, "IIZIIIII": -0.5, "IIIZIIII": -0.5, "IIIIZIII": -0.5, "IIIIIZII": -0.5, "IIIIIIZI": -0.5, "IIIIIIIZ": -0.5}, "N_alpha": {"IIIIIIII": 2.0, "ZIIIIIII": -0.5, "IIZIIIII": -0.5, "IIIIZIII": -0.5, "IIIIIIZI": -0.5}, "N_beta": {"IIIIIIII": 2.0, "IZIIIIII": -0.5, "IIIZIIII": -0.5, "IIIIIZII": -0.5, "IIIIIIIZ": -0.5}, "S^2_operator": {"IIIIIIII": 1.5, "ZZIIIIII": -0.375, "IIIIZZII": -0.375, "IIIIIIZZ": -0.375, "IIZZIIII": -0.375, "ZIIZIIII": -0.125, "ZIZIIIII": 0.125, "IIIIXYXY": 0.125, "IIIIXYYX": -0.125, "IIIIYYXX": 0.125, "IIIIYYYY": 0.125, "IIIIXXXX": 0.125, "IIIIXXYY": 0.125, "IIIIYXXY": -0.125, "IIIIYXYX": 0.125, "IIXYIIXY": 0.125, "IIXYIIYX": -0.125, "ZIIIZIII": 0.125, "ZIIIIZII": -0.125, "ZIIIIIZI": 0.125, "ZIIIIIIZ": -0.125, "IIIIZIIZ": -0.125, "IIIIZIZI": 0.125, "IIIZIIIZ": 0.125, "IIIZIIZI": -0.125, "IIIZIZII": 0.125, "IIIZZIII": -0.125, "IIZIIIIZ": -0.125, "IIYYIIXX": 0.125, "IIZIIIZI": 0.125, "IIZIZIII": 0.125, "IZIIIIIZ": 0.125, "IZIIIIZI": -0.125, "IZIIIZII": 0.125, "IZIIZIII": -0.125, "IZIZIIII": 0.125, "IZZIIIII": -0.125, "IIZIIZII": -0.125, "IIYYIIYY": 0.125, "IIXXIIXX": 0.125, "IIXXIIYY": 0.125, "XYIIYXII": -0.125, "YYIIXXII": 0.125, "YYIIYYII": 0.125, "XXIIXXII": 0.125, "XXIIYYII": 0.125, "YXIIXYII": -0.125, "YXIIYXII": 0.125, "XYXYIIII": 0.125, "XYYXIIII": -0.125, "YYXXIIII": 0.125, "YYYYIIII": 0.125, "XXXXIIII": 0.125, "XXYYIIII": 0.125, "YXXYIIII": -0.125, "YXYXIIII": 0.125, "XYIIXYII": 0.125, "IIIIIZZI": -0.125, "YXIIIIYX": 0.125, "XXIIIIYY": 0.125, "IIYXIIXY": -0.125, "IIYXIIYX": 0.125, "IIXYXYII": 0.125, "IIXYYXII": -0.125, "IIYYXXII": 0.125, "IIYYYYII": 0.125, "IIXXXXII": 0.125, "IIXXYYII": 0.125, "IIYXXYII": -0.125, "IIYXYXII": 0.125, "XYIIIIXY": 0.125, "XYIIIIYX": -0.125, "YYIIIIXX": 0.125, "YYIIIIYY": 0.125, "XXIIIIXX": 0.125, "YXIIIIXY": -0.125, "IIIIIZIZ": 0.125}, "UCCSD_operator": {"YYXYIIII": -0.014618497295427137, "XXXYIIII": 0.014618497295427137, "XYXXIIII": -0.014618497295427137, "YXXXIIII": -0.014618497295427137, "XYYYIIII": 0.014618497295427137, "YXYYIIII": 0.014618497295427137, "YYYXIIII": -0.014618497295427137, "XXYXIIII": 0.014618497295427137, "YXIYZZYI": 0.006223014742107465, "YYIYZZXI": -0.006223014742107465, "XXIYZZXI": 0.006223014742107465, "YYXZZZZY": 0.006223014742107465, "XYIYZZYI": 0.006223014742107465, "XXXZZZZY": -0.006223014742107465, "XYIXZZXI": -0.006223014742107465, "XXIXZZYI": 0.006223014742107465, "YYIXZZYI": -0.006223014742107465, "YXIXZZXI": -0.006223014742107465, "XYYZZZZY": -0.006223014742107465, "XYXZZZZX": 0.006223014742107465, "XXYZZZZX": -0.006223014742107465, "YYYZZZZX": 0.006223014742107465, "YXYZZZZY": -0.006223014742107465, "YXXZZZZX": 0.006223014742107465, "YYIIYXII": -0.004911115613578626, "XXIIYXII": 0.004911115613578626, "YXIIYYII": 0.004911115613578626, "XXIIXYII": 0.004911115613578626, "XYIIXXII": -0.004911115613578626, "YXIIXXII": -0.004911115613578626, "YYIIXYII": -0.004911115613578626, "XYIIYYII": 0.004911115613578626, "YZZZXIII": 0.004719707475505925, "IXZZZYII": -0.004719707475505925, "IYZZZXII": 0.004719707475505925, "XZZZYIII": -0.004719707475505925, "XXIIIIXY": 0.004487706428117966, "XYIIIIXX": -0.004487706428117966, "YXIIIIXX": -0.004487706428117966, "XYIIIIYY": 0.004487706428117966, "YXIIIIYY": 0.004487706428117966, "YYIIIIXY": -0.004487706428117966, "YYIIIIYX": -0.004487706428117966, "XXIIIIYX": 0.004487706428117966}}, "hf_method_fallback": "standard", "generation_time_s": 3.406, "timestamp": "2026-03-10T21:09:59.182388+00:00", "formula_latex": "$\\mathrm{DH}$"}}