{"n_qubits": 5, "qubits": [1, 2, 3, 4, 5], "fci_energy": -1.0182811883284697, "hf_energy": -0.9301851971445141, "CS_SRE": [0.4011270567453874, 0.4162562251515816, 0.43015911533277207, 0.4392741602505875, 0.44741419369454327], "CS_energy": [-1.0068542224977155, -1.0106617091914625, -1.0143085652778212, -1.016308990368083, -1.0182811883284693], "overlaps": [0.8220079375054575, 0.8196066118977149, 0.8195138810550474, 0.8123680888967523, 0.8069938417281173], "solver": "scipy", "data": {"molecule_id": "DH_singlet_Coov", "qubit_encoding": "JW", "unit": "Angstrom", "basis": "3-21g", "charge": 0, "multiplicity": 1, "spin": 0, "geometry": "H 0.0000000000 0.0000000000 -0.5560500000\nH 0.0000000000 0.0000000000 1.2974500000", "n_qubits": 8, "n_particles": {"total": 2, "alpha": 1, "beta": 1}, "hf_array": [1, 1, 0, 0, 0, 0, 0, 0], "hf_method": "pyscf.scf.hf_symm.SymAdaptedRHF", "convergence_threshold": 1e-06, "point_group": {"groupname": "Dooh", "topgroup": "Dooh"}, "alpha": 2.5, "calculated_properties": {"HF": {"energy": -0.9301851971445141, "converged": true}, "MP2": {"energy": -0.9721867027551301, "converged": null}, "CISD": {"energy": -1.0182811883284717, "converged": true}, "CCSD": {"energy": -1.01828118613965, "converged": true, "t1_diagnostic": 0.030880900755499006}, "FCI": {"energy": -1.0182811883284697, "converged": true, "spin_matches_target": true, "multiplicity": 1.0000000000000007, "oscillatory_converged": false, "oscillation_energy_change": null}}, "auxiliary_operators": {"number_operator": {"IIIIIIII": 4.0, "ZIIIIIII": -0.5, "IZIIIIII": -0.5, "IIZIIIII": -0.5, "IIIZIIII": -0.5, "IIIIZIII": -0.5, "IIIIIZII": -0.5, "IIIIIIZI": -0.5, "IIIIIIIZ": -0.5}, "N_alpha": {"IIIIIIII": 2.0, "ZIIIIIII": -0.5, "IIZIIIII": -0.5, "IIIIZIII": -0.5, "IIIIIIZI": -0.5}, "N_beta": {"IIIIIIII": 2.0, "IZIIIIII": -0.5, "IIIZIIII": -0.5, "IIIIIZII": -0.5, "IIIIIIIZ": -0.5}, "S^2_operator": {"IIIIIIII": 1.5, "ZZIIIIII": -0.375, "IIIIZZII": -0.375, "IIIIIIZZ": -0.375, "IIZZIIII": -0.375, "ZIIZIIII": -0.125, "ZIZIIIII": 0.125, "IIIIXYXY": 0.125, "IIIIXYYX": -0.125, "IIIIYYXX": 0.125, "IIIIYYYY": 0.125, "IIIIXXXX": 0.125, "IIIIXXYY": 0.125, "IIIIYXXY": -0.125, "IIIIYXYX": 0.125, "IIXYIIXY": 0.125, "IIXYIIYX": -0.125, "ZIIIZIII": 0.125, "ZIIIIZII": -0.125, "ZIIIIIZI": 0.125, "ZIIIIIIZ": -0.125, "IIIIZIIZ": -0.125, "IIIIZIZI": 0.125, "IIIZIIIZ": 0.125, "IIIZIIZI": -0.125, "IIIZIZII": 0.125, "IIIZZIII": -0.125, "IIZIIIIZ": -0.125, "IIYYIIXX": 0.125, "IIZIIIZI": 0.125, "IIZIZIII": 0.125, "IZIIIIIZ": 0.125, "IZIIIIZI": -0.125, "IZIIIZII": 0.125, "IZIIZIII": -0.125, "IZIZIIII": 0.125, "IZZIIIII": -0.125, "IIZIIZII": -0.125, "IIYYIIYY": 0.125, "IIXXIIXX": 0.125, "IIXXIIYY": 0.125, "XYIIYXII": -0.125, "YYIIXXII": 0.125, "YYIIYYII": 0.125, "XXIIXXII": 0.125, "XXIIYYII": 0.125, "YXIIXYII": -0.125, "YXIIYXII": 0.125, "XYXYIIII": 0.125, "XYYXIIII": -0.125, "YYXXIIII": 0.125, "YYYYIIII": 0.125, "XXXXIIII": 0.125, "XXYYIIII": 0.125, "YXXYIIII": -0.125, "YXYXIIII": 0.125, "XYIIXYII": 0.125, "IIIIIZZI": -0.125, "YXIIIIYX": 0.125, "XXIIIIYY": 0.125, "IIYXIIXY": -0.125, "IIYXIIYX": 0.125, "IIXYXYII": 0.125, "IIXYYXII": -0.125, "IIYYXXII": 0.125, "IIYYYYII": 0.125, "IIXXXXII": 0.125, "IIXXYYII": 0.125, "IIYXXYII": -0.125, "IIYXYXII": 0.125, "XYIIIIXY": 0.125, "XYIIIIYX": -0.125, "YYIIIIXX": 0.125, "YYIIIIYY": 0.125, "XXIIIIXX": 0.125, "YXIIIIXY": -0.125, "IIIIIZIZ": 0.125}, "UCCSD_operator": {"XYXXIIII": -0.059649342355834925, "YYXYIIII": -0.059649342355834925, "XXXYIIII": 0.059649342355834925, "YXXXIIII": -0.059649342355834925, "XXYXIIII": 0.059649342355834925, "YYYXIIII": -0.059649342355834925, "YXYYIIII": 0.059649342355834925, "XYYYIIII": 0.059649342355834925, "YZZZXIII": 0.021836084906945177, "IYZZZXII": 0.021836084906945177, "XZZZYIII": -0.021836084906945177, "IXZZZYII": -0.021836084906945177, "YYIYZZXI": -0.007598062400578193, "YXIYZZYI": 0.007598062400578193, "XYIYZZYI": 0.007598062400578193, "YXIXZZXI": -0.007598062400578193, "XYIXZZXI": -0.007598062400578193, "XXIXZZYI": 0.007598062400578193, "YYIXZZYI": -0.007598062400578193, "XXIYZZXI": 0.007598062400578193, "YYXZZZZY": 0.007598062400578193, "YYYZZZZX": 0.007598062400578193, "YXYZZZZY": -0.007598062400578193, "XXYZZZZX": -0.007598062400578193, "YXXZZZZX": 0.007598062400578193, "XYXZZZZX": 0.007598062400578193, "XXXZZZZY": -0.007598062400578193, "XYYZZZZY": -0.007598062400578193, "YYIIIIYX": -0.0017395777563417552, "YXIIIIYY": 0.0017395777563417552, "YXIIIIXX": -0.0017395777563417552, "XYIIIIXX": -0.0017395777563417552, "XXIIIIYX": 0.0017395777563417552, "XXIIIIXY": 0.0017395777563417552, "XYIIIIYY": 0.0017395777563417552, "YYIIIIXY": -0.0017395777563417552, "XXIIYXII": 0.0011594851084395117, "YYIIYXII": -0.0011594851084395117, "YXIIYYII": 0.0011594851084395117, "YYIIXYII": -0.0011594851084395117, "YXIIXXII": -0.0011594851084395117, "XYIIXXII": -0.0011594851084395117, "XXIIXYII": 0.0011594851084395117, "XYIIYYII": 0.0011594851084395117}}, "hf_method_fallback": "standard", "generation_time_s": 3.26, "timestamp": "2026-03-10T21:10:08.290322+00:00", "formula_latex": "$\\mathrm{DH}$"}}