{"n_qubits": 5, "qubits": [1, 2, 3, 4, 5], "fci_energy": -0.8788822044458118, "hf_energy": -0.8609506678404699, "CS_SRE": [0.020644693301084205, 0.026025479434997938, 0.029564390630806927, 0.03809288672721089, 0.03826352834355831], "CS_energy": [-0.8687064776457936, -0.8740104042545809, -0.8752425940185138, -0.8788709415319338, -0.8788822044458102], "overlaps": [0.9963829858642252, 0.9954540654067539, 0.9948440613171491, 0.9933702592920846, 0.9933403578137421], "solver": "scipy", "data": {"molecule_id": "DH_singlet_Coov", "qubit_encoding": "JW", "unit": "Angstrom", "basis": "3-21g", "charge": 0, "multiplicity": 1, "spin": 0, "geometry": "H 0.0000000000 0.0000000000 0.1853500000\nH 0.0000000000 0.0000000000 0.5560500000", "n_qubits": 8, "n_particles": {"total": 2, "alpha": 1, "beta": 1}, "hf_array": [1, 1, 0, 0, 0, 0, 0, 0], "hf_method": "pyscf.scf.hf_symm.SymAdaptedRHF", "convergence_threshold": 1e-06, "point_group": {"groupname": "Dooh", "topgroup": "Dooh"}, "alpha": 0.5, "calculated_properties": {"HF": {"energy": -0.8609506678404699, "converged": true}, "MP2": {"energy": -0.8744434704852907, "converged": null}, "CISD": {"energy": -0.878882204445754, "converged": true}, "CCSD": {"energy": -0.8788822028155908, "converged": true, "t1_diagnostic": 0.0015750732914286767}, "FCI": {"energy": -0.8788822044458118, "converged": true, "spin_matches_target": true, "multiplicity": 0.9999999999999997, "oscillatory_converged": false, "oscillation_energy_change": null}}, "auxiliary_operators": {"number_operator": {"IIIIIIII": 4.0, "ZIIIIIII": -0.5, "IZIIIIII": -0.5, "IIZIIIII": -0.5, "IIIZIIII": -0.5, "IIIIZIII": -0.5, "IIIIIZII": -0.5, "IIIIIIZI": -0.5, "IIIIIIIZ": -0.5}, "N_alpha": {"IIIIIIII": 2.0, "ZIIIIIII": -0.5, "IIZIIIII": -0.5, "IIIIZIII": -0.5, "IIIIIIZI": -0.5}, "N_beta": {"IIIIIIII": 2.0, "IZIIIIII": -0.5, "IIIZIIII": -0.5, "IIIIIZII": -0.5, "IIIIIIIZ": -0.5}, "S^2_operator": {"IIIIIIII": 1.5, "ZZIIIIII": -0.375, "IIIIZZII": -0.375, "IIIIIIZZ": -0.375, "IIZZIIII": -0.375, "ZIIZIIII": -0.125, "ZIZIIIII": 0.125, "IIIIXYXY": 0.125, "IIIIXYYX": -0.125, "IIIIYYXX": 0.125, "IIIIYYYY": 0.125, "IIIIXXXX": 0.125, "IIIIXXYY": 0.125, "IIIIYXXY": -0.125, "IIIIYXYX": 0.125, "IIXYIIXY": 0.125, "IIXYIIYX": -0.125, "ZIIIZIII": 0.125, "ZIIIIZII": -0.125, "ZIIIIIZI": 0.125, "ZIIIIIIZ": -0.125, "IIIIZIIZ": -0.125, "IIIIZIZI": 0.125, "IIIZIIIZ": 0.125, "IIIZIIZI": -0.125, "IIIZIZII": 0.125, "IIIZZIII": -0.125, "IIZIIIIZ": -0.125, "IIYYIIXX": 0.125, "IIZIIIZI": 0.125, "IIZIZIII": 0.125, "IZIIIIIZ": 0.125, "IZIIIIZI": -0.125, "IZIIIZII": 0.125, "IZIIZIII": -0.125, "IZIZIIII": 0.125, "IZZIIIII": -0.125, "IIZIIZII": -0.125, "IIYYIIYY": 0.125, "IIXXIIXX": 0.125, "IIXXIIYY": 0.125, "XYIIYXII": -0.125, "YYIIXXII": 0.125, "YYIIYYII": 0.125, "XXIIXXII": 0.125, "XXIIYYII": 0.125, "YXIIXYII": -0.125, "YXIIYXII": 0.125, "XYXYIIII": 0.125, "XYYXIIII": -0.125, "YYXXIIII": 0.125, "YYYYIIII": 0.125, "XXXXIIII": 0.125, "XXYYIIII": 0.125, "YXXYIIII": -0.125, "YXYXIIII": 0.125, "XYIIXYII": 0.125, "IIIIIZZI": -0.125, "YXIIIIYX": 0.125, "XXIIIIYY": 0.125, "IIYXIIXY": -0.125, "IIYXIIYX": 0.125, "IIXYXYII": 0.125, "IIXYYXII": -0.125, "IIYYXXII": 0.125, "IIYYYYII": 0.125, "IIXXXXII": 0.125, "IIXXYYII": 0.125, "IIYXXYII": -0.125, "IIYXYXII": 0.125, "XYIIIIXY": 0.125, "XYIIIIYX": -0.125, "YYIIIIXX": 0.125, "YYIIIIYY": 0.125, "XXIIIIXX": 0.125, "YXIIIIXY": -0.125, "IIIIIZIZ": 0.125}, "UCCSD_operator": {"YYIIXYII": -0.007325998125890694, "XXIIXYII": 0.007325998125890694, "XYIIXXII": -0.007325998125890694, "YXIIXXII": -0.007325998125890694, "XYIIYYII": 0.007325998125890694, "YXIIYYII": 0.007325998125890694, "YYIIYXII": -0.007325998125890694, "XXIIYXII": 0.007325998125890694, "YYIIIIYX": -0.0041460381489000445, "XXIIIIYX": 0.0041460381489000445, "YXIIIIYY": 0.0041460381489000445, "YYIIIIXY": -0.0041460381489000445, "XYIIIIXX": -0.0041460381489000445, "YXIIIIXX": -0.0041460381489000445, "XYIIIIYY": 0.0041460381489000445, "XXIIIIXY": 0.0041460381489000445, "YYYXIIII": -0.003943290080927399, "XXYXIIII": 0.003943290080927399, "YXYYIIII": 0.003943290080927399, "XYYYIIII": 0.003943290080927399, "YXXXIIII": -0.003943290080927399, "XYXXIIII": -0.003943290080927399, "XXXYIIII": 0.003943290080927399, "YYXYIIII": -0.003943290080927399, "YYIXZZYI": -0.003016543607724149, "XXIXZZYI": 0.003016543607724149, "XXYZZZZX": -0.003016543607724149, "YYYZZZZX": 0.003016543607724149, "YXYZZZZY": -0.003016543607724149, "XYYZZZZY": -0.003016543607724149, "XYIXZZXI": -0.003016543607724149, "XYXZZZZX": 0.003016543607724149, "YXXZZZZX": 0.003016543607724149, "XXXZZZZY": -0.003016543607724149, "XYIYZZYI": 0.003016543607724149, "YXIXZZXI": -0.003016543607724149, "YYIYZZXI": -0.003016543607724149, "XXIYZZXI": 0.003016543607724149, "YYXZZZZY": 0.003016543607724149, "YXIYZZYI": 0.003016543607724149, "IXZZZYII": -0.0011139175960794131, "IYZZZXII": 0.0011139175960794131, "XZZZYIII": -0.0011139175960794131, "YZZZXIII": 0.0011139175960794131}}, "hf_method_fallback": "standard", "generation_time_s": 2.662, "timestamp": "2026-03-10T21:10:25.308953+00:00", "formula_latex": "$\\mathrm{DH}$"}}