{"n_qubits": 5, "qubits": [1, 2, 3, 4, 5], "fci_energy": -1.0019491378915288, "hf_energy": -0.877317261712429, "CS_SRE": [0.23864426636498912, 0.2539506167767101, 0.2683399247040105, 0.27333362019697094, 0.2778070113126666], "CS_energy": [-0.9906512069141593, -0.9934492507216228, -0.9959998145793955, -0.9990789002897503, -1.0019491378915317], "overlaps": [0.7166124571125247, 0.717339629628394, 0.7190963299738186, 0.7086883843182132, 0.6995307786961577], "solver": "scipy", "data": {"molecule_id": "DH_singlet_Coov", "qubit_encoding": "JW", "unit": "Angstrom", "basis": "3-21g", "charge": 0, "multiplicity": 1, "spin": 0, "geometry": "H 0.0000000000 0.0000000000 -0.7414000000\nH 0.0000000000 0.0000000000 1.4828000000", "n_qubits": 8, "n_particles": {"total": 2, "alpha": 1, "beta": 1}, "hf_array": [1, 1, 0, 0, 0, 0, 0, 0], "hf_method": "pyscf.scf.hf_symm.SymAdaptedRHF", "convergence_threshold": 1e-06, "point_group": {"groupname": "Dooh", "topgroup": "Dooh"}, "alpha": 3.0, "calculated_properties": {"HF": {"energy": -0.877317261712429, "converged": true}, "MP2": {"energy": -0.9367843483348698, "converged": null}, "CISD": {"energy": -1.0019491378915297, "converged": true}, "CCSD": {"energy": -1.0019491375216996, "converged": true, "t1_diagnostic": 0.041720871708315954}, "FCI": {"energy": -1.0019491378915288, "converged": true, "spin_matches_target": true, "multiplicity": 0.9999999999999993, "oscillatory_converged": false, "oscillation_energy_change": null}}, "auxiliary_operators": {"number_operator": {"IIIIIIII": 4.0, "ZIIIIIII": -0.5, "IZIIIIII": -0.5, "IIZIIIII": -0.5, "IIIZIIII": -0.5, "IIIIZIII": -0.5, "IIIIIZII": -0.5, "IIIIIIZI": -0.5, "IIIIIIIZ": -0.5}, "N_alpha": {"IIIIIIII": 2.0, "ZIIIIIII": -0.5, "IIZIIIII": -0.5, "IIIIZIII": -0.5, "IIIIIIZI": -0.5}, "N_beta": {"IIIIIIII": 2.0, "IZIIIIII": -0.5, "IIIZIIII": -0.5, "IIIIIZII": -0.5, "IIIIIIIZ": -0.5}, "S^2_operator": {"IIIIIIII": 1.5, "ZZIIIIII": -0.375, "IIIIZZII": -0.375, "IIIIIIZZ": -0.375, "IIZZIIII": -0.375, "ZIIZIIII": -0.125, "ZIZIIIII": 0.125, "IIIIXYXY": 0.125, "IIIIXYYX": -0.125, "IIIIYYXX": 0.125, "IIIIYYYY": 0.125, "IIIIXXXX": 0.125, "IIIIXXYY": 0.125, "IIIIYXXY": -0.125, "IIIIYXYX": 0.125, "IIXYIIXY": 0.125, "IIXYIIYX": -0.125, "ZIIIZIII": 0.125, "ZIIIIZII": -0.125, "ZIIIIIZI": 0.125, "ZIIIIIIZ": -0.125, "IIIIZIIZ": -0.125, "IIIIZIZI": 0.125, "IIIZIIIZ": 0.125, "IIIZIIZI": -0.125, "IIIZIZII": 0.125, "IIIZZIII": -0.125, "IIZIIIIZ": -0.125, "IIYYIIXX": 0.125, "IIZIIIZI": 0.125, "IIZIZIII": 0.125, "IZIIIIIZ": 0.125, "IZIIIIZI": -0.125, "IZIIIZII": 0.125, "IZIIZIII": -0.125, "IZIZIIII": 0.125, "IZZIIIII": -0.125, "IIZIIZII": -0.125, "IIYYIIYY": 0.125, "IIXXIIXX": 0.125, "IIXXIIYY": 0.125, "XYIIYXII": -0.125, "YYIIXXII": 0.125, "YYIIYYII": 0.125, "XXIIXXII": 0.125, "XXIIYYII": 0.125, "YXIIXYII": -0.125, "YXIIYXII": 0.125, "XYXYIIII": 0.125, "XYYXIIII": -0.125, "YYXXIIII": 0.125, "YYYYIIII": 0.125, "XXXXIIII": 0.125, "XXYYIIII": 0.125, "YXXYIIII": -0.125, "YXYXIIII": 0.125, "XYIIXYII": 0.125, "IIIIIZZI": -0.125, "YXIIIIYX": 0.125, "XXIIIIYY": 0.125, "IIYXIIXY": -0.125, "IIYXIIYX": 0.125, "IIXYXYII": 0.125, "IIXYYXII": -0.125, "IIYYXXII": 0.125, "IIYYYYII": 0.125, "IIXXXXII": 0.125, "IIXXYYII": 0.125, "IIYXXYII": -0.125, "IIYXYXII": 0.125, "XYIIIIXY": 0.125, "XYIIIIYX": -0.125, "YYIIIIXX": 0.125, "YYIIIIYY": 0.125, "XXIIIIXX": 0.125, "YXIIIIXY": -0.125, "IIIIIZIZ": 0.125}, "UCCSD_operator": {"XYXXIIII": -0.08055010278833827, "YYXYIIII": -0.08055010278833827, "XXXYIIII": 0.08055010278833827, "YXXXIIII": -0.08055010278833827, "XXYXIIII": 0.08055010278833827, "YYYXIIII": -0.08055010278833827, "YXYYIIII": 0.08055010278833827, "XYYYIIII": 0.08055010278833827, "YZZZXIII": 0.02950111972894872, "IYZZZXII": 0.02950111972894872, "XZZZYIII": -0.02950111972894872, "IXZZZYII": -0.02950111972894872, "YYIYZZXI": 0.0075156535194861205, "YXIYZZYI": -0.0075156535194861205, "XYIYZZYI": -0.0075156535194861205, "YXIXZZXI": 0.0075156535194861205, "XYIXZZXI": 0.0075156535194861205, "XXIXZZYI": -0.0075156535194861205, "YYIXZZYI": 0.0075156535194861205, "XXIYZZXI": -0.0075156535194861205, "YYXZZZZY": -0.0075156535194861205, "YYYZZZZX": -0.0075156535194861205, "YXYZZZZY": 0.0075156535194861205, "XXYZZZZX": 0.0075156535194861205, "YXXZZZZX": -0.0075156535194861205, "XYXZZZZX": -0.0075156535194861205, "XXXZZZZY": 0.0075156535194861205, "XYYZZZZY": 0.0075156535194861205, "YYIIIIYX": -0.0011295126276795906, "YXIIIIYY": 0.0011295126276795906, "YXIIIIXX": -0.0011295126276795906, "XYIIIIXX": -0.0011295126276795906, "XXIIIIYX": 0.0011295126276795906, "XXIIIIXY": 0.0011295126276795906, "XYIIIIYY": 0.0011295126276795906, "YYIIIIXY": -0.0011295126276795906, "XXIIYXII": 0.0006508307272026294, "YYIIYXII": -0.0006508307272026294, "YXIIYYII": 0.0006508307272026294, "YYIIXYII": -0.0006508307272026294, "YXIIXXII": -0.0006508307272026294, "XYIIXXII": -0.0006508307272026294, "XXIIXYII": 0.0006508307272026294, "XYIIYYII": 0.0006508307272026294}}, "hf_method_fallback": "standard", "generation_time_s": 3.078, "timestamp": "2026-03-10T21:10:11.390836+00:00", "formula_latex": "$\\mathrm{DH}$"}}