{"n_qubits": 5, "qubits": [1, 2, 3, 4, 5], "fci_energy": -1.1424932063606046, "hf_energy": -1.1190533809604088, "CS_SRE": [0.02418057001529314, 0.039547790826859136, 0.05220174141685295, 0.06949149474947934, 0.06976692541424982], "CS_energy": [-1.1243486842375525, -1.1306694078974089, -1.134216243162039, -1.1424551520044437, -1.1424932063606006], "overlaps": [0.995755268059115, 0.9930840951864596, 0.9908810830576065, 0.9878951944959363, 0.9878484383075254], "solver": "scipy", "data": {"molecule_id": "DH_singlet_Coov", "qubit_encoding": "JW", "unit": "Angstrom", "basis": "3-21g", "charge": 0, "multiplicity": 1, "spin": 0, "geometry": "H 0.0000000000 0.0000000000 0.0370700000\nH 0.0000000000 0.0000000000 0.7043300000", "n_qubits": 8, "n_particles": {"total": 2, "alpha": 1, "beta": 1}, "hf_array": [1, 1, 0, 0, 0, 0, 0, 0], "hf_method": "pyscf.scf.hf_symm.SymAdaptedRHF", "convergence_threshold": 1e-06, "point_group": {"groupname": "Dooh", "topgroup": "Dooh"}, "alpha": 0.9, "calculated_properties": {"HF": {"energy": -1.1190533809604088, "converged": true}, "MP2": {"energy": -1.1356945083671186, "converged": null}, "CISD": {"energy": -1.142493206359859, "converged": true}, "CCSD": {"energy": -1.1424932087981572, "converged": true, "t1_diagnostic": 0.002864485784559494}, "FCI": {"energy": -1.1424932063606046, "converged": true, "spin_matches_target": true, "multiplicity": 1.0, "oscillatory_converged": false, "oscillation_energy_change": null}}, "auxiliary_operators": {"number_operator": {"IIIIIIII": 4.0, "ZIIIIIII": -0.5, "IZIIIIII": -0.5, "IIZIIIII": -0.5, "IIIZIIII": -0.5, "IIIIZIII": -0.5, "IIIIIZII": -0.5, "IIIIIIZI": -0.5, "IIIIIIIZ": -0.5}, "N_alpha": {"IIIIIIII": 2.0, "ZIIIIIII": -0.5, "IIZIIIII": -0.5, "IIIIZIII": -0.5, "IIIIIIZI": -0.5}, "N_beta": {"IIIIIIII": 2.0, "IZIIIIII": -0.5, "IIIZIIII": -0.5, "IIIIIZII": -0.5, "IIIIIIIZ": -0.5}, "S^2_operator": {"IIIIIIII": 1.5, "ZZIIIIII": -0.375, "IIIIZZII": -0.375, "IIIIIIZZ": -0.375, "IIZZIIII": -0.375, "ZIIZIIII": -0.125, "ZIZIIIII": 0.125, "IIIIXYXY": 0.125, "IIIIXYYX": -0.125, "IIIIYYXX": 0.125, "IIIIYYYY": 0.125, "IIIIXXXX": 0.125, "IIIIXXYY": 0.125, "IIIIYXXY": -0.125, "IIIIYXYX": 0.125, "IIXYIIXY": 0.125, "IIXYIIYX": -0.125, "ZIIIZIII": 0.125, "ZIIIIZII": -0.125, "ZIIIIIZI": 0.125, "ZIIIIIIZ": -0.125, "IIIIZIIZ": -0.125, "IIIIZIZI": 0.125, "IIIZIIIZ": 0.125, "IIIZIIZI": -0.125, "IIIZIZII": 0.125, "IIIZZIII": -0.125, "IIZIIIIZ": -0.125, "IIYYIIXX": 0.125, "IIZIIIZI": 0.125, "IIZIZIII": 0.125, "IZIIIIIZ": 0.125, "IZIIIIZI": -0.125, "IZIIIZII": 0.125, "IZIIZIII": -0.125, "IZIZIIII": 0.125, "IZZIIIII": -0.125, "IIZIIZII": -0.125, "IIYYIIYY": 0.125, "IIXXIIXX": 0.125, "IIXXIIYY": 0.125, "XYIIYXII": -0.125, "YYIIXXII": 0.125, "YYIIYYII": 0.125, "XXIIXXII": 0.125, "XXIIYYII": 0.125, "YXIIXYII": -0.125, "YXIIYXII": 0.125, "XYXYIIII": 0.125, "XYYXIIII": -0.125, "YYXXIIII": 0.125, "YYYYIIII": 0.125, "XXXXIIII": 0.125, "XXYYIIII": 0.125, "YXXYIIII": -0.125, "YXYXIIII": 0.125, "XYIIXYII": 0.125, "IIIIIZZI": -0.125, "YXIIIIYX": 0.125, "XXIIIIYY": 0.125, "IIYXIIXY": -0.125, "IIYXIIYX": 0.125, "IIXYXYII": 0.125, "IIXYYXII": -0.125, "IIYYXXII": 0.125, "IIYYYYII": 0.125, "IIXXXXII": 0.125, "IIXXYYII": 0.125, "IIYXXYII": -0.125, "IIYXYXII": 0.125, "XYIIIIXY": 0.125, "XYIIIIYX": -0.125, "YYIIIIXX": 0.125, "YYIIIIYY": 0.125, "XXIIIIXX": 0.125, "YXIIIIXY": -0.125, "IIIIIZIZ": 0.125}, "UCCSD_operator": {"XXXYIIII": 0.0088124063353496, "YYXYIIII": -0.0088124063353496, "XYXXIIII": -0.0088124063353496, "YXXXIIII": -0.0088124063353496, "XYYYIIII": 0.0088124063353496, "YXYYIIII": 0.0088124063353496, "YYYXIIII": -0.0088124063353496, "XXYXIIII": 0.0088124063353496, "XXIIYXII": 0.006444607591960456, "YYIIYXII": -0.006444607591960456, "YXIIYYII": 0.006444607591960456, "XYIIYYII": 0.006444607591960456, "YXIIXXII": -0.006444607591960456, "YYIIXYII": -0.006444607591960456, "XXIIXYII": 0.006444607591960456, "XYIIXXII": -0.006444607591960456, "XYIYZZYI": 0.0049934483560746075, "YXIXZZXI": -0.0049934483560746075, "XYIXZZXI": -0.0049934483560746075, "XXIXZZYI": 0.0049934483560746075, "YYIXZZYI": -0.0049934483560746075, "XXXZZZZY": -0.0049934483560746075, "XXYZZZZX": -0.0049934483560746075, "YYYZZZZX": 0.0049934483560746075, "YXYZZZZY": -0.0049934483560746075, "YXIYZZYI": 0.0049934483560746075, "XYYZZZZY": -0.0049934483560746075, "YXXZZZZX": 0.0049934483560746075, "XYXZZZZX": 0.0049934483560746075, "YYXZZZZY": 0.0049934483560746075, "XXIYZZXI": 0.0049934483560746075, "YYIYZZXI": -0.0049934483560746075, "XXIIIIXY": 0.004759924506130411, "XYIIIIXX": -0.004759924506130411, "YXIIIIXX": -0.004759924506130411, "XYIIIIYY": 0.004759924506130411, "YXIIIIYY": 0.004759924506130411, "XXIIIIYX": 0.004759924506130411, "YYIIIIXY": -0.004759924506130411, "YYIIIIYX": -0.004759924506130411, "IXZZZYII": -0.0020254507921503616, "IYZZZXII": 0.0020254507921503616, "XZZZYIII": -0.0020254507921503616, "YZZZXIII": 0.0020254507921503616}}, "hf_method_fallback": "standard", "generation_time_s": 2.552, "timestamp": "2026-03-10T21:10:13.948524+00:00", "formula_latex": "$\\mathrm{DH}$"}}