{"n_qubits": 5, "qubits": [1, 2, 3, 4, 5], "fci_energy": -1.124551192869082, "hf_energy": -1.102465308136657, "CS_SRE": [0.016605674035796457, 0.03392217922864543, 0.039390541195480674, 0.059343500578857296, 0.059402196831192765], "CS_energy": [-1.1064080531628313, -1.1133128750858365, -1.11832467087229, -1.1245384248654116, -1.1245511928693237], "overlaps": [0.9970970118597463, 0.9940766885148851, 0.9931370376579945, 0.9896789483061933, 0.9896691922195092], "solver": "scipy", "data": {"molecule_id": "DH_singlet_Coov", "qubit_encoding": "JW", "unit": "Angstrom", "basis": "3-21g", "charge": 0, "multiplicity": 1, "spin": 0, "geometry": "H 0.0000000000 0.0000000000 0.0741400000\nH 0.0000000000 0.0000000000 0.6672600000", "n_qubits": 8, "n_particles": {"total": 2, "alpha": 1, "beta": 1}, "hf_array": [1, 1, 0, 0, 0, 0, 0, 0], "hf_method": "pyscf.scf.hf_symm.SymAdaptedRHF", "convergence_threshold": 1e-06, "point_group": {"groupname": "Dooh", "topgroup": "Dooh"}, "alpha": 0.8, "calculated_properties": {"HF": {"energy": -1.102465308136657, "converged": true}, "MP2": {"energy": -1.1184168668634784, "converged": null}, "CISD": {"energy": -1.12455119286932, "converged": true}, "CCSD": {"energy": -1.1245511662624754, "converged": true, "t1_diagnostic": 0.0016658122629703862}, "FCI": {"energy": -1.124551192869082, "converged": true, "spin_matches_target": true, "multiplicity": 1.0, "oscillatory_converged": false, "oscillation_energy_change": null}}, "auxiliary_operators": {"number_operator": {"IIIIIIII": 4.0, "ZIIIIIII": -0.5, "IZIIIIII": -0.5, "IIZIIIII": -0.5, "IIIZIIII": -0.5, "IIIIZIII": -0.5, "IIIIIZII": -0.5, "IIIIIIZI": -0.5, "IIIIIIIZ": -0.5}, "N_alpha": {"IIIIIIII": 2.0, "ZIIIIIII": -0.5, "IIZIIIII": -0.5, "IIIIZIII": -0.5, "IIIIIIZI": -0.5}, "N_beta": {"IIIIIIII": 2.0, "IZIIIIII": -0.5, "IIIZIIII": -0.5, "IIIIIZII": -0.5, "IIIIIIIZ": -0.5}, "S^2_operator": {"IIIIIIII": 1.5, "ZZIIIIII": -0.375, "IIIIZZII": -0.375, "IIIIIIZZ": -0.375, "IIZZIIII": -0.375, "ZIIZIIII": -0.125, "ZIZIIIII": 0.125, "IIIIXYXY": 0.125, "IIIIXYYX": -0.125, "IIIIYYXX": 0.125, "IIIIYYYY": 0.125, "IIIIXXXX": 0.125, "IIIIXXYY": 0.125, "IIIIYXXY": -0.125, "IIIIYXYX": 0.125, "IIXYIIXY": 0.125, "IIXYIIYX": -0.125, "ZIIIZIII": 0.125, "ZIIIIZII": -0.125, "ZIIIIIZI": 0.125, "ZIIIIIIZ": -0.125, "IIIIZIIZ": -0.125, "IIIIZIZI": 0.125, "IIIZIIIZ": 0.125, "IIIZIIZI": -0.125, "IIIZIZII": 0.125, "IIIZZIII": -0.125, "IIZIIIIZ": -0.125, "IIYYIIXX": 0.125, "IIZIIIZI": 0.125, "IIZIZIII": 0.125, "IZIIIIIZ": 0.125, "IZIIIIZI": -0.125, "IZIIIZII": 0.125, "IZIIZIII": -0.125, "IZIZIIII": 0.125, "IZZIIIII": -0.125, "IIZIIZII": -0.125, "IIYYIIYY": 0.125, "IIXXIIXX": 0.125, "IIXXIIYY": 0.125, "XYIIYXII": -0.125, "YYIIXXII": 0.125, "YYIIYYII": 0.125, "XXIIXXII": 0.125, "XXIIYYII": 0.125, "YXIIXYII": -0.125, "YXIIYXII": 0.125, "XYXYIIII": 0.125, "XYYXIIII": -0.125, "YYXXIIII": 0.125, "YYYYIIII": 0.125, "XXXXIIII": 0.125, "XXYYIIII": 0.125, "YXXYIIII": -0.125, "YXYXIIII": 0.125, "XYIIXYII": 0.125, "IIIIIZZI": -0.125, "YXIIIIYX": 0.125, "XXIIIIYY": 0.125, "IIYXIIXY": -0.125, "IIYXIIYX": 0.125, "IIXYXYII": 0.125, "IIXYYXII": -0.125, "IIYYXXII": 0.125, "IIYYYYII": 0.125, "IIXXXXII": 0.125, "IIXXYYII": 0.125, "IIYXXYII": -0.125, "IIYXYXII": 0.125, "XYIIIIXY": 0.125, "XYIIIIYX": -0.125, "YYIIIIXX": 0.125, "YYIIIIYY": 0.125, "XXIIIIXX": 0.125, "YXIIIIXY": -0.125, "IIIIIZIZ": 0.125}, "UCCSD_operator": {"YXXXIIII": -0.007291302295641497, "XXXYIIII": 0.007291302295641497, "XYXXIIII": -0.007291302295641497, "XYYYIIII": 0.007291302295641497, "YXYYIIII": 0.007291302295641497, "YYXYIIII": -0.007291302295641497, "XXYXIIII": 0.007291302295641497, "YYYXIIII": -0.007291302295641497, "XYIIYYII": 0.006845460928505893, "YXIIXXII": -0.006845460928505893, "XYIIXXII": -0.006845460928505893, "XXIIXYII": 0.006845460928505893, "YXIIYYII": 0.006845460928505893, "YYIIYXII": -0.006845460928505893, "XXIIYXII": 0.006845460928505893, "YYIIXYII": -0.006845460928505893, "YYIIIIXY": -0.004721862827108592, "XXIIIIYX": 0.004721862827108592, "XXIIIIXY": 0.004721862827108592, "XYIIIIXX": -0.004721862827108592, "YXIIIIXX": -0.004721862827108592, "YXIIIIYY": 0.004721862827108592, "YYIIIIYX": -0.004721862827108592, "XYIIIIYY": 0.004721862827108592, "XXIXZZYI": 0.004506666171200071, "YYIXZZYI": -0.004506666171200071, "XXYZZZZX": -0.004506666171200071, "YYYZZZZX": 0.004506666171200071, "YXYZZZZY": -0.004506666171200071, "XYYZZZZY": -0.004506666171200071, "XYIXZZXI": -0.004506666171200071, "XYXZZZZX": 0.004506666171200071, "YXXZZZZX": 0.004506666171200071, "XXXZZZZY": -0.004506666171200071, "XYIYZZYI": 0.004506666171200071, "YXIXZZXI": -0.004506666171200071, "YYIYZZXI": -0.004506666171200071, "XXIYZZXI": 0.004506666171200071, "YYXZZZZY": 0.004506666171200071, "YXIYZZYI": 0.004506666171200071, "IXZZZYII": -0.0011778363097993065, "IYZZZXII": 0.0011778363097993065, "XZZZYIII": -0.0011778363097993065, "YZZZXIII": 0.0011778363097993065}}, "hf_method_fallback": "standard", "generation_time_s": 4.325, "timestamp": "2026-03-10T21:10:18.317858+00:00", "formula_latex": "$\\mathrm{DH}$"}}